-- phpMyAdmin SQL Dump
-- version 4.7.7
-- https://www.phpmyadmin.net/
--
-- Servidor: localhost:3306
-- Tiempo de generación: 24-09-2018 a las 08:48:08
-- Versión del servidor: 5.6.40
-- Versión de PHP: 5.6.30

SET SQL_MODE = "NO_AUTO_VALUE_ON_ZERO";
SET AUTOCOMMIT = 0;
START TRANSACTION;
SET time_zone = "+00:00";


/*!40101 SET @OLD_CHARACTER_SET_CLIENT=@@CHARACTER_SET_CLIENT */;
/*!40101 SET @OLD_CHARACTER_SET_RESULTS=@@CHARACTER_SET_RESULTS */;
/*!40101 SET @OLD_COLLATION_CONNECTION=@@COLLATION_CONNECTION */;
/*!40101 SET NAMES utf8mb4 */;

--
-- Base de datos: `factoco_extranet_patest`
--

-- --------------------------------------------------------

--
-- Estructura de tabla para la tabla `categories`
--

CREATE TABLE `categories` (
  `code` int(11) NOT NULL,
  `name` varchar(128) COLLATE utf8_spanish_ci NOT NULL,
  `description` varchar(256) COLLATE utf8_spanish_ci NOT NULL
) ENGINE=InnoDB DEFAULT CHARSET=utf8 COLLATE=utf8_spanish_ci;

-- --------------------------------------------------------

--
-- Estructura de tabla para la tabla `device_types`
--

CREATE TABLE `device_types` (
  `id` int(11) NOT NULL,
  `name` varchar(50) COLLATE utf8_spanish_ci NOT NULL,
  `active` tinyint(1) NOT NULL
) ENGINE=InnoDB DEFAULT CHARSET=utf8 COLLATE=utf8_spanish_ci;

--
-- Volcado de datos para la tabla `device_types`
--

INSERT INTO `device_types` (`id`, `name`, `active`) VALUES
(1, 'Impresora fiscal', 1),
(2, 'Caja registradora', 1);

-- --------------------------------------------------------

--
-- Estructura de tabla para la tabla `dsi_software_houses`
--

CREATE TABLE `dsi_software_houses` (
  `id` int(11) NOT NULL,
  `name` varchar(50) COLLATE utf8_spanish_ci DEFAULT NULL,
  `ruta` varchar(500) COLLATE utf8_spanish_ci NOT NULL,
  `orden` int(11) NOT NULL,
  `link` varchar(500) COLLATE utf8_spanish_ci DEFAULT NULL,
  `active` int(11) NOT NULL,
  `info` varchar(5000) COLLATE utf8_spanish_ci DEFAULT NULL,
  `language` varchar(2) COLLATE utf8_spanish_ci NOT NULL
) ENGINE=InnoDB DEFAULT CHARSET=utf8 COLLATE=utf8_spanish_ci;

--
-- Volcado de datos para la tabla `dsi_software_houses`
--

INSERT INTO `dsi_software_houses` (`id`, `name`, `ruta`, `orden`, `link`, `active`, `info`, `language`) VALUES
(39, 'nombres', 'nombres.png', 1, 'link', 1, 'informacion de ejemplo de la casa de software informacion de ejemplo de la casa de software informacion de ejemplo de la casa de softwareinformacion de ejemplo de la casa de software informacion de ejemplo de la casa de software informacion de ejemplo de la casa de software.', 'es'),
(41, 'bixolon', 'bixolon.png', 1, 'links/links', 1, 'informacion de ejemplo de la casa de software informacion de ejemplo de la casa de software informacion de ejemplo de la casa de softwareinformacion de ejemplo de la casa de software informacion de ejemplo de la casa de software informacion de ejemplo de la casa de software.', 'es'),
(42, 'tally dascom', 'dascom.png', 1, 'website', 1, 'tres informacion de ejemplo de la casa de software', 'es'),
(44, 'nombre', 'star.png', 1, 'web site.com', 1, 'info de ejemplos', 'es'),
(46, 'tfhka', 'tfhka.jpg', 1, 'www.thefactoryhka.com/ve', 1, 'Prueba-Edicion', 'ES'),
(48, 'infotrans', 'infotrans.png', 1, '|', 9, 'www', 'es'),
(49, 'Prueba2', 'Prueba.jpg', 1, '', 9, 'Es una prueba2', 'es'),
(50, 'Casa 1', 'Casa 1.jpg', 1, 'www.site.com', 1, 'informacion general', 'es'),
(51, 'pruebafre', 'pruebafre.jpg', 1, 'prueba', 1, 'prueba freddy', 'es'),
(52, 'freddyprueba', 'freddyprueba.jpg', 1, 'prueba', 1, 'prueba', 'es'),
(53, 'jose', 'jose.jpg', 1, 'prueba', 1, 'prueba', 'es'),
(54, '%&', '%&.jpg', 1, 'prueba', 1, 'prueba', 'es'),
(55, '[]*¨¡?', '[]*¨¡?.jpg', 1, 'prueba', 9, 'prueba', 'es'),
(56, '12345', '12345.jpg', 1, ')=?=)=¡)?(?=)][¨*¨*¨P', 1, 'prueba', 'es'),
(57, 'fredd', 'fredd.jpg', 1, 'ERE', 1, 'RTT', 'es'),
(58, 'uiooi', 'uiooi.jpg', 1, 'rtyrtyrty', 9, 'tytyyrt', 'es'),
(59, 'dfdfdf', 'dfdfdf.jpg', 1, 'ererer', 9, 'eererer', 'es');

-- --------------------------------------------------------

--
-- Estructura de tabla para la tabla `files`
--

CREATE TABLE `files` (
  `id` int(10) UNSIGNED NOT NULL,
  `active` int(11) NOT NULL,
  `name` tinytext COLLATE utf8_spanish_ci NOT NULL,
  `path` tinytext COLLATE utf8_spanish_ci NOT NULL,
  `subPath` varchar(500) CHARACTER SET utf8 DEFAULT NULL,
  `version` tinytext COLLATE utf8_spanish_ci,
  `language` varchar(2) COLLATE utf8_spanish_ci NOT NULL,
  `pathTypeFile` int(10) UNSIGNED NOT NULL,
  `category` int(11) NOT NULL,
  `created` varchar(300) COLLATE utf8_spanish_ci DEFAULT NULL,
  `modified` date DEFAULT NULL,
  `typefile` varchar(200) COLLATE utf8_spanish_ci NOT NULL,
  `productos` varchar(500) CHARACTER SET utf8 DEFAULT NULL,
  `publicSitePa` int(11) DEFAULT NULL
) ENGINE=InnoDB DEFAULT CHARSET=utf8 COLLATE=utf8_spanish_ci;

--
-- Volcado de datos para la tabla `files`
--

INSERT INTO `files` (`id`, `active`, `name`, `path`, `subPath`, `version`, `language`, `pathTypeFile`, `category`, `created`, `modified`, `typefile`, `productos`, `publicSitePa`) VALUES
(759, 1, 'Manual de Usuario CRD81FJ', '/downloads/Manual_de_Usuario_CRD81FJ_V1-3.pdf', '', '1.0.3', 'es', 4, 15, '15:28:49 , 2016-02-19', NULL, 'application/pdf', '', 1),
(761, 1, 'Resolución', '/downloads/Autorizacion PTY_DGI_CRD81FJ.pdf', '', '1', 'es', 4, 15, '16:19:20 , 2016-02-19', NULL, 'application/pdf', '', 0),
(762, 1, 'Driver Prolific Win7/8/10', '/downloads/PL2303 V-3.2.0.0.zip', '', 'V3.2.0.0', 'es', 0, 15, '16:46:50 , 2016-02-19', NULL, 'application/octet-stream', '', 1),
(763, 1, 'Resolucion', '/downloads/Autorizacion PTY_DGI_SRP350.pdf', '', 'V1.0.0', 'es', 4, 15, '09:26:36 , 2016-02-22', NULL, 'application/pdf', '', 0),
(764, 1, 'Resolucion', '/downloads/Autorizacion PTY_DGI_HSP7000.pdf', '', 'V1.0.0', 'es', 4, 15, '09:28:09 , 2016-02-22', NULL, 'application/pdf', '', 0),
(765, 1, 'Resolucion', '/downloads/Autorizacion PTY_DGI_TD1125.pdf', '', 'V1.0.0', 'es', 4, 15, '09:29:17 , 2016-02-22', NULL, 'application/pdf', '', 0),
(766, 1, 'Aclas Manager 64 Bits Beta', '/downloads/Aclas Manager Panama 64 bits Beta v2.0.5.0.rar', '', 'V2.0.5.0', 'es', 17, 15, '09:47:12 , 2016-02-22', NULL, '', '', 0),
(769, 1, 'Manual de usuario SRP-350', '/downloads/MANUAL DE USUARIO SRP-350.pdf', '', '2.0', 'es', 4, 15, '10:28:21 , 2016-07-22', NULL, 'application/pdf', '', 1),
(770, 1, 'Manual de Usuario STAR HSP7000', '/downloads/MANUAL USUARIO HSP7000.pdf', '', '2.0', 'es', 4, 15, '10:12:05 , 2016-07-26', NULL, 'application/pdf', '', 1),
(771, 1, 'Manual de usuario Tally 1125 ', '/downloads/MANUAL DE USUARIO TALLY 1125.pdf', '', '2.0', 'es', 4, 15, '10:15:11 , 2016-07-26', NULL, 'application/pdf', '', 1),
(772, 1, 'Fiscalizador', '/downloads/Fiscalizador The Factory HKA - Panamá V-1.0.0.13.rar', '', 'V-1.0.0.13', 'es', 17, 15, '12:09:36 , 2016-08-02', NULL, 'application/octet-stream', '', 0),
(773, 1, 'prueba', '/downloads/OPE_20170130T1625386.xml', NULL, '1.0', 'es', 4, 15, '15:27:51 , 2017-03-15', NULL, 'text/xml', NULL, 0),
(774, 1, 'dfdfds', '/downloads/OPE_20170113T152919.xml', NULL, 'fdsfds', 'es', 4, 15, '15:51:12 , 2017-03-15', NULL, 'text/xml', NULL, 1),
(775, 1, 'jtyuytu', '/downloads/OPE_20170130T135408.xml', NULL, 'yuty', 'es', 4, 15, '15:51:55 , 2017-03-15', NULL, 'text/xml', NULL, 0),
(776, 1, '¡?()=)&/$%&#\"&&/[]*{}+', '/downloads/GraffitiCreator1.png', NULL, '5', 'es', 1, 15, '14:51:31 , 2017-08-03', NULL, 'image/png', NULL, 0),
(777, 1, 'fre', '/downloads/GraffitiCreator2.png', NULL, 'fre4', 'es', 23, 15, '14:52:26 , 2017-08-03', NULL, 'image/png', NULL, 0),
(778, 1, 'fre', '/downloads/tatuaje letras.pdf', NULL, 'fre 2', 'es', 23, 15, '14:53:41 , 2017-08-03', NULL, 'application/pdf', NULL, 0),
(779, 1, 'Gshot', '/downloads/G-Shot507-ENG.pdf', NULL, '1P', 'es', 4, 15, '15:25:03 , 2017-08-04', NULL, 'application/pdf', NULL, 0);

-- --------------------------------------------------------

--
-- Estructura de tabla para la tabla `files_document`
--

CREATE TABLE `files_document` (
  `id` int(10) UNSIGNED NOT NULL,
  `type` varchar(200) COLLATE ucs2_spanish_ci NOT NULL,
  `estatus` int(11) NOT NULL,
  `size` varchar(11) COLLATE ucs2_spanish_ci NOT NULL,
  `name` tinytext CHARACTER SET utf8 NOT NULL,
  `description` varchar(500) COLLATE ucs2_spanish_ci NOT NULL,
  `path` tinytext CHARACTER SET utf8 NOT NULL,
  `version` tinytext CHARACTER SET utf8,
  `language` varchar(2) CHARACTER SET utf8 NOT NULL,
  `date_publishing` varchar(500) COLLATE ucs2_spanish_ci NOT NULL,
  `pathTypeFile` varchar(100) CHARACTER SET utf8 COLLATE utf8_bin NOT NULL
) ENGINE=InnoDB DEFAULT CHARSET=ucs2 COLLATE=ucs2_spanish_ci;

--
-- Volcado de datos para la tabla `files_document`
--

INSERT INTO `files_document` (`id`, `type`, `estatus`, `size`, `name`, `description`, `path`, `version`, `language`, `date_publishing`, `pathTypeFile`) VALUES
(42, 'application/x-zip-compressed', 1, '19541 Bytes', 'PRUEBA DE ARCHIVO.ZIP', 'Prueba de archivo comprimido', '/downloads/prueba de archivo.zip', '1.0', 'es', '11:05:55 , 2015-10-28', 'images/pdf-download.jpg'),
(43, 'application/x-zip-compressed', 1, '19801 Bytes', 'ARCHIVO CODIGO 3.ZIP', 'Prueba numero 3 archivos', '/downloads/archivo codigo 3.zip', '2.0', 'es', '11:15:51 , 2015-10-28', 'images/pdf-download.jpg'),
(44, 'application/x-zip-compressed', 1, '9151 Bytes', 'INTERROGACION.ZIP', 'Prueba de archivo numero cuatro 4', '/downloads/interrogacion.zip', '1.2', 'es', '11:25:35 , 2015-10-28', 'images/pdf-download.jpg');

-- --------------------------------------------------------

--
-- Estructura de tabla para la tabla `files_types`
--

CREATE TABLE `files_types` (
  `id` int(10) NOT NULL,
  `name` tinytext COLLATE utf8_spanish_ci NOT NULL,
  `description` mediumtext COLLATE utf8_spanish_ci NOT NULL,
  `language` varchar(2) COLLATE utf8_spanish_ci NOT NULL
) ENGINE=InnoDB DEFAULT CHARSET=utf8 COLLATE=utf8_spanish_ci;

--
-- Volcado de datos para la tabla `files_types`
--

INSERT INTO `files_types` (`id`, `name`, `description`, `language`) VALUES
(1, 'Firmware', '/images/pdf-download.jpg', 'en'),
(4, 'Documentacion Técnica', '/images/ies2.png', 'en'),
(11, 'Pack de Integración', '/images/pdf-download.jpg', 'es'),
(17, 'Software', '/images/pdf-download.jpg', 'es'),
(23, 'Otros', '/images/pdf-download.jpg', 'es'),
(24, 'Drivers', '/images/pdf-download.jpg', 'es');

-- --------------------------------------------------------

--
-- Estructura de tabla para la tabla `final_clients`
--

CREATE TABLE `final_clients` (
  `id` int(11) NOT NULL,
  `ruc` varchar(20) COLLATE utf8_spanish_ci NOT NULL,
  `dv` int(2) DEFAULT NULL,
  `name` varchar(200) COLLATE utf8_spanish_ci NOT NULL,
  `social_reason` varchar(100) COLLATE utf8_spanish_ci NOT NULL,
  `phone` varchar(13) COLLATE utf8_spanish_ci DEFAULT NULL,
  `address` text COLLATE utf8_spanish_ci NOT NULL,
  `created` datetime DEFAULT NULL,
  `modified` datetime DEFAULT NULL,
  `active` tinyint(1) NOT NULL
) ENGINE=InnoDB DEFAULT CHARSET=utf8 COLLATE=utf8_spanish_ci;

--
-- Volcado de datos para la tabla `final_clients`
--

INSERT INTO `final_clients` (`id`, `ruc`, `dv`, `name`, `social_reason`, `phone`, `address`, `created`, `modified`, `active`) VALUES
(38, '154255114-54', NULL, 'prueba', 'prueba', NULL, 'prueba', '2016-04-18 09:04:08', '2016-04-18 09:04:08', 1),
(39, '1693288-1-685048', NULL, 'Razon social de proeba', 'Razon social de proeba', NULL, 'la direccion de prueba al lado del local azuel  frente a la casa roja', '2016-04-27 06:04:24', '2016-04-27 06:04:24', 1),
(40, '1693288-1-685048', NULL, 'Cliente de prueba con razon social larga', 'Cliente de prueba con razon social larga', NULL, 'esta es una direccion de prueba larga con muchos caracteres', '2016-04-27 06:04:58', '2016-04-27 06:04:58', 1),
(41, '155596713-2-2015', NULL, 'asdasdasdasdasdasdsa', 'asdasdasdasdasdasdsa', NULL, 'asdasdasdasasd', '2016-05-08 03:05:03', '2016-05-08 03:05:03', 1),
(42, '1982608-1-737281', NULL, 'PRUEBA', 'PRUEBA', NULL, 'prueba', '2016-06-23 10:06:39', '2016-06-23 10:06:39', 1),
(43, '17383-123-163511', NULL, 'prueba2', 'prueba2', NULL, 'sfdefegfegrg', '2016-06-23 10:06:29', '2016-06-23 10:06:29', 1),
(44, '2662228-1-842311', NULL, 'GENERAL SUPPLY SA', 'GENERAL SUPPLY SA', NULL, 'la cabima, san lorenzo calle principal local 7-8', '2016-07-05 04:07:00', '2016-07-05 04:07:00', 1),
(45, '155618829-2-2015', NULL, 'CENTRO DE INFORMATICA PANAYS SA SIGLAS CIPSA', 'CENTRO DE INFORMATICA PANAYS SA SIGLAS CIPSA', NULL, 'herrera, chitre corregimiento san juan bautista, calle meliton martin', '2016-07-06 11:07:54', '2016-07-06 11:07:54', 1),
(46, '155596660-2-2015', NULL, 'SOLUTIONS 2 GO INTERNATIONAL INC', 'SOLUTIONS 2 GO INTERNATIONAL INC', NULL, 'via transistmica, edificio sony, piso 2', '2016-07-06 03:07:22', '2016-07-06 03:07:22', 1),
(47, '2222473-1-37303', NULL, 'CT PROPERTY CONSULTING', 'CT PROPERTY CONSULTING', NULL, 'galeria balboa, apto 40, bella vista', '2016-07-06 03:07:32', '2016-07-06 03:07:32', 1),
(48, '155625931-2-2016', NULL, 'DUA INVESTMENTS SA', 'DUA INVESTMENTS SA', NULL, 'plaza altos de panama, local 10, condado del rey', '2016-07-06 03:07:54', '2016-07-06 03:07:54', 1),
(49, '155612693-2-2015', NULL, 'SEA PLANES PANAMA SA', 'SEA PLANES PANAMA SA', NULL, 'urb. aeropuerto enrique malex, calle san cristobal, edif2, hangar 2, david', '2016-07-06 03:07:13', '2016-07-06 03:07:13', 1),
(50, 'PE-15-395', NULL, 'VIVIANA FRANCHESCA MARCANO RAMIREZ', 'VIVIANA FRANCHESCA MARCANO RAMIREZ', NULL, 'costa hermosa, estacion delta/costa del este, estacion delta', '2016-07-06 03:07:09', '2016-07-06 03:07:09', 1),
(51, 'PE-15-395', NULL, 'VIVIANA FRANCHESCA MARCANO RAMIREZ', 'VIVIANA FRANCHESCA MARCANO RAMIREZ', NULL, 'costa hermosa, estacion delta/costa del este, estacion delta', '2016-07-06 03:07:03', '2016-07-06 03:07:03', 1),
(52, '155622643-2-2016', NULL, 'RR FITNESS ENTERPRISES INC', 'RR FITNESS ENTERPRISES INC', NULL, 'ph centennial mall, planta baja, local 5', '2016-07-06 03:07:06', '2016-07-06 03:07:06', 1),
(53, '2519655-1-821606', NULL, 'ROSADANI OIL SA', 'ROSADANI OIL SA', NULL, 'edificio magna corp, c/. 56 este y manuel maria icaza, oficina mez.2', '2016-07-06 03:07:24', '2016-07-06 03:07:24', 1),
(54, '155618060-2-2015', NULL, 'TRANS LINE S A', 'TRANS LINE S A', NULL, 'ciudad de panama', '2016-07-12 03:07:46', '2016-07-12 03:07:46', 1),
(55, '4-739-207', NULL, 'AGUSTIN JOSUE RUDAS CANO', 'AGUSTIN JOSUE RUDAS CANO', NULL, 'bella vista, la cresta', '2016-07-12 03:07:33', '2016-07-12 03:07:33', 1),
(56, '155589010-2-2014', NULL, 'PREMIUM SOLUTIONS SA', 'PREMIUM SOLUTIONS SA', NULL, 'bella vista, urb. el carmen, manuel espinosa', '2016-07-12 03:07:13', '2016-07-12 03:07:13', 1),
(57, '1522149-1-651844', NULL, 'ROR SERVICES SA', 'ROR SERVICES SA', NULL, 'ciudad de panama, panama', '2016-07-12 03:07:28', '2016-07-12 03:07:28', 1),
(58, '1825706-1-709732', NULL, 'APCON CONSULTING SA', 'APCON CONSULTING SA', NULL, 'via espaÑa, panama', '2016-07-12 03:07:43', '2016-07-12 03:07:43', 1),
(59, '640063-1-457927', NULL, 'PANA PARKING', 'PANA PARKING', NULL, 'albrook mall', '2016-07-12 03:07:53', '2016-07-12 03:07:53', 1),
(60, '640063-1-457927', NULL, 'PANA PARKING', 'PANA PARKING', NULL, 'albrook mall', '2016-07-12 03:07:41', '2016-07-12 03:07:41', 1),
(61, '640063-1-457927', NULL, 'PANA PARKING', 'PANA PARKING', NULL, 'albrook mall', '2016-07-12 03:07:12', '2016-07-12 03:07:12', 1),
(62, '640063-1-457927', NULL, 'PANA PARKING', 'PANA PARKING', NULL, 'albrook mall', '2016-07-12 03:07:59', '2016-07-12 03:07:59', 1),
(63, '8-779-460', NULL, 'LEONARD ANIBAL GOMEZ CORRALES', 'LEONARD ANIBAL GOMEZ CORRALES', NULL, 'ciudad de panama, panama', '2016-07-12 03:07:58', '2016-07-12 03:07:58', 1),
(64, '1622680-1-670543', NULL, 'SMART DIGITAL TECHNOLOGIES CORP', 'SMART DIGITAL TECHNOLOGIES CORP', NULL, 'condado del rey panama', '2016-07-12 03:07:11', '2016-07-12 03:07:11', 1),
(65, '1409842-1-629646', 87, 'TAS PANAMA SA', 'TAS PANAMA SA', '', 'el dorado, altos del chase', '2016-07-12 04:07:08', '2016-07-12 04:07:08', 1),
(66, '8-429-574', 0, 'REPUESTOS Y SERVICIOS UNIVERSALES', 'REPUESTOS Y SERVICIOS UNIVERSALES', '67865111', 'ciudad de panama, panama', '2016-07-13 09:07:54', '2016-07-13 09:07:54', 1),
(67, '2603632-1-834263', 98, 'COMERCIALIZADORA 3000 SA', 'COMERCIALIZADORA 3000 SA', '', 'via israel,  san francisco, panama', '2016-07-13 09:07:28', '2016-07-13 09:07:28', 1),
(68, '155624614-2-2016', 91, 'EUROLIENS SA', 'EUROLIENS SA', '', 'via espaÑa, via argentina', '2016-07-13 09:07:03', '2016-07-13 09:07:03', 1),
(69, '1409842-1-629646', 87, 'TAS PANAMA SA', 'TAS PANAMA SA', '', 'tumba muerto, panama', '2016-07-13 09:07:08', '2016-07-13 09:07:08', 1),
(70, '138-289-35920', 4, 'GEO F NOVEY INC', 'GEO F NOVEY INC', '', 'ave. central, panama', '2016-07-13 09:07:06', '2016-07-13 09:07:06', 1),
(77, '804270-1-495976', 78, 'GRUPO TECNICO MODERNO SA', 'GRUPO TECNICO MODERNO SA', '4332808', 'calle 13 ave. justo arosemena', '2016-07-13 11:07:13', '2016-07-13 11:07:13', 1),
(78, '2004595-1-740828', 65, 'TELESISTEMES PANAMA SA', 'TELESISTEMES PANAMA SA', '2692620', 'bella vista, urb. marbella, calle 53 este, mmg tower', '2016-07-13 12:07:57', '2016-07-13 12:07:57', 1),
(79, '155630081-2-2016', 50, 'DECOVENTANAS PLUS SA', 'DECOVENTANAS PLUS SA', '66111528', 'la villa de los santos', '2016-07-13 02:07:46', '2016-07-13 02:07:46', 1),
(80, '2441796-1-810951', 17, 'GENERACION Z SA', 'GENERACION Z SA', '2826107', 'san francisco punta pacifica, ph plaza oceania torre 1000 local20', '2016-07-14 09:07:35', '2016-07-14 09:07:35', 1),
(81, '8-731-2072', 27, 'ADOLFO GONGORA LOPEZ', 'ADOLFO GONGORA LOPEZ', '', 'san felipe, el mercado de los mariscos, calle principal', '2016-07-15 10:07:53', '2016-07-15 10:07:53', 1),
(82, '155625753-2-2016', 60, 'PANAMERICANA DE TECHOS S A', 'PANAMERICANA DE TECHOS S A', '', 'ciudad de panama, panama', '2016-07-15 10:07:14', '2016-07-15 10:07:14', 1),
(83, '693864-1-1196', 93, 'CONSTRUTORA NORBERTO ODEBRECHT S A', 'CONSTRUTORA NORBERTO ODEBRECHT S A', '', 'ciudad de panama, panama', '2016-07-15 10:07:25', '2016-07-15 10:07:25', 1),
(84, '2035139-1-1907', 21, 'THALES COMMUNICATIONS SECURITY  S A S', 'THALES COMMUNICATIONS SECURITY  S A S', '', 'ciudad de panama, panama', '2016-07-15 10:07:38', '2016-07-15 10:07:38', 1),
(85, '824039-1-500572', 8, 'SOLTON GROUP CORP', 'SOLTON GROUP CORP', '', 'edif. office one, obarrio, panama', '2016-07-15 05:07:54', '2016-07-15 05:07:54', 1),
(86, '155612044-2-2015', 33, 'MAJORITAS PANAMA S A', 'MAJORITAS PANAMA S A', '3889830', 'calle 4ta parque lefevre oficina 72', '2016-07-18 11:07:54', '2016-07-18 11:07:54', 1),
(87, '155622968-2-2016', 56, 'STUDIO 51 SA', 'STUDIO 51 SA', '', 'via israel, edif marina plaza, pb', '2016-07-18 11:07:36', '2016-07-18 11:07:36', 1),
(88, '8NT-2-110451', -1, 'TECNO INDUSTRIAL DE PANAMA', 'TECNO INDUSTRIAL DE PANAMA', '+50769901076', 'juan diaz - llano bonito - edif. llano bonito torre j - apto. 1j', '2016-07-18 12:07:20', '2016-07-18 12:07:20', 1),
(90, '155631706-2-2016', 28, 'GRUPO FRAMCA S A ', 'GRUPO FRAMCA S A ', '63712691', 'panama, la chorrera corregimiento  barrio colon, urb ph boulevard costa verde  local 111', '2016-07-20 08:07:11', '2016-07-20 08:07:11', 1),
(91, '1125612-1-565568', 84, 'ESTRUCTURAS PEARL SA', 'ESTRUCTURAS PEARL SA', '', 'edificio plaza obarrio, 1er piso, oficina 102', '2016-07-22 11:07:33', '2016-07-22 11:07:33', 1),
(92, '2866-1-364241', 84, 'THE GOLDEN POINT TOWER CORP', 'THE GOLDEN POINT TOWER CORP', '', 'ave. ricardo j. alfaro, edificio golden point, local e-3', '2016-07-22 11:07:57', '2016-07-22 11:07:57', 1),
(93, '3-718-2364', 50, 'YOSHIRA ARACELY CHAVERRA ROSALES', 'YOSHIRA ARACELY CHAVERRA ROSALES', '61126022', 'corregimiento de cristobal, urb. plaza milenium, av. ahmad waked, edif. g, local 008', '2016-07-22 04:07:27', '2016-07-22 04:07:27', 1),
(94, '155590817-2-2015', 4, 'FMP AVALUOS Y EQUIPOS SA', 'FMP AVALUOS Y EQUIPOS SA', '4745009', 'colon, barrio norte, ciudad de colon. av. central paseo washington, calle 1era crown center local 22', '2016-07-25 11:07:28', '2016-07-25 11:07:28', 1),
(95, '155590817-202015', 4, 'FMP AVALUOS Y EQUIPOS SA', 'FMP AVALUOS Y EQUIPOS SA', '4745009', 'colon. barrio norte. ciudad de colon av.central paseo washington, calle 1era. crown center local 22', '2016-07-25 11:07:51', '2016-07-25 11:07:51', 1),
(96, '8-312-547', 36, 'FERNANDO LAY VEGA', 'FERNANDO LAY VEGA', '', 'la chorrera, correg. la guadalupe. urb. la pesa via interamericana ', '2016-07-25 11:07:54', '2016-07-25 11:07:54', 1),
(97, '155613548-2-2015', 25, 'THOR PROYECTOS SA', 'THOR PROYECTOS SA', '', 'panama, correg. de betania urb. los angeles calle e, casa duplex # 2.', '2016-07-25 03:07:30', '2016-07-25 03:07:30', 1),
(98, '1791111-1-703705', 65, 'AUTO TREND SA', 'AUTO TREND SA', '3032792', 'brisas del golf, detrÁs de la bomba puma', '2016-07-25 03:07:20', '2016-07-25 03:07:20', 1),
(99, '9-97-66', 11, 'EULOGIA GUERRA RAMIREZ', 'EULOGIA GUERRA RAMIREZ', '', 'corregimiento la exposicion o calidonia, la exposicion calle 37 casa 4-13', '2016-07-25 05:07:28', '2016-07-25 05:07:28', 1),
(100, '8-739-2256', 26, 'FRANKLIN DELANO PHILLIPS SALAZAR', 'FRANKLIN DELANO PHILLIPS SALAZAR', '65164567', 'la chorrera corregimiento barrio balboa urb.calle canal, calle 27 a sur casa 3925', '2016-07-26 01:07:14', '2016-07-26 01:07:14', 1),
(101, '503787-1-435941', 54, 'NUEVAS INVERSIONES DE SALUD SA', 'NUEVAS INVERSIONES DE SALUD SA', '2299215', 'pueblo nuevo urb. la loma calle gervacio garcia casa 64', '2016-07-26 01:07:09', '2016-07-26 01:07:09', 1),
(102, '155625652-2-2016', 6, 'LA SICILIANA SA', 'LA SICILIANA SA', '', 'colon corregimiento de puerto pilon edif. plaza colon local 6', '2016-07-26 01:07:19', '2016-07-26 01:07:19', 1),
(103, '569113-1-446277', 55, 'TV SHOPPING SA', 'TV SHOPPING SA', '', 'san miguelito corregimiento rufina alfaro los pueblos cc metromall local b-234', '2016-07-26 04:07:18', '2016-07-26 04:07:18', 1),
(104, 'E-8-91738', 45, 'YU CHEN', 'YU CHEN', '', 'la chorrera corregimiento  barrio balboa haci apuerto caimito edif. 02 local 01', '2016-07-26 04:07:51', '2016-07-26 04:07:51', 1),
(105, '8-819-2400', 61, 'LUIS OMAR HENRY GONZALEZ', 'LUIS OMAR HENRY GONZALEZ', '', 'arraijan nuevo chorrillo calle principal', '2016-07-26 05:07:38', '2016-07-26 05:07:38', 1),
(106, '155607948-2-2015', 10, 'TENSACABLE SA', 'TENSACABLE SA', '2328576', 'altos de curundu, calle altos del river, duplex 580a', '2016-08-01 08:08:47', '2016-08-01 08:08:47', 1),
(107, '9-724-1035', 7, 'YESSENIA ESTHER BOZO CISNEROS', 'YESSENIA ESTHER BOZO CISNEROS', '66676227', 'centro comercial los pueblos 2000 local 1c8', '2016-08-01 08:08:34', '2016-08-01 08:08:34', 1),
(108, '155616611-2-2015', 2, 'CONSULTORES EN DESARROLLO Y GESTION AMBIENTAL', 'CONSULTORES EN DESARROLLO Y GESTION AMBIENTAL', '69641442', 'urbanizacion procasa, casa 17', '2016-08-01 08:08:53', '2016-08-01 08:08:53', 1),
(109, '1347574-1-616506', 73, 'CELEBRACIONES Y MAS SA CELEBRATIONS AND MORE SA', 'CELEBRACIONES Y MAS SA CELEBRATIONS AND MORE SA', '', 'pma bella vista y simon bolivar antiguo triangulo local 1', '2016-08-01 10:08:58', '2016-08-01 10:08:58', 1),
(110, '2541779-1-825033', 36, 'LOGISTICA LEON PINZON SA', 'LOGISTICA LEON PINZON SA', '', 'urb villa del bosque, calle acacias, casa 50 colon', '2016-08-01 10:08:28', '2016-08-01 10:08:28', 1),
(111, '8-726-1459', 8, 'AIZHA J GOMEZ G', 'AIZHA J GOMEZ G', '', 'altos de panama, c/federico guardia, sky plaza local 2', '2016-08-01 10:08:26', '2016-08-01 10:08:26', 1),
(112, '155631610-2-2016', 97, 'MEDFRA SA', 'MEDFRA SA', '', 'ricardo j. alfaro, edif z-5, local 4', '2016-08-01 10:08:11', '2016-08-01 10:08:11', 1),
(113, '2620706-1-836639', 34, 'ELAN PANAMA CORP', 'ELAN PANAMA CORP', '', 'colinas de cerro viento, cl66 no.92', '2016-08-01 10:08:16', '2016-08-01 10:08:16', 1),
(114, '8-512-887', 56, 'MARIELA OTILIA NAVARRO', 'MARIELA OTILIA NAVARRO', '2170331', '24 de diciembre, brisas del mirador, casa 11', '2016-08-01 11:08:59', '2016-08-01 11:08:59', 1),
(115, '155591703-2-2015', 54, 'TRANS OCEAN COMMUNICATION CORP', 'TRANS OCEAN COMMUNICATION CORP', '3902806', 'san francisco, calle tercera b sur casa 10', '2016-08-01 11:08:44', '2016-08-01 11:08:44', 1),
(116, '1799158-1-705079', 35, 'GARTEI TRADING GROUP SA', 'GARTEI TRADING GROUP SA', '3666435', 'calle 50, ph global plaza, piso 15', '2016-08-01 11:08:45', '2016-08-01 11:08:45', 1),
(117, '155621053-2-2016', 4, 'BANDAS Y SERVICIOS DE LA COSTA SA', 'BANDAS Y SERVICIOS DE LA COSTA SA', '', 'alsacia tower torre 2, piso 3, oficina 305, ricardo j. alfaro', '2016-08-01 11:08:45', '2016-08-01 11:08:45', 1),
(118, '155614669-2-2015', 11, 'FACTOR HUMANO EMPRESARIAL SA', 'FACTOR HUMANO EMPRESARIAL SA', '3964122', 'area bancaria edificio magna corp piso 7 oficina 712', '2016-08-01 11:08:04', '2016-08-01 11:08:04', 1),
(119, '155596693-2-2015', 34, 'SAVOIR FAIRE SA', 'SAVOIR FAIRE SA', '9086465', 'villas del zarati, via sonadora, chigore, penonome', '2016-08-01 11:08:54', '2016-08-01 11:08:54', 1),
(120, '263247-1-838340', 77, 'CONSTRUCTORA Y ESTRUCTURAS MODERNAS SA CEMSA', 'CONSTRUCTORA Y ESTRUCTURAS MODERNAS SA CEMSA', '68423840', 'nuevo san juan, calle principal colon', '2016-08-01 11:08:03', '2016-08-01 11:08:03', 1),
(121, '155628375-2-2016', 2, 'DMFUSION PANAMA SA', 'DMFUSION PANAMA SA', '8339387', 'corregimiento de bethania, urb. juan pablo ii calle juan pablo ii ph siglo xxi local 22', '2016-08-02 07:08:46', '2016-08-02 07:08:46', 1),
(122, '8-813-462', 34, 'ANA LINETTE MALCA RIVERA', 'ANA LINETTE MALCA RIVERA', '', 'corregimiento la exposicion o calidonia av. justo arosemena casa 39-26', '2016-08-02 09:08:27', '2016-08-02 09:08:27', 1),
(123, '8-815-1595', 90, 'TERRY ANTHONY AGUIRRE', 'TERRY ANTHONY AGUIRRE', '9932377', 'rio hato, farallon, calle del tanque, local rancho rio', '2016-08-02 11:08:20', '2016-08-02 11:08:20', 1),
(124, '8-878-1561', 15, 'ELENA CHEN QUIU', 'ELENA CHEN QUIU', '', 'ave. brostela, edif. colonial, local 16, el dorado, betania, panama', '2016-08-04 03:08:55', '2016-08-04 03:08:55', 1),
(125, '2109886-1-758341', 95, 'RCT GROUP', 'RCT GROUP', '3935557', 'corregimiento las cumbres, urb. villa grecia, milla 13, transistmica edif. rct group local 1', '2016-08-04 05:08:55', '2016-08-04 05:08:55', 1),
(126, '48434-57-310789', 45, 'PROGETTO TURISMO SA', 'PROGETTO TURISMO SA', '7579066', 'calle 5ta, isla colon, bocas del toro', '2016-08-05 11:08:18', '2016-08-05 11:08:18', 1),
(127, '1385407-1-625031', 72, 'M Y M SARON SA', 'M Y M SARON SA', '2516045', 'centro comercial westald mall local pb-u17', '2016-08-05 12:08:55', '2016-08-05 12:08:55', 1),
(128, '2564304-1-828338', 81, 'EFDG INC', 'EFDG INC', '2587086', 'la chorrera, ave. libertador, barrio colon, plaza los libertadores, local 3,17 y 18', '2016-08-05 12:08:54', '2016-08-05 12:08:54', 1),
(129, '2499454-1-818705', 46, 'CADENA DE SUMINISTROS S A', 'CADENA DE SUMINISTROS S A', '', 'san francisco, panama', '2016-08-05 02:08:43', '2016-08-05 02:08:43', 1),
(130, '8-837-1110', 73, 'GENESIS JEANETHE NIETO CARRION', 'GENESIS JEANETHE NIETO CARRION', '', 'cc metromall', '2016-08-05 02:08:21', '2016-08-05 02:08:21', 1),
(131, '8-491-22', 67, 'JOSE ANGEL ARCOS DE LEON', 'JOSE ANGEL ARCOS DE LEON', '', 'meteti, darien', '2016-08-05 02:08:21', '2016-08-05 02:08:21', 1),
(132, '155622046-2-2016', 58, 'BUSHIDO Y ASOCIADOS SA', 'BUSHIDO Y ASOCIADOS SA', '', 'bella vista', '2016-08-05 02:08:04', '2016-08-05 02:08:04', 1),
(133, '155606118-2-2015', 20, 'INVERSIONES RHV SA', 'INVERSIONES RHV SA', '', 'san francisco', '2016-08-05 02:08:13', '2016-08-05 02:08:13', 1),
(134, '467227-1-433741', 3, 'NATURAL ENGLISH INC', 'NATURAL ENGLISH INC', '', 'bella vista', '2016-08-05 02:08:30', '2016-08-05 02:08:30', 1),
(135, '8-419-711', 26, 'CAROLINA LUISA JAMES KING', 'CAROLINA LUISA JAMES KING', '', 'colon', '2016-08-05 03:08:28', '2016-08-05 03:08:28', 1),
(136, '8-902-274', 6, 'ROBERTO ALFREDO PAN CHEN', 'ROBERTO ALFREDO PAN CHEN', '', 'chilibre', '2016-08-05 03:08:40', '2016-08-05 03:08:40', 1),
(137, '155616742-2-2015', 17, 'PAINTBALL CLUB PTY SA', 'PAINTBALL CLUB PTY SA', '', 'tocumen', '2016-08-05 03:08:11', '2016-08-05 03:08:11', 1),
(138, '155594620-2-2015', 62, 'GRUPO VPN SA', 'GRUPO VPN SA', '', 'calle 50', '2016-08-05 03:08:03', '2016-08-05 03:08:03', 1),
(139, '8-251-117', 12, 'GIZEH MARLENE RUIZ CANO', 'GIZEH MARLENE RUIZ CANO', '', 'el higo', '2016-08-05 03:08:02', '2016-08-05 03:08:02', 1),
(140, '155612162-2-2015', 97, 'SANTO BOKADO SA', 'SANTO BOKADO SA', '', '24 de diciembre', '2016-08-05 03:08:50', '2016-08-05 03:08:50', 1),
(141, '155616450-2-2015', 0, 'INTERTEUS LOGISTICS SA', 'INTERTEUS LOGISTICS SA', '', 'calle 50', '2016-08-05 03:08:35', '2016-08-05 03:08:35', 1),
(142, '155625156-2-2015', 7, 'VAPRO AMERICAS PANAMA SA', 'VAPRO AMERICAS PANAMA SA', '', 'bella vista', '2016-08-05 03:08:39', '2016-08-05 03:08:39', 1),
(143, '4-782-1833', 86, 'YAMILKA MIRANDA BRADLEY', 'YAMILKA MIRANDA BRADLEY', '', 'bella vista', '2016-08-05 03:08:28', '2016-08-05 03:08:28', 1),
(144, '2610441-1-835266', 5, 'NOVELDA MARMOL Y GRANITO SA', 'NOVELDA MARMOL Y GRANITO SA', '', 'juan diaz', '2016-08-05 03:08:19', '2016-08-05 03:08:19', 1),
(145, '155611918-2-2015', 44, 'INTERNATIONAL LOGISTICS SERVICES INC', 'INTERNATIONAL LOGISTICS SERVICES INC', '', 'bella vista', '2016-08-05 03:08:06', '2016-08-05 03:08:06', 1),
(146, '155602332-2-2015', 34, 'MULTISERVICIOS FULL REVIEW SA', 'MULTISERVICIOS FULL REVIEW SA', '', 'albrook', '2016-08-05 03:08:55', '2016-08-05 03:08:55', 1),
(147, '155621384-2-2016', 54, 'GAMAN CORP SA', 'GAMAN CORP SA', '', 'san francisco', '2016-08-05 03:08:50', '2016-08-05 03:08:50', 1),
(148, '155605835-2-2015', 61, 'SPARTAN DE PANAMA SA', 'SPARTAN DE PANAMA SA', '', 'san francisco', '2016-08-05 03:08:38', '2016-08-05 03:08:38', 1),
(149, '155613601-2-2015', 33, 'JAPAI FILMS SA', 'JAPAI FILMS SA', '', 'rio abajo', '2016-08-05 03:08:23', '2016-08-05 03:08:23', 1),
(150, '155632683-2-2016', 4, 'SALESBOX 360 SA', 'SALESBOX 360 SA', '3878164', 'urb. bella vista, calle 43 este, ph colores de bella vista, piso 13, 13f', '2016-08-06 12:08:06', '2016-08-06 12:08:06', 1),
(151, '2565650-1-828574', 1, 'INVERSIONES CBB SA', 'INVERSIONES CBB SA', '2039352', 'parque lefevre, sexta 21, parque lefevre', '2016-08-08 12:08:45', '2016-08-08 12:08:45', 1),
(152, '656-413-132700', 15, 'O D PANAMA SA', 'O D PANAMA SA', '', 'san miguelito, panama, c.c. price mart, local a', '2016-08-08 12:08:26', '2016-08-08 12:08:26', 1),
(153, '155616265-2-2015', 90, 'KLASICO LATINOAMERICA SA', 'KLASICO LATINOAMERICA SA', '3000774', 'c.c multiplaza pacific, local a-306', '2016-08-08 12:08:55', '2016-08-08 12:08:55', 1),
(154, '155597610-2-2015', 70, 'PANAMA INTERMEDIARY CONSULTING GROUP SA', 'PANAMA INTERMEDIARY CONSULTING GROUP SA', '8318030', 'calle punta colon, punta pacifica, trump ocean club, local s4-c', '2016-08-08 03:08:53', '2016-08-08 03:08:53', 1),
(155, '650-529-126088', 77, 'Empresas Melo SA 094', 'Empresas Melo SA 094', '', 'urb. marbella calle 53 este, edificio mar plaza local 4', '2016-08-09 11:08:23', '2016-08-09 11:08:23', 1),
(156, '15562497522016', 92, 'Smarth Technologies International  Inc', 'Smarth Technologies International  Inc', '3948436', 'galerias obarrio, local 8, via españa', '2016-08-09 11:08:56', '2016-08-09 11:08:56', 1),
(157, '155624975-2-2016', 92, 'Smarth technologies international inc', 'Smarth technologies international inc', '2656979', 'galerias obarrio local 8 via españa', '2016-08-09 12:08:32', '2016-08-09 12:08:32', 1),
(158, '182637-1-392560', 49, 'PIEZAS Y ACCESORIOS SINDIPARTS SA', 'PIEZAS Y ACCESORIOS SINDIPARTS SA', '2442978', 'la chorrera, calle principal, la mitra', '2016-08-09 12:08:18', '2016-08-09 12:08:18', 1),
(159, '2-706-1655', 7, 'CHARITHYN M ARRUCHA N', 'CHARITHYN M ARRUCHA N', '3881212', 'punta paitilla c.c. plaza paitilla, local 23', '2016-08-09 05:08:13', '2016-08-09 05:08:13', 1),
(160, '4-160-980', 74, 'DARIO ENRIQUE QUIEL MEDINA ', 'DARIO ENRIQUE QUIEL MEDINA ', '7770074', 'corregimiento david urb. doleguita av. domingo diaz calle i sur casa 00', '2016-08-10 01:08:51', '2016-08-10 01:08:51', 1),
(161, '155591616-1-2015', 7, 'LYNE SOLUTIONS SA', 'LYNE SOLUTIONS SA', '', 'parque lefevre, urb. parque lefevre, calle 10, casa 10-a', '2016-08-11 10:08:28', '2016-08-11 10:08:28', 1),
(162, '155631375-2-2016', 17, 'OWA LAW S A', 'OWA LAW S A', '3874522', 'obarrio, calle samuel lewis y calle 53 edificio omega piso m', '2016-08-11 04:08:24', '2016-08-11 04:08:24', 1),
(163, 'N-17-370', 51, 'Chao Kuon Liu', 'Chao Kuon Liu', '2485150', 'capira cabecera via interamericana', '2016-08-17 09:08:26', '2016-08-17 09:08:26', 1),
(164, 'N-16-876', 25, 'Wen Tsung Lu Lee', 'Wen Tsung Lu Lee', '64802152', 'capira cabecera via interamericana', '2016-08-17 09:08:56', '2016-08-17 09:08:56', 1),
(165, '2435591-1-810039', 50, 'CAVALISTER PANAMA SA', 'CAVALISTER PANAMA SA', '66783315', 'ph parque lindo, ernesto t lefevre, parque lefevre', '2016-08-18 12:08:33', '2016-08-18 12:08:33', 1),
(166, '53249-101-327156', 5, 'CALZADO ISTMENO AVIA SA', 'CALZADO ISTMENO AVIA SA', '', 'corregimiento barrio norte, colon, calle 8 y 9 av. central casa 3117', '2016-08-18 12:08:20', '2016-08-18 12:08:20', 1),
(167, '8-NT-2-38424', 0, 'JAIR ALEXANDER OLIVER GUTIERREZ', 'JAIR ALEXANDER OLIVER GUTIERREZ', '66765322', 'corregimiento juan diaz urb. campo limbre parque del este casa 5f', '2016-08-18 02:08:01', '2016-08-18 02:08:01', 1),
(168, '8-NT-2-37831', 29, 'WILTON JESUS MELO PORTILLA', 'WILTON JESUS MELO PORTILLA', '61037467', 'corregimiento bella vista, calle principal edif. panchita local 2', '2016-08-18 02:08:28', '2016-08-18 02:08:28', 1),
(169, '8-294-805', 40, 'MIRIAM RODRIGUEZ MORENO', 'MIRIAM RODRIGUEZ MORENO', '', 'arraijan, arraijan centro calle juan demostenes arosemena  casa s/n', '2016-08-18 02:08:56', '2016-08-18 02:08:56', 1),
(170, '155629896-2-2016', 96, 'SURTITROPIK SA', 'SURTITROPIK SA', '', 'ciudad radial calle cuarta casa l 56-1', '2016-08-19 10:08:32', '2016-08-19 10:08:32', 1),
(171, '155603350-2-2015', 89, 'GLAUBEN DE PANAMA SA', 'GLAUBEN DE PANAMA SA', '', 'nuevo reparto paitilla, calle 50 y 59, camara de negocio', '2016-08-19 12:08:50', '2016-08-19 12:08:50', 1),
(172, '935-234-104769', 76, 'NOVEDADES LA REYNA SA', 'NOVEDADES LA REYNA SA', '7201391', 'provincia de chiriqui, boquete. av. central ', '2016-08-19 12:08:04', '2016-08-19 12:08:04', 1),
(173, '2200254-1-773126', 58, 'GASCO ZONA LIBRE SA', 'GASCO ZONA LIBRE SA', '', 'corregimiento de ancon, condado del rey via centenario centro comercial altaplaza mall local-2-210', '2016-08-19 03:08:24', '2016-08-19 03:08:24', 1),
(174, '1758903-1-697882', 68, 'ASADOS GABYDANA LOS PUEBLOS SA', 'ASADOS GABYDANA LOS PUEBLOS SA', '2639604', 'terminal de albrook, area norte ', '2016-08-22 02:08:29', '2016-08-22 02:08:29', 1),
(175, '9-198-707', 63, 'AGUSTIN GUEVARA SALDANA', 'AGUSTIN GUEVARA SALDANA', '65259511', 'casa o26 sector 10, belen, tocumen', '2016-08-22 03:08:57', '2016-08-22 03:08:57', 1),
(176, '655-419-132915', 96, 'FARMACIAS REVILLA', 'FARMACIAS REVILLA', '2071839', 'san felipe urb casco viejo calle 1ra edificio ph paseo las bovedas local 2b', '2016-08-22 03:08:13', '2016-08-22 03:08:13', 1),
(177, '1837453-1-711754', 10, 'GRACIANO CORP', 'GRACIANO CORP', '3933662', 'paitilla mall local 4 ', '2016-08-22 03:08:51', '2016-08-22 03:08:51', 1),
(178, '2455843-1-812875', 30, 'COMPAX INTERNATIONAL SA', 'COMPAX INTERNATIONAL SA', '', 'via espaÑa edificio transunion local 2', '2016-08-22 03:08:20', '2016-08-22 03:08:20', 1),
(179, '155614691-2-2015', 34, 'SERVIGENERAL PRO S A', 'SERVIGENERAL PRO S A', '3971921', 'el ingenio, calle club x, edificio verde sol', '2016-08-22 05:08:17', '2016-08-22 05:08:17', 1),
(180, '1012844-1-538696', 8, 'F F CONSTRUCTORES S A', 'F F CONSTRUCTORES S A', '3141238', 'ave. arnulfo arias madrid', '2016-08-22 05:08:02', '2016-08-22 05:08:02', 1),
(181, '8-706-1225', 80, 'JOSE JUAN CAMANO FUENTES', 'JOSE JUAN CAMANO FUENTES', '', 'arraijan, calle rosario final', '2016-08-24 04:08:31', '2016-08-24 04:08:31', 1),
(182, '155634811-2-2016', 19, 'NAK MARINE SERVICES SA', 'NAK MARINE SERVICES SA', '4398265', 'colon, calle 2 y herrera dream plaza', '2016-08-24 04:08:57', '2016-08-24 04:08:57', 1),
(183, '2506127-1-819676', 4, 'BAY FRONT TRADING S A', 'BAY FRONT TRADING S A', '64802851', 'ancon, albrook, local x-40, panama', '2016-08-24 05:08:15', '2016-08-24 05:08:15', 1),
(184, '155620739-2-2016', 24, 'LEGAL AND BUSINESS COMPLIANCE INC', 'LEGAL AND BUSINESS COMPLIANCE INC', '3888533', 'san francisco, calle 71 con calle 50, edif plaza morica, oficina 10-07', '2016-08-25 09:08:40', '2016-08-25 09:08:40', 1),
(185, '155629635-2-2016', 67, 'PATPHA SA', 'PATPHA SA', '', 'corregimiento bethania, urb. pribanco los angeles, calle 63 casa l29', '2016-08-25 11:08:15', '2016-08-25 11:08:15', 1),
(186, '155602988-2-2015', 20, 'BUSMEN S A', 'BUSMEN S A', '3968114', 'arraijan panama pacifico', '2016-08-26 01:08:48', '2016-08-26 01:08:48', 1),
(187, '155618997-2-2015', 50, 'INTERNATIONAL LAWKERS INVESTMENT SA', 'INTERNATIONAL LAWKERS INVESTMENT SA', '', 'bella vista, edif. kitaen calle 44 local 301', '2016-08-26 04:08:09', '2016-08-26 04:08:09', 1),
(188, '155592462-2-2015', 5, 'CLINICA DE LA COLUMNA SA', 'CLINICA DE LA COLUMNA SA', '3949830', 'pueblo nuevo, la sabana, via espaÑa, plaza comercial san fernando', '2016-08-26 04:08:32', '2016-08-26 04:08:32', 1),
(189, 'jkdjfjhfj-odkf-d', 12, 'Prueba numero uno', 'Prueba numero uno', '', 'pprueba numero uno de la direccion fiscal', '2016-08-31 01:08:54', '2016-08-31 01:08:54', 1),
(190, 'urjr85855-565-56', 56, 'Prueba numero dos de las enajenaciones', 'Prueba numero dos de las enajenaciones', '', 'prueba numero dos de las enajenaciones', '2016-08-31 01:08:47', '2016-08-31 01:08:47', 1),
(191, '25488796', 12, 'Prueba123', 'Prueba123', '', 'prueba123..', '2017-01-23 10:01:16', '2017-01-23 10:01:16', 1),
(192, '5255587', 25, '111111111111111111111111111111111111111111111111111111111111', '111111111111111111111111111111111111111111111111111111111111', '', 'gfdgfdgdfg', '2017-01-23 10:01:34', '2017-01-23 10:01:34', 1),
(193, '155233223232-1', 99, 'Jenny', 'Jenny', '41471358011', 'caracas', '2017-07-26 08:07:45', '2017-07-26 08:07:45', 1),
(194, '12589996665', 22, 'prueba', 'prueba', '12345678901', 'prueba', '2017-07-26 11:07:28', '2017-07-26 11:07:28', 1),
(195, '8545454545', 44, 'prueba', 'prueba', '12345678901', 'prueba', '2017-07-26 11:07:11', '2017-07-26 11:07:11', 1),
(196, '5855544554', 88, 'dffdsfs', 'dffdsfs', '12345678901', 'sdfdfdsf', '2017-07-26 11:07:55', '2017-07-26 11:07:55', 1),
(197, '1225888858', 11, 'vcvcxv', 'vcvcxv', '12345678901', 'cvcvxv', '2017-07-26 11:07:57', '2017-07-26 11:07:57', 1),
(198, '1212121212121212', 33, 'Razon social', 'Razon social', '', 'caracas', '2017-07-31 11:07:31', '2017-07-31 11:07:31', 1),
(199, '7238718371782378', 98, 'Razon social', 'Razon social', '1223221211', 'direccion ', '2017-07-31 11:07:14', '2017-07-31 11:07:14', 1),
(200, '12345678912', 12, '123456789134', '123456789134', '75648857', 'general de contrataciones públicas  obarrio, ave. samuel lewis  p.h. edificio central, piso 1.  diagonal a la torre banistmo', '2017-08-02 09:08:57', '2017-08-02 09:08:57', 1),
(201, '¡)/(=&%$#\"', 54, 'ninguno', 'ninguno', '', 'ninguno', '2017-08-02 04:08:18', '2017-08-02 04:08:18', 1),
(202, '1353134634464646', 18, 'ninguno', 'ninguno', '', '¡?=)(/&%$', '2017-08-02 04:08:01', '2017-08-02 04:08:01', 1),
(203, '2345446464646464', 64, 'ninnguno', 'ninnguno', '', '?=/()%$#', '2017-08-02 04:08:44', '2017-08-02 04:08:44', 1);

-- --------------------------------------------------------

--
-- Estructura de tabla para la tabla `fiscalized_machines`
--

CREATE TABLE `fiscalized_machines` (
  `id` int(11) NOT NULL,
  `final_clients_id` int(11) NOT NULL,
  `date` date NOT NULL,
  `ruc_technician` varchar(45) COLLATE utf8_spanish_ci NOT NULL,
  `ruc_dealer` varchar(45) COLLATE utf8_spanish_ci NOT NULL,
  `observations` text COLLATE utf8_spanish_ci,
  `machine_id` int(11) NOT NULL,
  `created_at` datetime DEFAULT NULL
) ENGINE=InnoDB DEFAULT CHARSET=utf8 COLLATE=utf8_spanish_ci;

--
-- Volcado de datos para la tabla `fiscalized_machines`
--

INSERT INTO `fiscalized_machines` (`id`, `final_clients_id`, `date`, `ruc_technician`, `ruc_dealer`, `observations`, `machine_id`, `created_at`) VALUES
(3, 44, '2016-06-30', '19826081737281DV77', '19826081737281DV77', '', 207560, '2016-06-30 00:00:00'),
(4, 45, '2016-07-06', '19826081737281DV77', '19826081737281DV77', '', 207586, '2016-07-06 00:00:00'),
(5, 46, '2016-04-09', '19826081737281DV77', '19826081737281DV77', '', 208178, '2016-04-09 00:00:00'),
(6, 47, '2016-01-06', '19826081737281DV77', '19826081737281DV77', '', 207567, '2016-01-06 00:00:00'),
(7, 48, '2016-06-02', '19826081737281DV77', '19826081737281DV77', '', 207630, '2016-06-02 00:00:00'),
(8, 49, '2016-06-17', '19826081737281DV77', '19826081737281DV77', '', 207624, '2016-06-17 00:00:00'),
(9, 50, '2016-07-06', '19826081737281DV77', '19826081737281DV77', '', 207540, '2016-07-06 00:00:00'),
(10, 51, '2016-07-06', '19826081737281DV77', '19826081737281DV77', '', 207753, '2016-07-06 00:00:00'),
(11, 52, '2016-06-16', '19826081737281DV77', '19826081737281DV77', '', 207569, '2016-06-16 00:00:00'),
(12, 53, '2016-07-06', '19826081737281DV77', '19826081737281DV77', '', 207651, '2016-07-06 00:00:00'),
(13, 54, '2016-07-12', '106698136', '17749531700722', '', 55, '2016-07-12 00:00:00'),
(14, 55, '2016-04-27', '106698136', '17749531700722', '', 56, '2016-04-27 00:00:00'),
(15, 56, '2016-03-26', '106698136', '17749531700722', '', 208211, '2016-03-26 00:00:00'),
(16, 57, '2016-04-25', '106698136', '17749531700722', '', 208210, '2016-04-25 00:00:00'),
(17, 58, '2016-04-25', '106698136', '17749531700722', '', 208196, '2016-04-25 00:00:00'),
(18, 59, '2016-04-14', '106698136', '17749531700722', '', 197, '2016-04-14 00:00:00'),
(19, 60, '2016-04-14', '106698136', '17749531700722', '', 198, '2016-04-14 00:00:00'),
(20, 61, '2016-04-14', '106698136', '17749531700722', '', 199, '2016-04-14 00:00:00'),
(21, 62, '2016-04-14', '106698136', '17749531700722', '', 200, '2016-04-14 00:00:00'),
(22, 63, '2016-04-07', '106698136', '17749531700722', '', 208172, '2016-04-07 00:00:00'),
(23, 64, '2016-04-06', '106698136', '17749531700722', '', 208166, '2016-04-06 00:00:00'),
(24, 65, '2016-07-12', '106698136', '17749531700722', '', 123, '2016-07-12 04:07:08'),
(25, 66, '2016-07-13', '17749531700722', '17749531700722', '', 208165, '2016-07-13 09:07:54'),
(26, 67, '2016-03-30', '17749531700722', '17749531700722', '', 116, '2016-07-13 09:07:28'),
(27, 68, '2016-03-29', '17749531700722', '17749531700722', '', 102, '2016-07-13 09:07:03'),
(28, 69, '2016-03-17', '17749531700722', '17749531700722', '', 137, '2016-07-13 09:07:08'),
(29, 70, '2016-03-16', '17749531700722', '17749531700722', '', 101, '2016-07-13 09:07:06'),
(30, 70, '2016-03-16', '17749531700722', '17749531700722', '', 103, '2016-07-13 09:07:10'),
(31, 70, '2016-03-16', '17749531700722', '17749531700722', '', 104, '2016-07-13 09:07:22'),
(32, 70, '2016-03-16', '17749531700722', '17749531700722', '', 181, '2016-07-13 09:07:52'),
(33, 70, '2016-03-16', '17749531700722', '17749531700722', '', 182, '2016-07-13 09:07:00'),
(34, 70, '2016-03-16', '17749531700722', '17749531700722', '', 183, '2016-07-13 09:07:11'),
(35, 70, '2016-03-16', '17749531700722', '17749531700722', '', 184, '2016-07-13 09:07:17'),
(36, 77, '2016-07-13', '19826081737281DV77', '19826081737281DV77', '', 208383, '2016-07-13 11:07:13'),
(37, 78, '2016-07-11', '19826081737281DV77', '19826081737281DV77', '', 207688, '2016-07-13 12:07:57'),
(38, 79, '2016-07-13', '106698136', '17749531700722', '', 208331, '2016-07-13 02:07:47'),
(39, 80, '2016-07-14', '19826081737281DV77', '19826081737281DV77', '', 207548, '2016-07-14 09:07:35'),
(40, 81, '2016-07-15', '106698136', '17749531700722', '', 207619, '2016-07-15 10:07:53'),
(41, 82, '2016-07-06', '106698136', '17749531700722', '', 208322, '2016-07-15 10:07:14'),
(42, 83, '2016-07-08', '106698136', '17749531700722', '', 208334, '2016-07-15 10:07:26'),
(43, 84, '2016-07-14', '106698136', '17749531700722', '', 208338, '2016-07-15 10:07:38'),
(44, 85, '2016-07-15', '106698136', '17749531700722', '', 207618, '2016-07-15 05:07:54'),
(45, 86, '2016-03-15', 'E-8-139509', '24073441805887DV7', '', 168, '2016-07-18 11:07:54'),
(46, 87, '2016-03-14', '106698136', '17749531700722', '', 141, '2016-07-18 11:07:36'),
(47, 88, '2016-07-18', '8NT-2-31214', '8NT-2-31214', '', 208402, '2016-07-18 12:07:21'),
(49, 90, '2016-07-20', '15561172522015', '15561172522015', '', 207297, '2016-07-20 08:07:11'),
(50, 91, '2016-07-22', '106698136', '17749531700722', '', 207743, '2016-07-22 11:07:33'),
(51, 92, '2016-07-20', '106698136', '17749531700722', '', 207294, '2016-07-22 11:07:57'),
(52, 70, '2016-07-22', '106698136', '17749531700722', '', 207460, '2016-07-22 01:07:43'),
(53, 70, '2016-07-22', '106698136', '17749531700722', '', 207461, '2016-07-22 01:07:52'),
(54, 70, '2016-07-22', '106698136', '17749531700722', '', 3724, '2016-07-22 01:07:58'),
(55, 70, '2016-07-22', '106698136', '17749531700722', '', 3725, '2016-07-22 03:07:08'),
(56, 70, '2016-07-22', '106698136', '17749531700722', '', 3726, '2016-07-22 03:07:05'),
(57, 70, '2016-07-22', '106698136', '17749531700722', '', 207321, '2016-07-22 03:07:51'),
(58, 70, '2016-07-22', '106698136', '17749531700722', '', 207320, '2016-07-22 03:07:35'),
(59, 70, '2016-07-22', '106698136', '17749531700722', '', 207319, '2016-07-22 03:07:11'),
(60, 70, '2016-07-22', '106698136', '17749531700722', '', 207318, '2016-07-22 03:07:39'),
(61, 93, '2016-07-14', '19826081737281DV77', '19826081737281DV77', '', 207610, '2016-07-22 04:07:27'),
(62, 95, '2016-07-25', '106547939', '18027571705580', '', 207730, '2016-07-25 11:07:51'),
(63, 96, '2016-07-21', '106547939', '18027571705580', '', 208368, '2016-07-25 11:07:55'),
(64, 97, '2016-04-28', '19826081737281DV77', '19826081737281DV77', '', 208173, '2016-07-25 03:07:30'),
(65, 98, '2016-07-22', '19826081737281DV77', '19826081737281DV77', '', 208339, '2016-07-25 03:07:21'),
(66, 99, '2016-07-15', '106547939', '18027571705580', '', 207537, '2016-07-25 05:07:28'),
(67, 100, '2016-06-16', '18027571705580', '18027571705580', '', 207541, '2016-07-26 01:07:14'),
(68, 99, '2016-07-14', '106547939', '18027571705580', '', 207582, '2016-07-26 01:07:03'),
(69, 101, '2016-07-26', '106547939', '18027571705580', '', 207563, '2016-07-26 01:07:10'),
(70, 102, '2016-06-24', '106547939', '18027571705580', '', 207749, '2016-07-26 01:07:19'),
(71, 103, '2016-07-06', '106547939', '18027571705580', '', 3566, '2016-07-26 04:07:18'),
(72, 104, '2016-07-26', '106547939', '18027571705580', '', 207685, '2016-07-26 04:07:51'),
(73, 105, '2016-06-16', '106547939', '18027571705580', '', 207574, '2016-07-26 05:07:39'),
(74, 106, '2016-08-01', '106698136', '17749531700722', '', 208393, '2016-08-01 08:08:48'),
(75, 107, '2016-07-30', '106698136', '17749531700722', '', 207521, '2016-08-01 08:08:34'),
(76, 108, '2016-07-30', '106698136', '17749531700722', '', 207735, '2016-08-01 08:08:53'),
(77, 70, '2016-07-28', '106698136', '17749531700722', '', 207377, '2016-08-01 10:08:46'),
(78, 70, '2016-07-27', '106698136', '17749531700722', '', 207290, '2016-08-01 10:08:08'),
(79, 70, '2016-07-28', '106698136', '17749531700722', '', 207376, '2016-08-01 10:08:18'),
(80, 70, '2016-07-28', '106698136', '17749531700722', '', 207349, '2016-08-01 10:08:45'),
(81, 70, '2016-07-28', '106698136', '17749531700722', '', 207348, '2016-08-01 10:08:51'),
(82, 70, '2016-07-28', '106698136', '17749531700722', '', 207347, '2016-08-01 10:08:11'),
(83, 70, '2016-07-28', '106698136', '17749531700722', '', 207346, '2016-08-01 10:08:17'),
(84, 109, '2016-07-29', '106698136', '17749531700722', '', 207529, '2016-08-01 10:08:58'),
(85, 110, '2016-07-29', '106698136', '17749531700722', '', 207676, '2016-08-01 10:08:28'),
(86, 111, '2016-07-29', '106698136', '17749531700722', '', 207594, '2016-08-01 10:08:27'),
(87, 112, '2016-07-29', '106698136', '17749531700722', '', 207739, '2016-08-01 10:08:17'),
(88, 113, '2016-07-29', '106698136', '17749531700722', '', 207697, '2016-08-01 10:08:16'),
(89, 114, '2016-07-28', '106698136', '17749531700722', '', 207539, '2016-08-01 11:08:59'),
(90, 115, '2016-07-27', '106698136', '17749531700722', '', 207595, '2016-08-01 11:08:44'),
(91, 116, '2016-07-26', '106698136', '17749531700722', '', 208395, '2016-08-01 11:08:45'),
(92, 117, '2016-07-25', '106698136', '17749531700722', '', 208387, '2016-08-01 11:08:45'),
(93, 118, '2016-07-25', '106698136', '17749531700722', '', 207629, '2016-08-01 11:08:05'),
(94, 119, '2016-07-23', '106698136', '17749531700722', '', 207491, '2016-08-01 11:08:54'),
(95, 120, '2016-07-28', '106698136', '17749531700722', '', 207486, '2016-08-01 11:08:04'),
(96, 121, '2016-08-01', '106547939', '18027571705580', '', 3680, '2016-08-02 07:08:47'),
(97, 122, '2016-08-01', '106547939', '18027571705580', '', 3705, '2016-08-02 09:08:27'),
(98, 123, '2016-08-02', '106698136', '17749531700722', '', 207662, '2016-08-02 11:08:20'),
(99, 124, '2016-08-04', '106698136', '17749531700722', '', 207635, '2016-08-04 03:08:56'),
(100, 125, '2016-08-04', '106547939', '18027571705580', '', 208425, '2016-08-04 05:08:56'),
(101, 126, '2016-08-05', '106698136', '17749531700722', '', 207536, '2016-08-05 11:08:20'),
(102, 127, '2016-08-05', '106698136', '17749531700722', '', 207293, '2016-08-05 12:08:55'),
(103, 128, '2016-08-04', '106698136', '17749531700722', '', 208336, '2016-08-05 12:08:54'),
(104, 129, '2016-08-05', 'E-8-139509', '24073441805887DV7', '', 114, '2016-08-05 02:08:43'),
(105, 130, '2016-08-05', 'E-8-139509', '24073441805887DV7', '', 113, '2016-08-05 02:08:21'),
(106, 131, '2016-08-05', 'E-8-139509', '24073441805887DV7', '', 117, '2016-08-05 02:08:22'),
(107, 132, '2016-03-23', 'E-8-139509', '24073441805887DV7', '', 118, '2016-08-05 02:08:04'),
(108, 133, '2016-03-28', 'E-8-139509', '24073441805887DV7', '', 119, '2016-08-05 02:08:13'),
(109, 134, '2016-03-28', 'E-8-139509', '24073441805887DV7', '', 120, '2016-08-05 02:08:31'),
(110, 135, '2016-03-30', 'E-8-139509', '24073441805887DV7', '', 45, '2016-08-05 03:08:28'),
(111, 136, '2016-08-05', 'E-8-139509', '24073441805887DV7', '', 46, '2016-08-05 03:08:40'),
(112, 137, '2016-08-05', 'E-8-139509', '24073441805887DV7', '', 47, '2016-08-05 03:08:11'),
(113, 138, '2016-03-29', 'E-8-139509', '24073441805887DV7', '', 48, '2016-08-05 03:08:03'),
(114, 139, '2016-04-07', 'E-8-139509', '24073441805887DV7', '', 208168, '2016-08-05 03:08:02'),
(115, 140, '2016-04-02', 'E-8-139509', '24073441805887DV7', '', 149, '2016-08-05 03:08:51'),
(116, 141, '2016-04-01', 'E-8-139509', '24073441805887DV7', '', 150, '2016-08-05 03:08:35'),
(117, 142, '2016-04-12', 'E-8-139509', '24073441805887DV7', '', 29, '2016-08-05 03:08:39'),
(118, 143, '2016-04-12', 'E-8-139509', '24073441805887DV7', '', 30, '2016-08-05 03:08:28'),
(119, 144, '2016-04-13', 'E-8-139509', '24073441805887DV7', '', 147, '2016-08-05 03:08:19'),
(120, 145, '2016-04-12', 'E-8-139509', '24073441805887DV7', '', 148, '2016-08-05 03:08:06'),
(121, 146, '2016-04-15', 'E-8-139509', '24073441805887DV7', '', 145, '2016-08-05 03:08:56'),
(122, 147, '2016-04-26', 'E-8-139509', '24073441805887DV7', '', 146, '2016-08-05 03:08:51'),
(123, 148, '2016-05-05', 'E-8-139509', '24073441805887DV7', '', 208188, '2016-08-05 03:08:38'),
(124, 149, '2016-04-20', 'E-8-139509', '24073441805887DV7', '', 208189, '2016-08-05 03:08:23'),
(125, 150, '2016-08-06', '106698136', '17749531700722', '', 207496, '2016-08-06 12:08:06'),
(126, 151, '2016-08-08', '106698136', '17749531700722', '', 203, '2016-08-08 12:08:45'),
(127, 152, '2016-08-08', '106698136', '17749531700722', '', 207291, '2016-08-08 12:08:27'),
(128, 153, '2016-08-08', '106698136', '17749531700722', '', 207292, '2016-08-08 12:08:55'),
(129, 153, '2016-08-08', '106698136', '17749531700722', '', 3723, '2016-08-08 12:08:23'),
(130, 154, '2016-08-08', '106698136', '17749531700722', '', 208398, '2016-08-08 03:08:53'),
(131, 155, '2016-03-16', '7454021478761', '7454021478761', '', 115, '2016-08-09 11:08:24'),
(132, 156, '0016-03-30', '8-757.1171', '7454021478761', '', 71, '2016-08-09 12:08:59'),
(133, 157, '2016-03-31', '8-757.1171', '7454021478761', '', 70, '2016-08-09 12:08:33'),
(134, 157, '2016-03-31', '6-705-175', '7454021478761', '', 77, '2016-08-09 12:08:43'),
(135, 157, '2016-03-31', '6-705-175', '7454021478761', '', 80, '2016-08-09 12:08:42'),
(136, 157, '2016-03-31', '6-705-175', '7454021478761', '', 79, '2016-08-09 12:08:11'),
(137, 158, '2016-08-09', '106698136', '17749531700722', '', 208414, '2016-08-09 12:08:18'),
(138, 159, '2016-08-09', '106698136', '17749531700722', '', 207666, '2016-08-09 05:08:13'),
(139, 160, '2016-08-10', '106547939', '18027571705580', '', 3703, '2016-08-10 01:08:51'),
(140, 161, '2016-08-10', '106698136', '17749531700722', '', 207718, '2016-08-11 10:08:28'),
(141, 162, '2016-08-11', '106698136', '17749531700722', '', 208394, '2016-08-11 04:08:24'),
(142, 163, '2016-05-26', '8-729-1753', '240282-1-401471', '', 207542, '2016-08-17 09:08:26'),
(143, 164, '2016-06-16', '10-31-418', '240282-1-401471', '', 207746, '2016-08-17 09:08:56'),
(144, 165, '2016-08-18', '106698136', '17749531700722', '', 207603, '2016-08-18 12:08:33'),
(145, 166, '2016-08-03', '106547939', '18027571705580', '', 207657, '2016-08-18 12:08:20'),
(146, 167, '2016-07-29', '106547939', '18027571705580', '', 207551, '2016-08-18 02:08:01'),
(147, 168, '2016-07-29', '106547939', '18027571705580', '', 207684, '2016-08-18 02:08:28'),
(148, 169, '2016-08-15', '106547939', '18027571705580', '', 207, '2016-08-18 02:08:56'),
(149, 170, '2016-08-19', '106698136', '17749531700722', '', 208392, '2016-08-19 10:08:32'),
(150, 171, '2016-08-19', '106698136', '17749531700722', '', 207303, '2016-08-19 12:08:50'),
(151, 172, '2016-08-19', '106547939', '18027571705580', '', 207579, '2016-08-19 12:08:04'),
(152, 173, '2016-08-19', '106547939', '18027571705580', '', 208365, '2016-08-19 03:08:25'),
(153, 157, '2016-03-30', '8-432-347', '7454021478761', '', 69, '2016-08-22 11:08:48'),
(154, 157, '2016-03-31', '8-757.1171', '7454021478761', '', 78, '2016-08-22 11:08:45'),
(155, 157, '2016-03-31', '6-705-175', '7454021478761', '', 26, '2016-08-22 01:08:35'),
(156, 174, '2016-04-16', '6-705-175', '7454021478761', '', 187, '2016-08-22 02:08:29'),
(157, 175, '2016-08-22', '106698136', '17749531700722', '', 207518, '2016-08-22 03:08:57'),
(158, 174, '2016-04-16', '6-705-175', '7454021478761', '', 152, '2016-08-22 03:08:06'),
(159, 155, '2016-04-21', '6-705-175', '7454021478761', '', 108, '2016-08-22 03:08:16'),
(160, 176, '2016-05-24', '6-705-175', '7454021478761', '', 23, '2016-08-22 03:08:13'),
(161, 177, '2016-05-20', '6-705-175', '7454021478761', '', 96, '2016-08-22 03:08:51'),
(162, 176, '2016-05-24', '6-705-175', '7454021478761', '', 95, '2016-08-22 03:08:52'),
(163, 178, '2016-05-24', '6-705-175', '7454021478761', '', 3630, '2016-08-22 03:08:20'),
(164, 179, '2016-08-22', '106698136', '17749531700722', '', 207638, '2016-08-22 05:08:18'),
(165, 180, '2016-08-22', '106698136', '17749531700722', '', 207682, '2016-08-22 05:08:02'),
(166, 181, '2016-08-23', '106698136', '17749531700722', '', 207512, '2016-08-24 04:08:31'),
(167, 182, '2016-08-24', '106698136', '17749531700722', '', 207488, '2016-08-24 04:08:57'),
(168, 183, '2016-08-24', '106698136', '17749531700722', '', 207580, '2016-08-24 05:08:15'),
(169, 127, '2016-08-24', '106698136', '17749531700722', '', 207302, '2016-08-25 09:08:03'),
(170, 184, '2016-08-24', '106698136', '17749531700722', '', 208337, '2016-08-25 09:08:40'),
(171, 185, '2016-08-25', '106547939', '18027571705580', '', 208372, '2016-08-25 11:08:16'),
(172, 186, '2016-08-26', '106698136', '17749531700722', '', 208343, '2016-08-26 01:08:48'),
(173, 187, '2016-08-25', '106547939', '18027571705580', '', 3679, '2016-08-26 04:08:09'),
(174, 188, '2016-08-26', '106698136', '17749531700722', '', 207711, '2016-08-26 04:08:32'),
(175, 41, '2016-08-31', '245415588', '245415588', '', 1, '2016-08-31 11:08:13'),
(176, 189, '2016-08-31', '245415588', '245415588', '', 5, '2016-08-31 01:08:52'),
(177, 190, '2016-08-31', '245415588', '245415588', '', 6, '2016-08-31 02:08:43'),
(178, 191, '2017-01-23', 'sad', 'sad', '', 208573, '2017-01-23 10:01:17'),
(179, 191, '2017-01-23', 'sad', 'sad', '', 208567, '2017-01-23 10:01:40'),
(180, 192, '2017-01-23', 'sjjsjs', 'sjjsjs', '', 208563, '2017-01-23 10:01:34'),
(181, 196, '2017-07-26', '15560998622015', '15560998622015', '', 208574, '2017-07-26 11:07:56'),
(182, 197, '2017-07-26', '245415588', '245415588', '', 208572, '2017-07-26 11:07:57'),
(183, 199, '2017-07-31', 'sjjsjs', 'sjjsjs', '', 208579, '2017-07-31 11:07:14'),
(184, 200, '2017-08-02', '987654321', '987654321', '', 208586, '2017-08-02 09:08:57');

-- --------------------------------------------------------

--
-- Estructura de tabla para la tabla `logs`
--

CREATE TABLE `logs` (
  `id` int(11) NOT NULL,
  `description` varchar(500) COLLATE utf8_unicode_ci NOT NULL,
  `ip` tinytext COLLATE utf8_unicode_ci NOT NULL,
  `date` datetime NOT NULL,
  `user` int(11) NOT NULL
) ENGINE=InnoDB DEFAULT CHARSET=utf8 COLLATE=utf8_unicode_ci;

--
-- Volcado de datos para la tabla `logs`
--

INSERT INTO `logs` (`id`, `description`, `ip`, `date`, `user`) VALUES
(1, 'inicio - prueba', '192.1.1.0', '2016-01-25 02:05:14', 1),
(2, 'mensaje a - prueba', '192.1.1.6', '2016-01-25 04:00:16', 2),
(3, 'mensaje b - prueba', '192.1.1.7', '2016-01-25 07:31:14', 3);

-- --------------------------------------------------------

--
-- Estructura de tabla para la tabla `lots`
--

CREATE TABLE `lots` (
  `id` int(11) NOT NULL,
  `user_id` int(11) NOT NULL,
  `initial` int(11) DEFAULT NULL,
  `quantity` int(11) NOT NULL,
  `date` datetime NOT NULL
) ENGINE=InnoDB DEFAULT CHARSET=utf8 COLLATE=utf8_spanish_ci;

--
-- Volcado de datos para la tabla `lots`
--

INSERT INTO `lots` (`id`, `user_id`, `initial`, `quantity`, `date`) VALUES
(55, 4, 50001, 200, '2016-03-28 16:47:52'),
(58, 4, 500001, 10, '2016-03-29 10:18:36'),
(59, 4, NULL, 199, '2016-03-29 11:10:04'),
(60, 16, 501, 10, '2016-03-29 14:31:48'),
(61, 17, 50001, 200, '2016-03-30 21:12:53'),
(62, 20, 1, 0, '2016-05-04 15:34:40'),
(63, 20, 1, 2, '2016-05-04 15:35:16'),
(64, 20, 1, 2, '2016-05-04 15:36:54'),
(65, 20, 1, 2, '2016-05-04 15:44:28'),
(66, 20, 6, 1, '2016-05-04 15:45:07'),
(67, 20, 1, 2, '2016-05-04 15:48:52'),
(68, 20, 10, 1, '2016-05-04 15:50:28'),
(69, 20, 123123, 1, '2016-05-08 00:02:34'),
(70, 20, 1100006, 1, '2016-05-08 00:03:20'),
(71, 20, 1231231, 1, '2016-05-08 00:03:47'),
(72, 20, 1231231, 2, '2016-05-08 15:47:04'),
(73, 20, 1231231, 2, '2016-05-08 15:47:55'),
(74, 4, 9999900, 10, '2016-05-09 15:35:21'),
(75, 4, 0, 203, '2016-05-30 08:56:15'),
(76, 4, 0, 50, '2016-05-30 08:57:49'),
(77, 17, NULL, 200, '2016-06-10 10:09:27'),
(78, 17, 50400, 200, '2016-06-10 10:10:18'),
(79, 112, 50001, 295, '2016-07-05 10:09:19'),
(80, 112, 500001, 400, '2016-07-05 10:13:43'),
(81, 112, 50001, 400, '2016-07-05 10:15:36'),
(82, 157, NULL, 10, '2016-08-30 10:11:07'),
(83, 157, 8585, 2, '2016-08-30 10:33:46'),
(84, 157, NULL, 2, '2017-03-15 13:53:07'),
(100, 157, NULL, 1, '2017-03-15 14:51:28'),
(101, 157, 8586, 2, '2017-03-15 14:55:05'),
(102, 16, NULL, 10, '2017-07-26 08:19:53'),
(103, 170, 8998908, 1, '2017-08-01 16:14:57'),
(104, 170, 8888888, 1, '2017-08-01 16:16:17'),
(105, 170, 1111111, 1, '2017-08-01 16:16:44'),
(106, 170, 2223231, 1, '2017-08-04 14:53:07'),
(107, 16, NULL, 10, '2017-08-28 16:04:10'),
(108, 16, NULL, 100, '2017-11-22 17:00:27');

-- --------------------------------------------------------

--
-- Estructura de tabla para la tabla `machines`
--

CREATE TABLE `machines` (
  `id` int(11) NOT NULL,
  `serial` varchar(13) COLLATE utf8_spanish_ci NOT NULL,
  `dealer_id` int(11) DEFAULT NULL,
  `observation` text COLLATE utf8_spanish_ci,
  `status` tinyint(4) NOT NULL DEFAULT '1',
  `created` datetime NOT NULL
) ENGINE=InnoDB DEFAULT CHARSET=utf8 COLLATE=utf8_spanish_ci;

--
-- Volcado de datos para la tabla `machines`
--

INSERT INTO `machines` (`id`, `serial`, `dealer_id`, `observation`, `status`, `created`) VALUES
(1, 'TFBX110050001', NULL, 'Primeros seriales SRP350', 1, '2016-03-29 00:00:00'),
(2, 'TFBX110050002', NULL, 'Primeros seriales SRP350', 1, '2016-03-29 11:10:04'),
(3, 'TFBX110050003', NULL, 'Primeros seriales SRP350', 1, '2016-03-29 11:10:04'),
(4, 'TFBX110050004', NULL, 'Primeros seriales SRP350', 1, '2016-03-29 11:10:04'),
(5, 'TFBX110050005', NULL, 'Primeros seriales SRP350', 1, '2016-03-29 11:10:04'),
(6, 'TFBX110050006', NULL, 'Primeros seriales SRP350', 1, '2016-03-29 11:10:04'),
(7, 'TFBX110050007', NULL, 'Primeros seriales SRP350', 1, '2016-03-29 11:10:04'),
(8, 'TFBX110050008', NULL, 'Primeros seriales SRP350', 1, '2016-03-29 11:10:04'),
(9, 'TFBX110050009', NULL, 'Primeros seriales SRP350', 1, '2016-03-29 11:10:04'),
(10, 'TFBX110050010', NULL, 'Primeros seriales SRP350', 1, '2016-03-29 11:10:04'),
(11, 'TFBX110050011', NULL, 'Primeros seriales SRP350', 1, '2016-03-29 11:10:04'),
(12, 'TFBX110050012', NULL, 'Primeros seriales SRP350', 1, '2016-03-29 11:10:04'),
(13, 'TFBX110050013', NULL, 'Primeros seriales SRP350', 1, '2016-03-29 11:10:04'),
(14, 'TFBX110050014', NULL, 'Primeros seriales SRP350', 1, '2016-03-29 11:10:04'),
(15, 'TFBX110050015', NULL, 'Primeros seriales SRP350', 1, '2016-03-29 11:10:04'),
(16, 'TFBX110050016', NULL, 'Primeros seriales SRP350', 1, '2016-03-29 11:10:04'),
(17, 'TFBX110050017', NULL, 'Primeros seriales SRP350', 1, '2016-03-29 11:10:04'),
(18, 'TFBX110050018', NULL, 'Primeros seriales SRP350', 1, '2016-03-29 11:10:04'),
(19, 'TFBX110050019', NULL, 'Primeros seriales SRP350', 1, '2016-03-29 11:10:04'),
(20, 'TFBX110050020', NULL, 'Primeros seriales SRP350', 1, '2016-03-29 11:10:04'),
(21, 'TFBX110050021', NULL, 'Primeros seriales SRP350', 1, '2016-03-29 11:10:04'),
(22, 'TFBX110050022', NULL, 'Primeros seriales SRP350', 1, '2016-03-29 11:10:04'),
(23, 'TFBX110050023', NULL, 'Primeros seriales SRP350', 1, '2016-03-29 11:10:04'),
(24, 'TFBX110050024', NULL, 'Primeros seriales SRP350', 1, '2016-03-29 11:10:04'),
(25, 'TFBX110050025', NULL, 'Primeros seriales SRP350', 1, '2016-03-29 11:10:04'),
(26, 'TFBX110050026', NULL, 'Primeros seriales SRP350', 1, '2016-03-29 11:10:04'),
(27, 'TFBX110050027', NULL, 'Primeros seriales SRP350', 1, '2016-03-29 11:10:04'),
(28, 'TFBX110050028', NULL, 'Primeros seriales SRP350', 1, '2016-03-29 11:10:04'),
(29, 'TFBX110050029', NULL, 'Primeros seriales SRP350', 1, '2016-03-29 11:10:04'),
(30, 'TFBX110050030', NULL, 'Primeros seriales SRP350', 1, '2016-03-29 11:10:04'),
(31, 'TFBX110050031', NULL, 'Primeros seriales SRP350', 1, '2016-03-29 11:10:04'),
(32, 'TFBX110050032', NULL, 'Primeros seriales SRP350', 1, '2016-03-29 11:10:04'),
(33, 'TFBX110050033', NULL, 'Primeros seriales SRP350', 1, '2016-03-29 11:10:04'),
(34, 'TFBX110050034', NULL, 'Primeros seriales SRP350', 1, '2016-03-29 11:10:04'),
(35, 'TFBX110050035', NULL, 'Primeros seriales SRP350', 1, '2016-03-29 11:10:04'),
(36, 'TFBX110050036', NULL, 'Primeros seriales SRP350', 1, '2016-03-29 11:10:04'),
(37, 'TFBX110050037', NULL, 'Primeros seriales SRP350', 1, '2016-03-29 11:10:04'),
(38, 'TFBX110050038', NULL, 'Primeros seriales SRP350', 1, '2016-03-29 11:10:04'),
(39, 'TFBX110050039', NULL, 'Primeros seriales SRP350', 1, '2016-03-29 11:10:04'),
(40, 'TFBX110050040', NULL, 'Primeros seriales SRP350', 1, '2016-03-29 11:10:04'),
(41, 'TFBX110050041', NULL, 'Primeros seriales SRP350', 1, '2016-03-29 11:10:04'),
(42, 'TFBX110050042', NULL, 'Primeros seriales SRP350', 1, '2016-03-29 11:10:04'),
(43, 'TFBX110050043', NULL, 'Primeros seriales SRP350', 1, '2016-03-29 11:10:04'),
(44, 'TFBX110050044', NULL, 'Primeros seriales SRP350', 1, '2016-03-29 11:10:04'),
(45, 'TFBX110050045', NULL, 'Primeros seriales SRP350', 1, '2016-03-29 11:10:04'),
(46, 'TFBX110050046', NULL, 'Primeros seriales SRP350', 1, '2016-03-29 11:10:04'),
(47, 'TFBX110050047', NULL, 'Primeros seriales SRP350', 1, '2016-03-29 11:10:04'),
(48, 'TFBX110050048', NULL, 'Primeros seriales SRP350', 1, '2016-03-29 11:10:04'),
(49, 'TFBX110050049', NULL, 'Primeros seriales SRP350', 1, '2016-03-29 11:10:04'),
(50, 'TFBX110050050', NULL, 'Primeros seriales SRP350', 1, '2016-03-29 11:10:04'),
(51, 'TFBX110050051', NULL, 'Primeros seriales SRP350', 1, '2016-03-29 11:10:04'),
(52, 'TFBX110050052', NULL, 'Primeros seriales SRP350', 1, '2016-03-29 11:10:04'),
(53, 'TFBX110050053', NULL, 'Primeros seriales SRP350', 1, '2016-03-29 11:10:04'),
(54, 'TFBX110050054', NULL, 'Primeros seriales SRP350', 1, '2016-03-29 11:10:04'),
(55, 'TFBX110050055', NULL, 'Primeros seriales SRP350', 1, '2016-03-29 11:10:04'),
(56, 'TFBX110050056', NULL, 'Primeros seriales SRP350', 1, '2016-03-29 11:10:04'),
(57, 'TFBX110050057', NULL, 'Primeros seriales SRP350', 1, '2016-03-29 11:10:04'),
(58, 'TFBX110050058', NULL, 'Primeros seriales SRP350', 1, '2016-03-29 11:10:04'),
(59, 'TFBX110050059', NULL, 'Primeros seriales SRP350', 1, '2016-03-29 11:10:04'),
(60, 'TFBX110050060', NULL, 'Primeros seriales SRP350', 1, '2016-03-29 11:10:04'),
(61, 'TFBX110050061', NULL, 'Primeros seriales SRP350', 1, '2016-03-29 11:10:04'),
(62, 'TFBX110050062', NULL, 'Primeros seriales SRP350', 1, '2016-03-29 11:10:04'),
(63, 'TFBX110050063', NULL, 'Primeros seriales SRP350', 1, '2016-03-29 11:10:04'),
(64, 'TFBX110050064', NULL, 'Primeros seriales SRP350', 1, '2016-03-29 11:10:04'),
(65, 'TFBX110050065', NULL, 'Primeros seriales SRP350', 1, '2016-03-29 11:10:04'),
(66, 'TFBX110050066', NULL, 'Primeros seriales SRP350', 1, '2016-03-29 11:10:04'),
(67, 'TFBX110050067', NULL, 'Primeros seriales SRP350', 1, '2016-03-29 11:10:04'),
(68, 'TFBX110050068', NULL, 'Primeros seriales SRP350', 1, '2016-03-29 11:10:04'),
(69, 'TFBX110050069', NULL, 'Primeros seriales SRP350', 1, '2016-03-29 11:10:04'),
(70, 'TFBX110050070', NULL, 'Primeros seriales SRP350', 1, '2016-03-29 11:10:04'),
(71, 'TFBX110050071', NULL, 'Primeros seriales SRP350', 1, '2016-03-29 11:10:04'),
(72, 'TFBX110050072', NULL, 'Primeros seriales SRP350', 1, '2016-03-29 11:10:04'),
(73, 'TFBX110050073', NULL, 'Primeros seriales SRP350', 1, '2016-03-29 11:10:04'),
(74, 'TFBX110050074', NULL, 'Primeros seriales SRP350', 1, '2016-03-29 11:10:04'),
(75, 'TFBX110050075', NULL, 'Primeros seriales SRP350', 1, '2016-03-29 11:10:04'),
(76, 'TFBX110050076', NULL, 'Primeros seriales SRP350', 1, '2016-03-29 11:10:04'),
(77, 'TFBX110050077', NULL, 'Primeros seriales SRP350', 1, '2016-03-29 11:10:04'),
(78, 'TFBX110050078', NULL, 'Primeros seriales SRP350', 1, '2016-03-29 11:10:04'),
(79, 'TFBX110050079', NULL, 'Primeros seriales SRP350', 1, '2016-03-29 11:10:04'),
(80, 'TFBX110050080', NULL, 'Primeros seriales SRP350', 1, '2016-03-29 11:10:04'),
(81, 'TFBX110050081', NULL, 'Primeros seriales SRP350', 1, '2016-03-29 11:10:04'),
(82, 'TFBX110050082', NULL, 'Primeros seriales SRP350', 1, '2016-03-29 11:10:04'),
(83, 'TFBX110050083', NULL, 'Primeros seriales SRP350', 1, '2016-03-29 11:10:04'),
(84, 'TFBX110050084', NULL, 'Primeros seriales SRP350', 1, '2016-03-29 11:10:04'),
(85, 'TFBX110050085', NULL, 'Primeros seriales SRP350', 1, '2016-03-29 11:10:04'),
(86, 'TFBX110050086', NULL, 'Primeros seriales SRP350', 1, '2016-03-29 11:10:04'),
(87, 'TFBX110050087', NULL, 'Primeros seriales SRP350', 1, '2016-03-29 11:10:04'),
(88, 'TFBX110050088', NULL, 'Primeros seriales SRP350', 1, '2016-03-29 11:10:04'),
(89, 'TFBX110050089', NULL, 'Primeros seriales SRP350', 1, '2016-03-29 11:10:04'),
(90, 'TFBX110050090', NULL, 'Primeros seriales SRP350', 1, '2016-03-29 11:10:04'),
(91, 'TFBX110050091', NULL, 'Primeros seriales SRP350', 1, '2016-03-29 11:10:04'),
(92, 'TFBX110050092', NULL, 'Primeros seriales SRP350', 1, '2016-03-29 11:10:04'),
(93, 'TFBX110050093', NULL, 'Primeros seriales SRP350', 1, '2016-03-29 11:10:04'),
(94, 'TFBX110050094', NULL, 'Primeros seriales SRP350', 1, '2016-03-29 11:10:04'),
(95, 'TFBX110050095', NULL, 'Primeros seriales SRP350', 1, '2016-03-29 11:10:04'),
(96, 'TFBX110050096', NULL, 'Primeros seriales SRP350', 1, '2016-03-29 11:10:04'),
(97, 'TFBX110050097', NULL, 'Primeros seriales SRP350', 1, '2016-03-29 11:10:04'),
(98, 'TFBX110050098', NULL, 'Primeros seriales SRP350', 1, '2016-03-29 11:10:04'),
(99, 'TFBX110050099', NULL, 'Primeros seriales SRP350', 1, '2016-03-29 11:10:04'),
(100, 'TFBX110050100', NULL, 'Primeros seriales SRP350', 1, '2016-03-29 11:10:04'),
(101, 'TFBX110050101', NULL, 'Primeros seriales SRP350', 1, '2016-03-29 11:10:04'),
(102, 'TFBX110050102', NULL, 'Primeros seriales SRP350', 1, '2016-03-29 11:10:04'),
(103, 'TFBX110050103', NULL, 'Primeros seriales SRP350', 1, '2016-03-29 11:10:04'),
(104, 'TFBX110050104', NULL, 'Primeros seriales SRP350', 1, '2016-03-29 11:10:04'),
(105, 'TFBX110050105', NULL, 'Primeros seriales SRP350', 1, '2016-03-29 11:10:04'),
(106, 'TFBX110050106', NULL, 'Primeros seriales SRP350', 1, '2016-03-29 11:10:04'),
(107, 'TFBX110050107', NULL, 'Primeros seriales SRP350', 1, '2016-03-29 11:10:04'),
(108, 'TFBX110050108', NULL, 'Primeros seriales SRP350', 1, '2016-03-29 11:10:04'),
(109, 'TFBX110050109', NULL, 'Primeros seriales SRP350', 1, '2016-03-29 11:10:04'),
(110, 'TFBX110050110', NULL, 'Primeros seriales SRP350', 1, '2016-03-29 11:10:04'),
(111, 'TFBX110050111', NULL, 'Primeros seriales SRP350', 1, '2016-03-29 11:10:04'),
(112, 'TFBX110050112', NULL, 'Primeros seriales SRP350', 1, '2016-03-29 11:10:04'),
(113, 'TFBX110050113', NULL, 'Primeros seriales SRP350', 1, '2016-03-29 11:10:04'),
(114, 'TFBX110050114', NULL, 'Primeros seriales SRP350', 1, '2016-03-29 11:10:04'),
(115, 'TFBX110050115', NULL, 'Primeros seriales SRP350', 1, '2016-03-29 11:10:04'),
(116, 'TFBX110050116', NULL, 'Primeros seriales SRP350', 1, '2016-03-29 11:10:04'),
(117, 'TFBX110050117', NULL, 'Primeros seriales SRP350', 1, '2016-03-29 11:10:04'),
(118, 'TFBX110050118', NULL, 'Primeros seriales SRP350', 1, '2016-03-29 11:10:04'),
(119, 'TFBX110050119', NULL, 'Primeros seriales SRP350', 1, '2016-03-29 11:10:04'),
(120, 'TFBX110050120', NULL, 'Primeros seriales SRP350', 1, '2016-03-29 11:10:04'),
(121, 'TFBX110050121', NULL, 'Primeros seriales SRP350', 1, '2016-03-29 11:10:04'),
(122, 'TFBX110050122', NULL, 'Primeros seriales SRP350', 1, '2016-03-29 11:10:04'),
(123, 'TFBX110050123', NULL, 'Primeros seriales SRP350', 1, '2016-03-29 11:10:04'),
(124, 'TFBX110050124', NULL, 'Primeros seriales SRP350', 1, '2016-03-29 11:10:04'),
(125, 'TFBX110050125', NULL, 'Primeros seriales SRP350', 1, '2016-03-29 11:10:04'),
(126, 'TFBX110050126', NULL, 'Primeros seriales SRP350', 1, '2016-03-29 11:10:04'),
(127, 'TFBX110050127', NULL, 'Primeros seriales SRP350', 1, '2016-03-29 11:10:04'),
(128, 'TFBX110050128', NULL, 'Primeros seriales SRP350', 1, '2016-03-29 11:10:04'),
(129, 'TFBX110050129', NULL, 'Primeros seriales SRP350', 1, '2016-03-29 11:10:04'),
(130, 'TFBX110050130', NULL, 'Primeros seriales SRP350', 1, '2016-03-29 11:10:04'),
(131, 'TFBX110050131', NULL, 'Primeros seriales SRP350', 1, '2016-03-29 11:10:04'),
(132, 'TFBX110050132', NULL, 'Primeros seriales SRP350', 1, '2016-03-29 11:10:04'),
(133, 'TFBX110050133', NULL, 'Primeros seriales SRP350', 1, '2016-03-29 11:10:04'),
(134, 'TFBX110050134', NULL, 'Primeros seriales SRP350', 1, '2016-03-29 11:10:04'),
(135, 'TFBX110050135', NULL, 'Primeros seriales SRP350', 1, '2016-03-29 11:10:04'),
(136, 'TFBX110050136', NULL, 'Primeros seriales SRP350', 1, '2016-03-29 11:10:04'),
(137, 'TFBX110050137', NULL, 'Primeros seriales SRP350', 1, '2016-03-29 11:10:04'),
(138, 'TFBX110050138', NULL, 'Primeros seriales SRP350', 1, '2016-03-29 11:10:04'),
(139, 'TFBX110050139', NULL, 'Primeros seriales SRP350', 1, '2016-03-29 11:10:04'),
(140, 'TFBX110050140', NULL, 'Primeros seriales SRP350', 1, '2016-03-29 11:10:04'),
(141, 'TFBX110050141', NULL, 'Primeros seriales SRP350', 1, '2016-03-29 11:10:04'),
(142, 'TFBX110050142', NULL, 'Primeros seriales SRP350', 1, '2016-03-29 11:10:04'),
(143, 'TFBX110050143', NULL, 'Primeros seriales SRP350', 1, '2016-03-29 11:10:04'),
(144, 'TFBX110050144', NULL, 'Primeros seriales SRP350', 1, '2016-03-29 11:10:04'),
(145, 'TFBX110050145', NULL, 'Primeros seriales SRP350', 1, '2016-03-29 11:10:04'),
(146, 'TFBX110050146', NULL, 'Primeros seriales SRP350', 1, '2016-03-29 11:10:04'),
(147, 'TFBX110050147', NULL, 'Primeros seriales SRP350', 1, '2016-03-29 11:10:04'),
(148, 'TFBX110050148', NULL, 'Primeros seriales SRP350', 1, '2016-03-29 11:10:04'),
(149, 'TFBX110050149', NULL, 'Primeros seriales SRP350', 1, '2016-03-29 11:10:04'),
(150, 'TFBX110050150', NULL, 'Primeros seriales SRP350', 1, '2016-03-29 11:10:04'),
(151, 'TFBX110050151', NULL, 'Primeros seriales SRP350', 1, '2016-03-29 11:10:04'),
(152, 'TFBX110050152', NULL, 'Primeros seriales SRP350', 1, '2016-03-29 11:10:04'),
(153, 'TFBX110050153', NULL, 'Primeros seriales SRP350', 1, '2016-03-29 11:10:04'),
(154, 'TFBX110050154', NULL, 'Primeros seriales SRP350', 1, '2016-03-29 11:10:04'),
(155, 'TFBX110050155', NULL, 'Primeros seriales SRP350', 1, '2016-03-29 11:10:04'),
(156, 'TFBX110050156', NULL, 'Primeros seriales SRP350', 1, '2016-03-29 11:10:04'),
(157, 'TFBX110050157', NULL, 'Primeros seriales SRP350', 1, '2016-03-29 11:10:04'),
(158, 'TFBX110050158', NULL, 'Primeros seriales SRP350', 1, '2016-03-29 11:10:04'),
(159, 'TFBX110050159', NULL, 'Primeros seriales SRP350', 1, '2016-03-29 11:10:04'),
(160, 'TFBX110050160', NULL, 'Primeros seriales SRP350', 1, '2016-03-29 11:10:04'),
(161, 'TFBX110050161', NULL, 'Primeros seriales SRP350', 1, '2016-03-29 11:10:04'),
(162, 'TFBX110050162', NULL, 'Primeros seriales SRP350', 1, '2016-03-29 11:10:04'),
(163, 'TFBX110050163', NULL, 'Primeros seriales SRP350', 1, '2016-03-29 11:10:04'),
(164, 'TFBX110050164', NULL, 'Primeros seriales SRP350', 1, '2016-03-29 11:10:04'),
(165, 'TFBX110050165', NULL, 'Primeros seriales SRP350', 1, '2016-03-29 11:10:04'),
(166, 'TFBX110050166', NULL, 'Primeros seriales SRP350', 1, '2016-03-29 11:10:04'),
(167, 'TFBX110050167', NULL, 'Primeros seriales SRP350', 1, '2016-03-29 11:10:04'),
(168, 'TFBX110050168', NULL, 'Primeros seriales SRP350', 1, '2016-03-29 11:10:04'),
(169, 'TFBX110050169', NULL, 'Primeros seriales SRP350', 1, '2016-03-29 11:10:04'),
(170, 'TFBX110050170', NULL, 'Primeros seriales SRP350', 1, '2016-03-29 11:10:04'),
(171, 'TFBX110050171', NULL, 'Primeros seriales SRP350', 1, '2016-03-29 11:10:04'),
(172, 'TFBX110050172', NULL, 'Primeros seriales SRP350', 1, '2016-03-29 11:10:04'),
(173, 'TFBX110050173', NULL, 'Primeros seriales SRP350', 1, '2016-03-29 11:10:04'),
(174, 'TFBX110050174', NULL, 'Primeros seriales SRP350', 1, '2016-03-29 11:10:04'),
(175, 'TFBX110050175', NULL, 'Primeros seriales SRP350', 1, '2016-03-29 11:10:04'),
(176, 'TFBX110050176', NULL, 'Primeros seriales SRP350', 1, '2016-03-29 11:10:04'),
(177, 'TFBX110050177', NULL, 'Primeros seriales SRP350', 1, '2016-03-29 11:10:04'),
(178, 'TFBX110050178', NULL, 'Primeros seriales SRP350', 1, '2016-03-29 11:10:04'),
(179, 'TFBX110050179', NULL, 'Primeros seriales SRP350', 1, '2016-03-29 11:10:04'),
(180, 'TFBX110050180', NULL, 'Primeros seriales SRP350', 1, '2016-03-29 11:10:04'),
(181, 'TFBX110050181', NULL, 'Primeros seriales SRP350', 1, '2016-03-29 11:10:04'),
(182, 'TFBX110050182', NULL, 'Primeros seriales SRP350', 1, '2016-03-29 11:10:04'),
(183, 'TFBX110050183', NULL, 'Primeros seriales SRP350', 1, '2016-03-29 11:10:04'),
(184, 'TFBX110050184', NULL, 'Primeros seriales SRP350', 1, '2016-03-29 11:10:04'),
(185, 'TFBX110050185', NULL, 'Primeros seriales SRP350', 1, '2016-03-29 11:10:04'),
(186, 'TFBX110050186', NULL, 'Primeros seriales SRP350', 1, '2016-03-29 11:10:04'),
(187, 'TFBX110050187', NULL, 'Primeros seriales SRP350', 1, '2016-03-29 11:10:04'),
(188, 'TFBX110050188', NULL, 'Primeros seriales SRP350', 1, '2016-03-29 11:10:04'),
(189, 'TFBX110050189', NULL, 'Primeros seriales SRP350', 1, '2016-03-29 11:10:04'),
(190, 'TFBX110050190', NULL, 'Primeros seriales SRP350', 1, '2016-03-29 11:10:04'),
(191, 'TFBX110050191', NULL, 'Primeros seriales SRP350', 1, '2016-03-29 11:10:04'),
(192, 'TFBX110050192', NULL, 'Primeros seriales SRP350', 1, '2016-03-29 11:10:04'),
(193, 'TFBX110050193', NULL, 'Primeros seriales SRP350', 1, '2016-03-29 11:10:04'),
(194, 'TFBX110050194', NULL, 'Primeros seriales SRP350', 1, '2016-03-29 11:10:04'),
(195, 'TFBX110050195', NULL, 'Primeros seriales SRP350', 1, '2016-03-29 11:10:04'),
(196, 'TFBX110050196', NULL, 'Primeros seriales SRP350', 1, '2016-03-29 11:10:04'),
(197, 'TFBX110050197', NULL, 'Primeros seriales SRP350', 1, '2016-03-29 11:10:04'),
(198, 'TFBX110050198', NULL, 'Primeros seriales SRP350', 1, '2016-03-29 11:10:04'),
(199, 'TFBX110050199', NULL, 'Primeros seriales SRP350', 1, '2016-03-29 11:10:04'),
(200, 'TFBX110050200', NULL, 'Primeros seriales SRP350', 1, '2016-03-29 11:10:04'),
(201, 'TFCL110050201', NULL, 'Seriales de prueba (JR)', 1, '2016-03-29 14:31:48'),
(202, 'TFCL110050202', NULL, 'Seriales de prueba (JR)', 1, '2016-03-29 14:31:48'),
(203, 'TFCL110050203', NULL, 'Seriales de prueba (JR)', 1, '2016-03-29 14:31:48'),
(204, 'TFCL110050204', NULL, 'Seriales de prueba (JR)', 1, '2016-03-29 14:31:48'),
(205, 'TFCL110050205', NULL, 'Seriales de prueba (JR)', 1, '2016-03-29 14:31:48'),
(206, 'TFCL110050206', NULL, 'Seriales de prueba (JR)', 1, '2016-03-29 14:31:48'),
(207, 'TFCL110050207', NULL, 'Seriales de prueba (JR)', 1, '2016-03-29 14:31:48'),
(208, 'TFCL110050208', NULL, 'Seriales de prueba (JR)', 1, '2016-03-29 14:31:48'),
(209, 'TFCL110050209', NULL, 'Seriales de prueba (JR)', 1, '2016-03-29 14:31:48'),
(210, 'TFCL110050210', NULL, 'Seriales de prueba (JR)', 1, '2016-03-29 14:31:48'),
(3529, 'TFBX110050211', 17, 'seriales actuales', 1, '2016-03-30 21:12:53'),
(3530, 'TFBX110050212', 17, 'seriales actuales', 1, '2016-03-30 21:12:53'),
(3531, 'TFBX110050213', 17, 'seriales actuales', 1, '2016-03-30 21:12:53'),
(3532, 'TFBX110050214', 17, 'seriales actuales', 1, '2016-03-30 21:12:53'),
(3533, 'TFBX110050215', 17, 'seriales actuales', 1, '2016-03-30 21:12:53'),
(3534, 'TFBX110050216', 17, 'seriales actuales', 1, '2016-03-30 21:12:53'),
(3535, 'TFBX110050217', 17, 'seriales actuales', 1, '2016-03-30 21:12:53'),
(3536, 'TFBX110050218', 17, 'seriales actuales', 1, '2016-03-30 21:12:53'),
(3537, 'TFBX110050219', 17, 'seriales actuales', 1, '2016-03-30 21:12:53'),
(3538, 'TFBX110050220', 17, 'seriales actuales', 1, '2016-03-30 21:12:53'),
(3539, 'TFBX110050221', 17, 'seriales actuales', 1, '2016-03-30 21:12:53'),
(3540, 'TFBX110050222', 17, 'seriales actuales', 1, '2016-03-30 21:12:53'),
(3541, 'TFBX110050223', 17, 'seriales actuales', 1, '2016-03-30 21:12:53'),
(3542, 'TFBX110050224', 17, 'seriales actuales', 1, '2016-03-30 21:12:53'),
(3543, 'TFBX110050225', 17, 'seriales actuales', 1, '2016-03-30 21:12:53'),
(3544, 'TFBX110050226', 17, 'seriales actuales', 1, '2016-03-30 21:12:53'),
(3545, 'TFBX110050227', 17, 'seriales actuales', 1, '2016-03-30 21:12:53'),
(3546, 'TFBX110050228', 17, 'seriales actuales', 1, '2016-03-30 21:12:53'),
(3547, 'TFBX110050229', 17, 'seriales actuales', 1, '2016-03-30 21:12:53'),
(3548, 'TFBX110050230', 17, 'seriales actuales', 1, '2016-03-30 21:12:53'),
(3549, 'TFBX110050231', 17, 'seriales actuales', 1, '2016-03-30 21:12:53'),
(3550, 'TFBX110050232', 17, 'seriales actuales', 1, '2016-03-30 21:12:53'),
(3551, 'TFBX110050233', 17, 'seriales actuales', 1, '2016-03-30 21:12:53'),
(3552, 'TFBX110050234', 17, 'seriales actuales', 1, '2016-03-30 21:12:53'),
(3553, 'TFBX110050235', 17, 'seriales actuales', 1, '2016-03-30 21:12:53'),
(3554, 'TFBX110050236', 17, 'seriales actuales', 1, '2016-03-30 21:12:53'),
(3555, 'TFBX110050237', 17, 'seriales actuales', 1, '2016-03-30 21:12:53'),
(3556, 'TFBX110050238', 17, 'seriales actuales', 1, '2016-03-30 21:12:53'),
(3557, 'TFBX110050239', 17, 'seriales actuales', 1, '2016-03-30 21:12:53'),
(3558, 'TFBX110050240', 17, 'seriales actuales', 1, '2016-03-30 21:12:53'),
(3559, 'TFBX110050241', 17, 'seriales actuales', 1, '2016-03-30 21:12:53'),
(3560, 'TFBX110050242', 17, 'seriales actuales', 1, '2016-03-30 21:12:53'),
(3561, 'TFBX110050243', 17, 'seriales actuales', 1, '2016-03-30 21:12:53'),
(3562, 'TFBX110050244', 17, 'seriales actuales', 1, '2016-03-30 21:12:53'),
(3563, 'TFBX110050245', 17, 'seriales actuales', 1, '2016-03-30 21:12:53'),
(3564, 'TFBX110050246', 17, 'seriales actuales', 1, '2016-03-30 21:12:53'),
(3565, 'TFBX110050247', 17, 'seriales actuales', 1, '2016-03-30 21:12:53'),
(3566, 'TFBX110050248', 17, 'seriales actuales', 1, '2016-03-30 21:12:53'),
(3567, 'TFBX110050249', 17, 'seriales actuales', 1, '2016-03-30 21:12:53'),
(3568, 'TFBX110050250', 17, 'seriales actuales', 1, '2016-03-30 21:12:53'),
(3569, 'TFBX110050251', 17, 'seriales actuales', 1, '2016-03-30 21:12:53'),
(3570, 'TFBX110050252', 17, 'seriales actuales', 1, '2016-03-30 21:12:53'),
(3571, 'TFBX110050253', 17, 'seriales actuales', 1, '2016-03-30 21:12:53'),
(3572, 'TFBX110050254', 17, 'seriales actuales', 1, '2016-03-30 21:12:53'),
(3573, 'TFBX110050255', 17, 'seriales actuales', 1, '2016-03-30 21:12:53'),
(3574, 'TFBX110050256', 17, 'seriales actuales', 1, '2016-03-30 21:12:53'),
(3575, 'TFBX110050257', 17, 'seriales actuales', 1, '2016-03-30 21:12:53'),
(3576, 'TFBX110050258', 17, 'seriales actuales', 1, '2016-03-30 21:12:53'),
(3577, 'TFBX110050259', 17, 'seriales actuales', 1, '2016-03-30 21:12:53'),
(3578, 'TFBX110050260', 17, 'seriales actuales', 1, '2016-03-30 21:12:53'),
(3579, 'TFBX110050261', 17, 'seriales actuales', 1, '2016-03-30 21:12:53'),
(3580, 'TFBX110050262', 17, 'seriales actuales', 1, '2016-03-30 21:12:53'),
(3581, 'TFBX110050263', 17, 'seriales actuales', 1, '2016-03-30 21:12:53'),
(3582, 'TFBX110050264', 17, 'seriales actuales', 1, '2016-03-30 21:12:53'),
(3583, 'TFBX110050265', 17, 'seriales actuales', 1, '2016-03-30 21:12:53'),
(3584, 'TFBX110050266', 17, 'seriales actuales', 1, '2016-03-30 21:12:53'),
(3585, 'TFBX110050267', 17, 'seriales actuales', 1, '2016-03-30 21:12:53'),
(3586, 'TFBX110050268', 17, 'seriales actuales', 1, '2016-03-30 21:12:53'),
(3587, 'TFBX110050269', 17, 'seriales actuales', 1, '2016-03-30 21:12:53'),
(3588, 'TFBX110050270', 17, 'seriales actuales', 1, '2016-03-30 21:12:53'),
(3589, 'TFBX110050271', 17, 'seriales actuales', 1, '2016-03-30 21:12:53'),
(3590, 'TFBX110050272', 17, 'seriales actuales', 1, '2016-03-30 21:12:53'),
(3591, 'TFBX110050273', 17, 'seriales actuales', 1, '2016-03-30 21:12:53'),
(3592, 'TFBX110050274', 17, 'seriales actuales', 1, '2016-03-30 21:12:53'),
(3593, 'TFBX110050275', 17, 'seriales actuales', 1, '2016-03-30 21:12:53'),
(3594, 'TFBX110050276', 17, 'seriales actuales', 1, '2016-03-30 21:12:53'),
(3595, 'TFBX110050277', 17, 'seriales actuales', 1, '2016-03-30 21:12:53'),
(3596, 'TFBX110050278', 17, 'seriales actuales', 1, '2016-03-30 21:12:53'),
(3597, 'TFBX110050279', 17, 'seriales actuales', 1, '2016-03-30 21:12:53'),
(3598, 'TFBX110050280', 17, 'seriales actuales', 1, '2016-03-30 21:12:53'),
(3599, 'TFBX110050281', 17, 'seriales actuales', 1, '2016-03-30 21:12:53'),
(3600, 'TFBX110050282', 17, 'seriales actuales', 1, '2016-03-30 21:12:53'),
(3601, 'TFBX110050283', 17, 'seriales actuales', 1, '2016-03-30 21:12:53'),
(3602, 'TFBX110050284', 17, 'seriales actuales', 1, '2016-03-30 21:12:53'),
(3603, 'TFBX110050285', 17, 'seriales actuales', 1, '2016-03-30 21:12:53'),
(3604, 'TFBX110050286', 17, 'seriales actuales', 1, '2016-03-30 21:12:53'),
(3605, 'TFBX110050287', 17, 'seriales actuales', 1, '2016-03-30 21:12:53'),
(3606, 'TFBX110050288', 17, 'seriales actuales', 1, '2016-03-30 21:12:53'),
(3607, 'TFBX110050289', 17, 'seriales actuales', 1, '2016-03-30 21:12:53'),
(3608, 'TFBX110050290', 17, 'seriales actuales', 1, '2016-03-30 21:12:53'),
(3609, 'TFBX110050291', 17, 'seriales actuales', 1, '2016-03-30 21:12:53'),
(3610, 'TFBX110050292', 17, 'seriales actuales', 1, '2016-03-30 21:12:53'),
(3611, 'TFBX110050293', 17, 'seriales actuales', 1, '2016-03-30 21:12:53'),
(3612, 'TFBX110050294', 17, 'seriales actuales', 1, '2016-03-30 21:12:53'),
(3613, 'TFBX110050295', 17, 'seriales actuales', 1, '2016-03-30 21:12:53'),
(3614, 'TFBX110050296', 17, 'seriales actuales', 1, '2016-03-30 21:12:53'),
(3615, 'TFBX110050297', 17, 'seriales actuales', 1, '2016-03-30 21:12:53'),
(3616, 'TFBX110050298', 17, 'seriales actuales', 1, '2016-03-30 21:12:53'),
(3617, 'TFBX110050299', 17, 'seriales actuales', 1, '2016-03-30 21:12:53'),
(3618, 'TFBX110050300', 17, 'seriales actuales', 1, '2016-03-30 21:12:53'),
(3619, 'TFBX110050301', 17, 'seriales actuales', 1, '2016-03-30 21:12:53'),
(3620, 'TFBX110050302', 17, 'seriales actuales', 1, '2016-03-30 21:12:53'),
(3621, 'TFBX110050303', 17, 'seriales actuales', 1, '2016-03-30 21:12:53'),
(3622, 'TFBX110050304', 17, 'seriales actuales', 1, '2016-03-30 21:12:53'),
(3623, 'TFBX110050305', 17, 'seriales actuales', 1, '2016-03-30 21:12:53'),
(3624, 'TFBX110050306', 17, 'seriales actuales', 1, '2016-03-30 21:12:53'),
(3625, 'TFBX110050307', 17, 'seriales actuales', 1, '2016-03-30 21:12:53'),
(3626, 'TFBX110050308', 17, 'seriales actuales', 1, '2016-03-30 21:12:53'),
(3627, 'TFBX110050309', 17, 'seriales actuales', 1, '2016-03-30 21:12:53'),
(3628, 'TFBX110050310', 17, 'seriales actuales', 1, '2016-03-30 21:12:53'),
(3629, 'TFBX110050311', 17, 'seriales actuales', 1, '2016-03-30 21:12:53'),
(3630, 'TFBX110050312', 17, 'seriales actuales', 1, '2016-03-30 21:12:53'),
(3631, 'TFBX110050313', 17, 'seriales actuales', 1, '2016-03-30 21:12:53'),
(3632, 'TFBX110050314', 17, 'seriales actuales', 1, '2016-03-30 21:12:53'),
(3633, 'TFBX110050315', 17, 'seriales actuales', 1, '2016-03-30 21:12:53'),
(3634, 'TFBX110050316', 17, 'seriales actuales', 1, '2016-03-30 21:12:53'),
(3635, 'TFBX110050317', 17, 'seriales actuales', 1, '2016-03-30 21:12:53'),
(3636, 'TFBX110050318', 17, 'seriales actuales', 1, '2016-03-30 21:12:53'),
(3637, 'TFBX110050319', 17, 'seriales actuales', 1, '2016-03-30 21:12:53'),
(3638, 'TFBX110050320', 17, 'seriales actuales', 1, '2016-03-30 21:12:53'),
(3639, 'TFBX110050321', 17, 'seriales actuales', 1, '2016-03-30 21:12:53'),
(3640, 'TFBX110050322', 17, 'seriales actuales', 1, '2016-03-30 21:12:53'),
(3641, 'TFBX110050323', 17, 'seriales actuales', 1, '2016-03-30 21:12:53'),
(3642, 'TFBX110050324', 17, 'seriales actuales', 1, '2016-03-30 21:12:53'),
(3643, 'TFBX110050325', 17, 'seriales actuales', 1, '2016-03-30 21:12:53'),
(3644, 'TFBX110050326', 17, 'seriales actuales', 1, '2016-03-30 21:12:53'),
(3645, 'TFBX110050327', 17, 'seriales actuales', 1, '2016-03-30 21:12:53'),
(3646, 'TFBX110050328', 17, 'seriales actuales', 1, '2016-03-30 21:12:53'),
(3647, 'TFBX110050329', 17, 'seriales actuales', 1, '2016-03-30 21:12:53'),
(3648, 'TFBX110050330', 17, 'seriales actuales', 1, '2016-03-30 21:12:53'),
(3649, 'TFBX110050331', 17, 'seriales actuales', 1, '2016-03-30 21:12:53'),
(3650, 'TFBX110050332', 17, 'seriales actuales', 1, '2016-03-30 21:12:53'),
(3651, 'TFBX110050333', 17, 'seriales actuales', 1, '2016-03-30 21:12:53'),
(3652, 'TFBX110050334', 17, 'seriales actuales', 1, '2016-03-30 21:12:53'),
(3653, 'TFBX110050335', 17, 'seriales actuales', 1, '2016-03-30 21:12:53'),
(3654, 'TFBX110050336', 17, 'seriales actuales', 1, '2016-03-30 21:12:53'),
(3655, 'TFBX110050337', 17, 'seriales actuales', 1, '2016-03-30 21:12:53'),
(3656, 'TFBX110050338', 17, 'seriales actuales', 1, '2016-03-30 21:12:53'),
(3657, 'TFBX110050339', 17, 'seriales actuales', 1, '2016-03-30 21:12:53'),
(3658, 'TFBX110050340', 17, 'seriales actuales', 1, '2016-03-30 21:12:53'),
(3659, 'TFBX110050341', 17, 'seriales actuales', 1, '2016-03-30 21:12:53'),
(3660, 'TFBX110050342', 17, 'seriales actuales', 1, '2016-03-30 21:12:53'),
(3661, 'TFBX110050343', 17, 'seriales actuales', 1, '2016-03-30 21:12:53'),
(3662, 'TFBX110050344', 17, 'seriales actuales', 1, '2016-03-30 21:12:53'),
(3663, 'TFBX110050345', 17, 'seriales actuales', 1, '2016-03-30 21:12:53'),
(3664, 'TFBX110050346', 17, 'seriales actuales', 1, '2016-03-30 21:12:53'),
(3665, 'TFBX110050347', 17, 'seriales actuales', 1, '2016-03-30 21:12:53'),
(3666, 'TFBX110050348', 17, 'seriales actuales', 1, '2016-03-30 21:12:53'),
(3667, 'TFBX110050349', 17, 'seriales actuales', 1, '2016-03-30 21:12:53'),
(3668, 'TFBX110050350', 17, 'seriales actuales', 1, '2016-03-30 21:12:53'),
(3669, 'TFBX110050351', 17, 'seriales actuales', 1, '2016-03-30 21:12:53'),
(3670, 'TFBX110050352', 17, 'seriales actuales', 1, '2016-03-30 21:12:53'),
(3671, 'TFBX110050353', 17, 'seriales actuales', 1, '2016-03-30 21:12:53'),
(3672, 'TFBX110050354', 17, 'seriales actuales', 1, '2016-03-30 21:12:53'),
(3673, 'TFBX110050355', 17, 'seriales actuales', 1, '2016-03-30 21:12:53'),
(3674, 'TFBX110050356', 17, 'seriales actuales', 1, '2016-03-30 21:12:53'),
(3675, 'TFBX110050357', 17, 'seriales actuales', 1, '2016-03-30 21:12:53'),
(3676, 'TFBX110050358', 17, 'seriales actuales', 1, '2016-03-30 21:12:53'),
(3677, 'TFBX110050359', 17, 'seriales actuales', 1, '2016-03-30 21:12:53'),
(3678, 'TFBX110050360', 17, 'seriales actuales', 1, '2016-03-30 21:12:53'),
(3679, 'TFBX110050361', 17, 'seriales actuales', 1, '2016-03-30 21:12:53'),
(3680, 'TFBX110050362', 17, 'seriales actuales', 1, '2016-03-30 21:12:53'),
(3681, 'TFBX110050363', 17, 'seriales actuales', 1, '2016-03-30 21:12:53'),
(3682, 'TFBX110050364', 17, 'seriales actuales', 1, '2016-03-30 21:12:53'),
(3683, 'TFBX110050365', 17, 'seriales actuales', 1, '2016-03-30 21:12:53'),
(3684, 'TFBX110050366', 17, 'seriales actuales', 1, '2016-03-30 21:12:53'),
(3685, 'TFBX110050367', 17, 'seriales actuales', 1, '2016-03-30 21:12:53'),
(3686, 'TFBX110050368', 17, 'seriales actuales', 1, '2016-03-30 21:12:53'),
(3687, 'TFBX110050369', 17, 'seriales actuales', 1, '2016-03-30 21:12:53'),
(3688, 'TFBX110050370', 17, 'seriales actuales', 1, '2016-03-30 21:12:53'),
(3689, 'TFBX110050371', 17, 'seriales actuales', 1, '2016-03-30 21:12:53'),
(3690, 'TFBX110050372', 17, 'seriales actuales', 1, '2016-03-30 21:12:53'),
(3691, 'TFBX110050373', 17, 'seriales actuales', 1, '2016-03-30 21:12:53'),
(3692, 'TFBX110050374', 17, 'seriales actuales', 1, '2016-03-30 21:12:53'),
(3693, 'TFBX110050375', 17, 'seriales actuales', 1, '2016-03-30 21:12:53'),
(3694, 'TFBX110050376', 17, 'seriales actuales', 1, '2016-03-30 21:12:53'),
(3695, 'TFBX110050377', 17, 'seriales actuales', 1, '2016-03-30 21:12:53'),
(3696, 'TFBX110050378', 17, 'seriales actuales', 1, '2016-03-30 21:12:53'),
(3697, 'TFBX110050379', 17, 'seriales actuales', 1, '2016-03-30 21:12:53'),
(3698, 'TFBX110050380', 17, 'seriales actuales', 1, '2016-03-30 21:12:53'),
(3699, 'TFBX110050381', 17, 'seriales actuales', 1, '2016-03-30 21:12:53'),
(3700, 'TFBX110050382', 17, 'seriales actuales', 1, '2016-03-30 21:12:53'),
(3701, 'TFBX110050383', 17, 'seriales actuales', 1, '2016-03-30 21:12:53'),
(3702, 'TFBX110050384', 17, 'seriales actuales', 1, '2016-03-30 21:12:53'),
(3703, 'TFBX110050385', 17, 'seriales actuales', 1, '2016-03-30 21:12:53'),
(3704, 'TFBX110050386', 17, 'seriales actuales', 1, '2016-03-30 21:12:53'),
(3705, 'TFBX110050387', 17, 'seriales actuales', 1, '2016-03-30 21:12:53'),
(3706, 'TFBX110050388', 17, 'seriales actuales', 1, '2016-03-30 21:12:53'),
(3707, 'TFBX110050389', 17, 'seriales actuales', 1, '2016-03-30 21:12:53'),
(3708, 'TFBX110050390', 17, 'seriales actuales', 1, '2016-03-30 21:12:53'),
(3709, 'TFBX110050391', 17, 'seriales actuales', 1, '2016-03-30 21:12:53'),
(3710, 'TFBX110050392', 17, 'seriales actuales', 1, '2016-03-30 21:12:53'),
(3711, 'TFBX110050393', 17, 'seriales actuales', 1, '2016-03-30 21:12:53'),
(3712, 'TFBX110050394', 17, 'seriales actuales', 1, '2016-03-30 21:12:53'),
(3713, 'TFBX110050395', 17, 'seriales actuales', 1, '2016-03-30 21:12:53'),
(3714, 'TFBX110050396', 17, 'seriales actuales', 1, '2016-03-30 21:12:53'),
(3715, 'TFBX110050397', 17, 'seriales actuales', 1, '2016-03-30 21:12:53'),
(3716, 'TFBX110050398', 17, 'seriales actuales', 1, '2016-03-30 21:12:53'),
(3717, 'TFBX110050399', 17, 'seriales actuales', 1, '2016-03-30 21:12:53'),
(3718, 'TFBX110050400', 17, 'seriales actuales', 1, '2016-03-30 21:12:53'),
(3719, 'TFBX110050401', 17, 'seriales actuales', 1, '2016-03-30 21:12:53'),
(3720, 'TFBX110050402', 17, 'seriales actuales', 1, '2016-03-30 21:12:53'),
(3721, 'TFBX110050403', 17, 'seriales actuales', 1, '2016-03-30 21:12:53'),
(3722, 'TFBX110050404', 17, 'seriales actuales', 1, '2016-03-30 21:12:53'),
(3723, 'TFBX110050405', 17, 'seriales actuales', 1, '2016-03-30 21:12:53'),
(3724, 'TFBX110050406', 17, 'seriales actuales', 1, '2016-03-30 21:12:53'),
(3725, 'TFBX110050407', 17, 'seriales actuales', 1, '2016-03-30 21:12:53'),
(3726, 'TFBX110050408', 17, 'seriales actuales', 1, '2016-03-30 21:12:53'),
(3727, 'TFBX110050409', 17, 'seriales actuales', 1, '2016-03-30 21:12:53'),
(3728, 'TFBX110050410', 17, 'seriales actuales', 1, '2016-03-30 21:12:53'),
(207288, 'TFBX110050411', 17, '', 1, '2016-06-10 10:40:18'),
(207289, 'TFBX110050412', 17, '', 1, '2016-06-10 10:40:19'),
(207290, 'TFBX110050413', 17, '', 1, '2016-06-10 10:40:19'),
(207291, 'TFBX110050414', 17, '', 1, '2016-06-10 10:40:19'),
(207292, 'TFBX110050415', 17, '', 1, '2016-06-10 10:40:19'),
(207293, 'TFBX110050416', 17, '', 1, '2016-06-10 10:40:19'),
(207294, 'TFBX110050417', 17, '', 1, '2016-06-10 10:40:19'),
(207295, 'TFBX110050418', 17, '', 1, '2016-06-10 10:40:19'),
(207296, 'TFBX110050419', 17, '', 1, '2016-06-10 10:40:19'),
(207297, 'TFBX110050420', 17, '', 1, '2016-06-10 10:40:19'),
(207298, 'TFBX110050421', 17, '', 1, '2016-06-10 10:40:19'),
(207299, 'TFBX110050422', 17, '', 1, '2016-06-10 10:40:19'),
(207300, 'TFBX110050423', 17, '', 1, '2016-06-10 10:40:19'),
(207301, 'TFBX110050424', 17, '', 1, '2016-06-10 10:40:19'),
(207302, 'TFBX110050425', 17, '', 1, '2016-06-10 10:40:19'),
(207303, 'TFBX110050426', 17, '', 1, '2016-06-10 10:40:19'),
(207304, 'TFBX110050427', 17, '', 1, '2016-06-10 10:40:19'),
(207305, 'TFBX110050428', 17, '', 1, '2016-06-10 10:40:19'),
(207306, 'TFBX110050429', 17, '', 1, '2016-06-10 10:40:19'),
(207307, 'TFBX110050430', 17, '', 1, '2016-06-10 10:40:19'),
(207308, 'TFBX110050431', 17, '', 1, '2016-06-10 10:40:19'),
(207309, 'TFBX110050432', 17, '', 1, '2016-06-10 10:40:19'),
(207310, 'TFBX110050433', 17, '', 1, '2016-06-10 10:40:19'),
(207311, 'TFBX110050434', 17, '', 1, '2016-06-10 10:40:19'),
(207312, 'TFBX110050435', 17, '', 1, '2016-06-10 10:40:19'),
(207313, 'TFBX110050436', 17, '', 1, '2016-06-10 10:40:19'),
(207314, 'TFBX110050437', 17, '', 1, '2016-06-10 10:40:19'),
(207315, 'TFBX110050438', 17, '', 1, '2016-06-10 10:40:19'),
(207316, 'TFBX110050439', 17, '', 1, '2016-06-10 10:40:19'),
(207317, 'TFBX110050440', 17, '', 1, '2016-06-10 10:40:19'),
(207318, 'TFBX110050441', 17, '', 1, '2016-06-10 10:40:19'),
(207319, 'TFBX110050442', 17, '', 1, '2016-06-10 10:40:19'),
(207320, 'TFBX110050443', 17, '', 1, '2016-06-10 10:40:19'),
(207321, 'TFBX110050444', 17, '', 1, '2016-06-10 10:40:19'),
(207322, 'TFBX110050445', 17, '', 1, '2016-06-10 10:40:19'),
(207323, 'TFBX110050446', 17, '', 1, '2016-06-10 10:40:19'),
(207324, 'TFBX110050447', 17, '', 1, '2016-06-10 10:40:19'),
(207325, 'TFBX110050448', 17, '', 1, '2016-06-10 10:40:19'),
(207326, 'TFBX110050449', 17, '', 1, '2016-06-10 10:40:19'),
(207327, 'TFBX110050450', 17, '', 1, '2016-06-10 10:40:19'),
(207328, 'TFBX110050451', 17, '', 1, '2016-06-10 10:40:19'),
(207329, 'TFBX110050452', 17, '', 1, '2016-06-10 10:40:19'),
(207330, 'TFBX110050453', 17, '', 1, '2016-06-10 10:40:19'),
(207331, 'TFBX110050454', 17, '', 1, '2016-06-10 10:40:19'),
(207332, 'TFBX110050455', 17, '', 1, '2016-06-10 10:40:19'),
(207333, 'TFBX110050456', 17, '', 1, '2016-06-10 10:40:19'),
(207334, 'TFBX110050457', 17, '', 1, '2016-06-10 10:40:19'),
(207335, 'TFBX110050458', 17, '', 1, '2016-06-10 10:40:19'),
(207336, 'TFBX110050459', 17, '', 1, '2016-06-10 10:40:19'),
(207337, 'TFBX110050460', 17, '', 1, '2016-06-10 10:40:19'),
(207338, 'TFBX110050461', 17, '', 1, '2016-06-10 10:40:19'),
(207339, 'TFBX110050462', 17, '', 1, '2016-06-10 10:40:19'),
(207340, 'TFBX110050463', 17, '', 1, '2016-06-10 10:40:19'),
(207341, 'TFBX110050464', 17, '', 1, '2016-06-10 10:40:19'),
(207342, 'TFBX110050465', 17, '', 1, '2016-06-10 10:40:19'),
(207343, 'TFBX110050466', 17, '', 1, '2016-06-10 10:40:19'),
(207344, 'TFBX110050467', 17, '', 1, '2016-06-10 10:40:19'),
(207345, 'TFBX110050468', 17, '', 1, '2016-06-10 10:40:19'),
(207346, 'TFBX110050469', 17, '', 1, '2016-06-10 10:40:19'),
(207347, 'TFBX110050470', 17, '', 1, '2016-06-10 10:40:19'),
(207348, 'TFBX110050471', 17, '', 1, '2016-06-10 10:40:19'),
(207349, 'TFBX110050472', 17, '', 1, '2016-06-10 10:40:19'),
(207350, 'TFBX110050473', 17, '', 1, '2016-06-10 10:40:19'),
(207351, 'TFBX110050474', 17, '', 1, '2016-06-10 10:40:19'),
(207352, 'TFBX110050475', 17, '', 1, '2016-06-10 10:40:19'),
(207353, 'TFBX110050476', 17, '', 1, '2016-06-10 10:40:19'),
(207354, 'TFBX110050477', 17, '', 1, '2016-06-10 10:40:19'),
(207355, 'TFBX110050478', 17, '', 1, '2016-06-10 10:40:19'),
(207356, 'TFBX110050479', 17, '', 1, '2016-06-10 10:40:19'),
(207357, 'TFBX110050480', 17, '', 1, '2016-06-10 10:40:19'),
(207358, 'TFBX110050481', 17, '', 1, '2016-06-10 10:40:19'),
(207359, 'TFBX110050482', 17, '', 1, '2016-06-10 10:40:19'),
(207360, 'TFBX110050483', 17, '', 1, '2016-06-10 10:40:19'),
(207361, 'TFBX110050484', 17, '', 1, '2016-06-10 10:40:19'),
(207362, 'TFBX110050485', 17, '', 1, '2016-06-10 10:40:19'),
(207363, 'TFBX110050486', 17, '', 1, '2016-06-10 10:40:19'),
(207364, 'TFBX110050487', 17, '', 1, '2016-06-10 10:40:19'),
(207365, 'TFBX110050488', 17, '', 1, '2016-06-10 10:40:19'),
(207366, 'TFBX110050489', 17, '', 1, '2016-06-10 10:40:19'),
(207367, 'TFBX110050490', 17, '', 1, '2016-06-10 10:40:19'),
(207368, 'TFBX110050491', 17, '', 1, '2016-06-10 10:40:19'),
(207369, 'TFBX110050492', 17, '', 1, '2016-06-10 10:40:19'),
(207370, 'TFBX110050493', 17, '', 1, '2016-06-10 10:40:19'),
(207371, 'TFBX110050494', 17, '', 1, '2016-06-10 10:40:19'),
(207372, 'TFBX110050495', 17, '', 1, '2016-06-10 10:40:19'),
(207373, 'TFBX110050496', 17, '', 1, '2016-06-10 10:40:19'),
(207374, 'TFBX110050497', 17, '', 1, '2016-06-10 10:40:19'),
(207375, 'TFBX110050498', 17, '', 1, '2016-06-10 10:40:19'),
(207376, 'TFBX110050499', 17, '', 1, '2016-06-10 10:40:19'),
(207377, 'TFBX110050500', 17, '', 1, '2016-06-10 10:40:19'),
(207378, 'TFBX110050501', 17, '', 1, '2016-06-10 10:40:19'),
(207379, 'TFBX110050502', 17, '', 1, '2016-06-10 10:40:19'),
(207380, 'TFBX110050503', 17, '', 1, '2016-06-10 10:40:19'),
(207381, 'TFBX110050504', 17, '', 1, '2016-06-10 10:40:19'),
(207382, 'TFBX110050505', 17, '', 1, '2016-06-10 10:40:19'),
(207383, 'TFBX110050506', 17, '', 1, '2016-06-10 10:40:19'),
(207384, 'TFBX110050507', 17, '', 1, '2016-06-10 10:40:19'),
(207385, 'TFBX110050508', 17, '', 1, '2016-06-10 10:40:19'),
(207386, 'TFBX110050509', 17, '', 1, '2016-06-10 10:40:19'),
(207387, 'TFBX110050510', 17, '', 1, '2016-06-10 10:40:19'),
(207388, 'TFBX110050511', 17, '', 1, '2016-06-10 10:40:19'),
(207389, 'TFBX110050512', 17, '', 1, '2016-06-10 10:40:19'),
(207390, 'TFBX110050513', 17, '', 1, '2016-06-10 10:40:19'),
(207391, 'TFBX110050514', 17, '', 1, '2016-06-10 10:40:19'),
(207392, 'TFBX110050515', 17, '', 1, '2016-06-10 10:40:19'),
(207393, 'TFBX110050516', 17, '', 1, '2016-06-10 10:40:19'),
(207394, 'TFBX110050517', 17, '', 1, '2016-06-10 10:40:19'),
(207395, 'TFBX110050518', 17, '', 1, '2016-06-10 10:40:19'),
(207396, 'TFBX110050519', 17, '', 1, '2016-06-10 10:40:19'),
(207397, 'TFBX110050520', 17, '', 1, '2016-06-10 10:40:19'),
(207398, 'TFBX110050521', 17, '', 1, '2016-06-10 10:40:19'),
(207399, 'TFBX110050522', 17, '', 1, '2016-06-10 10:40:19'),
(207400, 'TFBX110050523', 17, '', 1, '2016-06-10 10:40:19'),
(207401, 'TFBX110050524', 17, '', 1, '2016-06-10 10:40:19'),
(207402, 'TFBX110050525', 17, '', 1, '2016-06-10 10:40:19'),
(207403, 'TFBX110050526', 17, '', 1, '2016-06-10 10:40:19'),
(207404, 'TFBX110050527', 17, '', 1, '2016-06-10 10:40:19'),
(207405, 'TFBX110050528', 17, '', 1, '2016-06-10 10:40:19'),
(207406, 'TFBX110050529', 17, '', 1, '2016-06-10 10:40:19'),
(207407, 'TFBX110050530', 17, '', 1, '2016-06-10 10:40:19'),
(207408, 'TFBX110050531', 17, '', 1, '2016-06-10 10:40:19'),
(207409, 'TFBX110050532', 17, '', 1, '2016-06-10 10:40:19'),
(207410, 'TFBX110050533', 17, '', 1, '2016-06-10 10:40:19'),
(207411, 'TFBX110050534', 17, '', 1, '2016-06-10 10:40:19'),
(207412, 'TFBX110050535', 17, '', 1, '2016-06-10 10:40:19'),
(207413, 'TFBX110050536', 17, '', 1, '2016-06-10 10:40:19'),
(207414, 'TFBX110050537', 17, '', 1, '2016-06-10 10:40:19'),
(207415, 'TFBX110050538', 17, '', 1, '2016-06-10 10:40:19'),
(207416, 'TFBX110050539', 17, '', 1, '2016-06-10 10:40:19'),
(207417, 'TFBX110050540', 17, '', 1, '2016-06-10 10:40:19'),
(207418, 'TFBX110050541', 17, '', 1, '2016-06-10 10:40:19'),
(207419, 'TFBX110050542', 17, '', 1, '2016-06-10 10:40:19'),
(207420, 'TFBX110050543', 17, '', 1, '2016-06-10 10:40:19'),
(207421, 'TFBX110050544', 17, '', 1, '2016-06-10 10:40:19'),
(207422, 'TFBX110050545', 17, '', 1, '2016-06-10 10:40:19'),
(207423, 'TFBX110050546', 17, '', 1, '2016-06-10 10:40:19'),
(207424, 'TFBX110050547', 17, '', 1, '2016-06-10 10:40:19'),
(207425, 'TFBX110050548', 17, '', 1, '2016-06-10 10:40:19'),
(207426, 'TFBX110050549', 17, '', 1, '2016-06-10 10:40:19'),
(207427, 'TFBX110050550', 17, '', 1, '2016-06-10 10:40:19'),
(207428, 'TFBX110050551', 17, '', 1, '2016-06-10 10:40:19'),
(207429, 'TFBX110050552', 17, '', 1, '2016-06-10 10:40:19'),
(207430, 'TFBX110050553', 17, '', 1, '2016-06-10 10:40:19'),
(207431, 'TFBX110050554', 17, '', 1, '2016-06-10 10:40:19'),
(207432, 'TFBX110050555', 17, '', 1, '2016-06-10 10:40:19'),
(207433, 'TFBX110050556', 17, '', 1, '2016-06-10 10:40:19'),
(207434, 'TFBX110050557', 17, '', 1, '2016-06-10 10:40:19'),
(207435, 'TFBX110050558', 17, '', 1, '2016-06-10 10:40:19'),
(207436, 'TFBX110050559', 17, '', 1, '2016-06-10 10:40:19'),
(207437, 'TFBX110050560', 17, '', 1, '2016-06-10 10:40:19'),
(207438, 'TFBX110050561', 17, '', 1, '2016-06-10 10:40:19'),
(207439, 'TFBX110050562', 17, '', 1, '2016-06-10 10:40:19'),
(207440, 'TFBX110050563', 17, '', 1, '2016-06-10 10:40:19'),
(207441, 'TFBX110050564', 17, '', 1, '2016-06-10 10:40:19'),
(207442, 'TFBX110050565', 17, '', 1, '2016-06-10 10:40:19'),
(207443, 'TFBX110050566', 17, '', 1, '2016-06-10 10:40:19'),
(207444, 'TFBX110050567', 17, '', 1, '2016-06-10 10:40:19'),
(207445, 'TFBX110050568', 17, '', 1, '2016-06-10 10:40:19'),
(207446, 'TFBX110050569', 17, '', 1, '2016-06-10 10:40:19'),
(207447, 'TFBX110050570', 17, '', 1, '2016-06-10 10:40:19'),
(207448, 'TFBX110050571', 17, '', 1, '2016-06-10 10:40:19'),
(207449, 'TFBX110050572', 17, '', 1, '2016-06-10 10:40:19'),
(207450, 'TFBX110050573', 17, '', 1, '2016-06-10 10:40:19'),
(207451, 'TFBX110050574', 17, '', 1, '2016-06-10 10:40:19'),
(207452, 'TFBX110050575', 17, '', 1, '2016-06-10 10:40:19'),
(207453, 'TFBX110050576', 17, '', 1, '2016-06-10 10:40:19'),
(207454, 'TFBX110050577', 17, '', 1, '2016-06-10 10:40:19'),
(207455, 'TFBX110050578', 17, '', 1, '2016-06-10 10:40:19'),
(207456, 'TFBX110050579', 17, '', 1, '2016-06-10 10:40:19'),
(207457, 'TFBX110050580', 17, '', 1, '2016-06-10 10:40:19'),
(207458, 'TFBX110050581', 17, '', 1, '2016-06-10 10:40:19'),
(207459, 'TFBX110050582', 17, '', 1, '2016-06-10 10:40:19'),
(207460, 'TFBX110050583', 17, '', 1, '2016-06-10 10:40:19'),
(207461, 'TFBX110050584', 17, '', 1, '2016-06-10 10:40:19'),
(207462, 'TFBX110050585', 17, '', 1, '2016-06-10 10:40:19'),
(207463, 'TFBX110050586', 17, '', 1, '2016-06-10 10:40:19'),
(207464, 'TFBX110050587', 17, '', 1, '2016-06-10 10:40:19'),
(207465, 'TFBX110050588', 17, '', 1, '2016-06-10 10:40:20'),
(207466, 'TFBX110050589', 17, '', 1, '2016-06-10 10:40:20'),
(207467, 'TFBX110050590', 17, '', 1, '2016-06-10 10:40:20'),
(207468, 'TFBX110050591', 17, '', 1, '2016-06-10 10:40:20'),
(207469, 'TFBX110050592', 17, '', 1, '2016-06-10 10:40:20'),
(207470, 'TFBX110050593', 17, '', 1, '2016-06-10 10:40:20'),
(207471, 'TFBX110050594', 17, '', 1, '2016-06-10 10:40:20'),
(207472, 'TFBX110050595', 17, '', 1, '2016-06-10 10:40:20'),
(207473, 'TFBX110050596', 17, '', 1, '2016-06-10 10:40:20'),
(207474, 'TFBX110050597', 17, '', 1, '2016-06-10 10:40:20'),
(207475, 'TFBX110050598', 17, '', 1, '2016-06-10 10:40:20'),
(207476, 'TFBX110050599', 17, '', 1, '2016-06-10 10:40:20'),
(207477, 'TFCL110050001', 112, 'MAQUINAS YA VENDIDAS', 1, '2016-07-05 10:39:19'),
(207478, 'TFCL110050002', 112, 'MAQUINAS YA VENDIDAS', 1, '2016-07-05 10:39:19'),
(207479, 'TFCL110050003', 112, 'MAQUINAS YA VENDIDAS', 1, '2016-07-05 10:39:19'),
(207480, 'TFCL110050004', 112, 'MAQUINAS YA VENDIDAS', 1, '2016-07-05 10:39:19'),
(207481, 'TFCL110050005', 112, 'MAQUINAS YA VENDIDAS', 1, '2016-07-05 10:39:19'),
(207482, 'TFCL110050006', 112, 'MAQUINAS YA VENDIDAS', 1, '2016-07-05 10:39:19'),
(207483, 'TFCL110050007', 112, 'MAQUINAS YA VENDIDAS', 1, '2016-07-05 10:39:19'),
(207484, 'TFCL110050008', 112, 'MAQUINAS YA VENDIDAS', 1, '2016-07-05 10:39:19'),
(207485, 'TFCL110050009', 112, 'MAQUINAS YA VENDIDAS', 1, '2016-07-05 10:39:19'),
(207486, 'TFCL110050010', 112, 'MAQUINAS YA VENDIDAS', 1, '2016-07-05 10:39:19'),
(207487, 'TFCL110050011', 112, 'MAQUINAS YA VENDIDAS', 1, '2016-07-05 10:39:19'),
(207488, 'TFCL110050012', 112, 'MAQUINAS YA VENDIDAS', 1, '2016-07-05 10:39:19'),
(207489, 'TFCL110050013', 112, 'MAQUINAS YA VENDIDAS', 1, '2016-07-05 10:39:19'),
(207490, 'TFCL110050014', 112, 'MAQUINAS YA VENDIDAS', 1, '2016-07-05 10:39:19'),
(207491, 'TFCL110050015', 112, 'MAQUINAS YA VENDIDAS', 1, '2016-07-05 10:39:19'),
(207492, 'TFCL110050016', 112, 'MAQUINAS YA VENDIDAS', 1, '2016-07-05 10:39:19'),
(207493, 'TFCL110050017', 112, 'MAQUINAS YA VENDIDAS', 1, '2016-07-05 10:39:19'),
(207494, 'TFCL110050018', 112, 'MAQUINAS YA VENDIDAS', 1, '2016-07-05 10:39:19'),
(207495, 'TFCL110050019', 112, 'MAQUINAS YA VENDIDAS', 1, '2016-07-05 10:39:19'),
(207496, 'TFCL110050020', 112, 'MAQUINAS YA VENDIDAS', 1, '2016-07-05 10:39:19'),
(207497, 'TFCL110050021', 112, 'MAQUINAS YA VENDIDAS', 1, '2016-07-05 10:39:19'),
(207498, 'TFCL110050022', 112, 'MAQUINAS YA VENDIDAS', 1, '2016-07-05 10:39:19'),
(207499, 'TFCL110050023', 112, 'MAQUINAS YA VENDIDAS', 1, '2016-07-05 10:39:19'),
(207500, 'TFCL110050024', 112, 'MAQUINAS YA VENDIDAS', 1, '2016-07-05 10:39:19'),
(207501, 'TFCL110050025', 112, 'MAQUINAS YA VENDIDAS', 1, '2016-07-05 10:39:19'),
(207502, 'TFCL110050026', 112, 'MAQUINAS YA VENDIDAS', 1, '2016-07-05 10:39:19'),
(207503, 'TFCL110050027', 112, 'MAQUINAS YA VENDIDAS', 1, '2016-07-05 10:39:19'),
(207504, 'TFCL110050028', 112, 'MAQUINAS YA VENDIDAS', 1, '2016-07-05 10:39:19'),
(207505, 'TFCL110050029', 112, 'MAQUINAS YA VENDIDAS', 1, '2016-07-05 10:39:19'),
(207506, 'TFCL110050030', 112, 'MAQUINAS YA VENDIDAS', 1, '2016-07-05 10:39:19'),
(207507, 'TFCL110050031', 112, 'MAQUINAS YA VENDIDAS', 1, '2016-07-05 10:39:19'),
(207508, 'TFCL110050032', 112, 'MAQUINAS YA VENDIDAS', 1, '2016-07-05 10:39:19'),
(207509, 'TFCL110050033', 112, 'MAQUINAS YA VENDIDAS', 1, '2016-07-05 10:39:19'),
(207510, 'TFCL110050034', 112, 'MAQUINAS YA VENDIDAS', 1, '2016-07-05 10:39:19'),
(207511, 'TFCL110050035', 112, 'MAQUINAS YA VENDIDAS', 1, '2016-07-05 10:39:19'),
(207512, 'TFCL110050036', 112, 'MAQUINAS YA VENDIDAS', 1, '2016-07-05 10:39:19'),
(207513, 'TFCL110050037', 112, 'MAQUINAS YA VENDIDAS', 1, '2016-07-05 10:39:19'),
(207514, 'TFCL110050038', 112, 'MAQUINAS YA VENDIDAS', 1, '2016-07-05 10:39:19'),
(207515, 'TFCL110050039', 112, 'MAQUINAS YA VENDIDAS', 1, '2016-07-05 10:39:19'),
(207516, 'TFCL110050040', 112, 'MAQUINAS YA VENDIDAS', 1, '2016-07-05 10:39:19'),
(207517, 'TFCL110050041', 112, 'MAQUINAS YA VENDIDAS', 1, '2016-07-05 10:39:19'),
(207518, 'TFCL110050042', 112, 'MAQUINAS YA VENDIDAS', 1, '2016-07-05 10:39:19'),
(207519, 'TFCL110050043', 112, 'MAQUINAS YA VENDIDAS', 1, '2016-07-05 10:39:19'),
(207520, 'TFCL110050044', 112, 'MAQUINAS YA VENDIDAS', 1, '2016-07-05 10:39:19'),
(207521, 'TFCL110050045', 112, 'MAQUINAS YA VENDIDAS', 1, '2016-07-05 10:39:19'),
(207522, 'TFCL110050046', 112, 'MAQUINAS YA VENDIDAS', 1, '2016-07-05 10:39:19'),
(207523, 'TFCL110050047', 112, 'MAQUINAS YA VENDIDAS', 1, '2016-07-05 10:39:19'),
(207524, 'TFCL110050048', 112, 'MAQUINAS YA VENDIDAS', 1, '2016-07-05 10:39:19'),
(207525, 'TFCL110050049', 112, 'MAQUINAS YA VENDIDAS', 1, '2016-07-05 10:39:19'),
(207526, 'TFCL110050050', 112, 'MAQUINAS YA VENDIDAS', 1, '2016-07-05 10:39:19'),
(207527, 'TFCL110050051', 112, 'MAQUINAS YA VENDIDAS', 1, '2016-07-05 10:39:19'),
(207528, 'TFCL110050052', 112, 'MAQUINAS YA VENDIDAS', 1, '2016-07-05 10:39:19'),
(207529, 'TFCL110050053', 112, 'MAQUINAS YA VENDIDAS', 1, '2016-07-05 10:39:19'),
(207530, 'TFCL110050054', 112, 'MAQUINAS YA VENDIDAS', 1, '2016-07-05 10:39:19'),
(207531, 'TFCL110050055', 112, 'MAQUINAS YA VENDIDAS', 1, '2016-07-05 10:39:19'),
(207532, 'TFCL110050056', 112, 'MAQUINAS YA VENDIDAS', 1, '2016-07-05 10:39:19'),
(207533, 'TFCL110050057', 112, 'MAQUINAS YA VENDIDAS', 1, '2016-07-05 10:39:19'),
(207534, 'TFCL110050058', 112, 'MAQUINAS YA VENDIDAS', 1, '2016-07-05 10:39:19'),
(207535, 'TFCL110050059', 112, 'MAQUINAS YA VENDIDAS', 1, '2016-07-05 10:39:19'),
(207536, 'TFCL110050060', 112, 'MAQUINAS YA VENDIDAS', 1, '2016-07-05 10:39:19'),
(207537, 'TFCL110050061', 112, 'MAQUINAS YA VENDIDAS', 1, '2016-07-05 10:39:19'),
(207538, 'TFCL110050062', 112, 'MAQUINAS YA VENDIDAS', 1, '2016-07-05 10:39:19'),
(207539, 'TFCL110050063', 112, 'MAQUINAS YA VENDIDAS', 1, '2016-07-05 10:39:19'),
(207540, 'TFCL110050064', 112, 'MAQUINAS YA VENDIDAS', 1, '2016-07-05 10:39:19'),
(207541, 'TFCL110050065', 112, 'MAQUINAS YA VENDIDAS', 1, '2016-07-05 10:39:19'),
(207542, 'TFCL110050066', 112, 'MAQUINAS YA VENDIDAS', 1, '2016-07-05 10:39:19'),
(207543, 'TFCL110050067', 112, 'MAQUINAS YA VENDIDAS', 1, '2016-07-05 10:39:19'),
(207544, 'TFCL110050068', 112, 'MAQUINAS YA VENDIDAS', 1, '2016-07-05 10:39:19'),
(207545, 'TFCL110050069', 112, 'MAQUINAS YA VENDIDAS', 1, '2016-07-05 10:39:19'),
(207546, 'TFCL110050070', 112, 'MAQUINAS YA VENDIDAS', 1, '2016-07-05 10:39:19'),
(207547, 'TFCL110050071', 112, 'MAQUINAS YA VENDIDAS', 1, '2016-07-05 10:39:19'),
(207548, 'TFCL110050072', 112, 'MAQUINAS YA VENDIDAS', 1, '2016-07-05 10:39:19'),
(207549, 'TFCL110050073', 112, 'MAQUINAS YA VENDIDAS', 1, '2016-07-05 10:39:19'),
(207550, 'TFCL110050074', 112, 'MAQUINAS YA VENDIDAS', 1, '2016-07-05 10:39:19'),
(207551, 'TFCL110050075', 112, 'MAQUINAS YA VENDIDAS', 1, '2016-07-05 10:39:19'),
(207552, 'TFCL110050076', 112, 'MAQUINAS YA VENDIDAS', 1, '2016-07-05 10:39:19'),
(207553, 'TFCL110050077', 112, 'MAQUINAS YA VENDIDAS', 1, '2016-07-05 10:39:19'),
(207554, 'TFCL110050078', 112, 'MAQUINAS YA VENDIDAS', 1, '2016-07-05 10:39:19'),
(207555, 'TFCL110050079', 112, 'MAQUINAS YA VENDIDAS', 1, '2016-07-05 10:39:19'),
(207556, 'TFCL110050080', 112, 'MAQUINAS YA VENDIDAS', 1, '2016-07-05 10:39:19'),
(207557, 'TFCL110050081', 112, 'MAQUINAS YA VENDIDAS', 1, '2016-07-05 10:39:19'),
(207558, 'TFCL110050082', 112, 'MAQUINAS YA VENDIDAS', 1, '2016-07-05 10:39:19'),
(207559, 'TFCL110050083', 112, 'MAQUINAS YA VENDIDAS', 1, '2016-07-05 10:39:19'),
(207560, 'TFCL110050084', 112, 'MAQUINAS YA VENDIDAS', 1, '2016-07-05 10:39:19'),
(207561, 'TFCL110050085', 112, 'MAQUINAS YA VENDIDAS', 1, '2016-07-05 10:39:19');
INSERT INTO `machines` (`id`, `serial`, `dealer_id`, `observation`, `status`, `created`) VALUES
(207562, 'TFCL110050086', 112, 'MAQUINAS YA VENDIDAS', 1, '2016-07-05 10:39:19'),
(207563, 'TFCL110050087', 112, 'MAQUINAS YA VENDIDAS', 1, '2016-07-05 10:39:19'),
(207564, 'TFCL110050088', 112, 'MAQUINAS YA VENDIDAS', 1, '2016-07-05 10:39:19'),
(207565, 'TFCL110050089', 112, 'MAQUINAS YA VENDIDAS', 1, '2016-07-05 10:39:19'),
(207566, 'TFCL110050090', 112, 'MAQUINAS YA VENDIDAS', 1, '2016-07-05 10:39:19'),
(207567, 'TFCL110050091', 112, 'MAQUINAS YA VENDIDAS', 1, '2016-07-05 10:39:19'),
(207568, 'TFCL110050092', 112, 'MAQUINAS YA VENDIDAS', 1, '2016-07-05 10:39:19'),
(207569, 'TFCL110050093', 112, 'MAQUINAS YA VENDIDAS', 1, '2016-07-05 10:39:19'),
(207570, 'TFCL110050094', 112, 'MAQUINAS YA VENDIDAS', 1, '2016-07-05 10:39:19'),
(207571, 'TFCL110050095', 112, 'MAQUINAS YA VENDIDAS', 1, '2016-07-05 10:39:19'),
(207572, 'TFCL110050096', 112, 'MAQUINAS YA VENDIDAS', 1, '2016-07-05 10:39:19'),
(207573, 'TFCL110050097', 112, 'MAQUINAS YA VENDIDAS', 1, '2016-07-05 10:39:19'),
(207574, 'TFCL110050098', 112, 'MAQUINAS YA VENDIDAS', 1, '2016-07-05 10:39:19'),
(207575, 'TFCL110050099', 112, 'MAQUINAS YA VENDIDAS', 1, '2016-07-05 10:39:19'),
(207576, 'TFCL110050100', 112, 'MAQUINAS YA VENDIDAS', 1, '2016-07-05 10:39:19'),
(207577, 'TFCL110050101', 112, 'MAQUINAS YA VENDIDAS', 1, '2016-07-05 10:39:19'),
(207578, 'TFCL110050102', 112, 'MAQUINAS YA VENDIDAS', 1, '2016-07-05 10:39:19'),
(207579, 'TFCL110050103', 112, 'MAQUINAS YA VENDIDAS', 1, '2016-07-05 10:39:19'),
(207580, 'TFCL110050104', 112, 'MAQUINAS YA VENDIDAS', 1, '2016-07-05 10:39:19'),
(207581, 'TFCL110050105', 112, 'MAQUINAS YA VENDIDAS', 1, '2016-07-05 10:39:19'),
(207582, 'TFCL110050106', 112, 'MAQUINAS YA VENDIDAS', 1, '2016-07-05 10:39:19'),
(207583, 'TFCL110050107', 112, 'MAQUINAS YA VENDIDAS', 1, '2016-07-05 10:39:19'),
(207584, 'TFCL110050108', 112, 'MAQUINAS YA VENDIDAS', 1, '2016-07-05 10:39:19'),
(207585, 'TFCL110050109', 112, 'MAQUINAS YA VENDIDAS', 1, '2016-07-05 10:39:19'),
(207586, 'TFCL110050110', 112, 'MAQUINAS YA VENDIDAS', 1, '2016-07-05 10:39:19'),
(207587, 'TFCL110050111', 112, 'MAQUINAS YA VENDIDAS', 1, '2016-07-05 10:39:19'),
(207588, 'TFCL110050112', 112, 'MAQUINAS YA VENDIDAS', 1, '2016-07-05 10:39:19'),
(207589, 'TFCL110050113', 112, 'MAQUINAS YA VENDIDAS', 1, '2016-07-05 10:39:19'),
(207590, 'TFCL110050114', 112, 'MAQUINAS YA VENDIDAS', 1, '2016-07-05 10:39:19'),
(207591, 'TFCL110050115', 112, 'MAQUINAS YA VENDIDAS', 1, '2016-07-05 10:39:19'),
(207592, 'TFCL110050116', 112, 'MAQUINAS YA VENDIDAS', 1, '2016-07-05 10:39:19'),
(207593, 'TFCL110050117', 112, 'MAQUINAS YA VENDIDAS', 1, '2016-07-05 10:39:19'),
(207594, 'TFCL110050118', 112, 'MAQUINAS YA VENDIDAS', 1, '2016-07-05 10:39:19'),
(207595, 'TFCL110050119', 112, 'MAQUINAS YA VENDIDAS', 1, '2016-07-05 10:39:19'),
(207596, 'TFCL110050120', 112, 'MAQUINAS YA VENDIDAS', 1, '2016-07-05 10:39:19'),
(207597, 'TFCL110050121', 112, 'MAQUINAS YA VENDIDAS', 1, '2016-07-05 10:39:19'),
(207598, 'TFCL110050122', 112, 'MAQUINAS YA VENDIDAS', 1, '2016-07-05 10:39:19'),
(207599, 'TFCL110050123', 112, 'MAQUINAS YA VENDIDAS', 1, '2016-07-05 10:39:19'),
(207600, 'TFCL110050124', 112, 'MAQUINAS YA VENDIDAS', 1, '2016-07-05 10:39:19'),
(207601, 'TFCL110050125', 112, 'MAQUINAS YA VENDIDAS', 1, '2016-07-05 10:39:19'),
(207602, 'TFCL110050126', 112, 'MAQUINAS YA VENDIDAS', 1, '2016-07-05 10:39:19'),
(207603, 'TFCL110050127', 112, 'MAQUINAS YA VENDIDAS', 1, '2016-07-05 10:39:19'),
(207604, 'TFCL110050128', 112, 'MAQUINAS YA VENDIDAS', 1, '2016-07-05 10:39:19'),
(207605, 'TFCL110050129', 112, 'MAQUINAS YA VENDIDAS', 1, '2016-07-05 10:39:19'),
(207606, 'TFCL110050130', 112, 'MAQUINAS YA VENDIDAS', 1, '2016-07-05 10:39:19'),
(207607, 'TFCL110050131', 112, 'MAQUINAS YA VENDIDAS', 1, '2016-07-05 10:39:19'),
(207608, 'TFCL110050132', 112, 'MAQUINAS YA VENDIDAS', 1, '2016-07-05 10:39:19'),
(207609, 'TFCL110050133', 112, 'MAQUINAS YA VENDIDAS', 1, '2016-07-05 10:39:19'),
(207610, 'TFCL110050134', 112, 'MAQUINAS YA VENDIDAS', 1, '2016-07-05 10:39:19'),
(207611, 'TFCL110050135', 112, 'MAQUINAS YA VENDIDAS', 1, '2016-07-05 10:39:19'),
(207612, 'TFCL110050136', 112, 'MAQUINAS YA VENDIDAS', 1, '2016-07-05 10:39:19'),
(207613, 'TFCL110050137', 112, 'MAQUINAS YA VENDIDAS', 1, '2016-07-05 10:39:19'),
(207614, 'TFCL110050138', 112, 'MAQUINAS YA VENDIDAS', 1, '2016-07-05 10:39:19'),
(207615, 'TFCL110050139', 112, 'MAQUINAS YA VENDIDAS', 1, '2016-07-05 10:39:19'),
(207616, 'TFCL110050140', 112, 'MAQUINAS YA VENDIDAS', 1, '2016-07-05 10:39:19'),
(207617, 'TFCL110050141', 112, 'MAQUINAS YA VENDIDAS', 1, '2016-07-05 10:39:19'),
(207618, 'TFCL110050142', 112, 'MAQUINAS YA VENDIDAS', 1, '2016-07-05 10:39:19'),
(207619, 'TFCL110050143', 112, 'MAQUINAS YA VENDIDAS', 1, '2016-07-05 10:39:19'),
(207620, 'TFCL110050144', 112, 'MAQUINAS YA VENDIDAS', 1, '2016-07-05 10:39:19'),
(207621, 'TFCL110050145', 112, 'MAQUINAS YA VENDIDAS', 1, '2016-07-05 10:39:19'),
(207622, 'TFCL110050146', 112, 'MAQUINAS YA VENDIDAS', 1, '2016-07-05 10:39:19'),
(207623, 'TFCL110050147', 112, 'MAQUINAS YA VENDIDAS', 1, '2016-07-05 10:39:19'),
(207624, 'TFCL110050148', 112, 'MAQUINAS YA VENDIDAS', 1, '2016-07-05 10:39:19'),
(207625, 'TFCL110050149', 112, 'MAQUINAS YA VENDIDAS', 1, '2016-07-05 10:39:19'),
(207626, 'TFCL110050150', 112, 'MAQUINAS YA VENDIDAS', 1, '2016-07-05 10:39:19'),
(207627, 'TFCL110050151', 112, 'MAQUINAS YA VENDIDAS', 1, '2016-07-05 10:39:19'),
(207628, 'TFCL110050152', 112, 'MAQUINAS YA VENDIDAS', 1, '2016-07-05 10:39:19'),
(207629, 'TFCL110050153', 112, 'MAQUINAS YA VENDIDAS', 1, '2016-07-05 10:39:19'),
(207630, 'TFCL110050154', 112, 'MAQUINAS YA VENDIDAS', 1, '2016-07-05 10:39:19'),
(207631, 'TFCL110050155', 112, 'MAQUINAS YA VENDIDAS', 1, '2016-07-05 10:39:19'),
(207632, 'TFCL110050156', 112, 'MAQUINAS YA VENDIDAS', 1, '2016-07-05 10:39:19'),
(207633, 'TFCL110050157', 112, 'MAQUINAS YA VENDIDAS', 1, '2016-07-05 10:39:19'),
(207634, 'TFCL110050158', 112, 'MAQUINAS YA VENDIDAS', 1, '2016-07-05 10:39:19'),
(207635, 'TFCL110050159', 112, 'MAQUINAS YA VENDIDAS', 1, '2016-07-05 10:39:19'),
(207636, 'TFCL110050160', 112, 'MAQUINAS YA VENDIDAS', 1, '2016-07-05 10:39:19'),
(207637, 'TFCL110050161', 112, 'MAQUINAS YA VENDIDAS', 1, '2016-07-05 10:39:19'),
(207638, 'TFCL110050162', 112, 'MAQUINAS YA VENDIDAS', 1, '2016-07-05 10:39:19'),
(207639, 'TFCL110050163', 112, 'MAQUINAS YA VENDIDAS', 1, '2016-07-05 10:39:19'),
(207640, 'TFCL110050164', 112, 'MAQUINAS YA VENDIDAS', 1, '2016-07-05 10:39:19'),
(207641, 'TFCL110050165', 112, 'MAQUINAS YA VENDIDAS', 1, '2016-07-05 10:39:19'),
(207642, 'TFCL110050166', 112, 'MAQUINAS YA VENDIDAS', 1, '2016-07-05 10:39:19'),
(207643, 'TFCL110050167', 112, 'MAQUINAS YA VENDIDAS', 1, '2016-07-05 10:39:19'),
(207644, 'TFCL110050168', 112, 'MAQUINAS YA VENDIDAS', 1, '2016-07-05 10:39:19'),
(207645, 'TFCL110050169', 112, 'MAQUINAS YA VENDIDAS', 1, '2016-07-05 10:39:19'),
(207646, 'TFCL110050170', 112, 'MAQUINAS YA VENDIDAS', 1, '2016-07-05 10:39:19'),
(207647, 'TFCL110050171', 112, 'MAQUINAS YA VENDIDAS', 1, '2016-07-05 10:39:19'),
(207648, 'TFCL110050172', 112, 'MAQUINAS YA VENDIDAS', 1, '2016-07-05 10:39:19'),
(207649, 'TFCL110050173', 112, 'MAQUINAS YA VENDIDAS', 1, '2016-07-05 10:39:19'),
(207650, 'TFCL110050174', 112, 'MAQUINAS YA VENDIDAS', 1, '2016-07-05 10:39:19'),
(207651, 'TFCL110050175', 112, 'MAQUINAS YA VENDIDAS', 1, '2016-07-05 10:39:19'),
(207652, 'TFCL110050176', 112, 'MAQUINAS YA VENDIDAS', 1, '2016-07-05 10:39:19'),
(207653, 'TFCL110050177', 112, 'MAQUINAS YA VENDIDAS', 1, '2016-07-05 10:39:19'),
(207654, 'TFCL110050178', 112, 'MAQUINAS YA VENDIDAS', 1, '2016-07-05 10:39:19'),
(207655, 'TFCL110050179', 112, 'MAQUINAS YA VENDIDAS', 1, '2016-07-05 10:39:19'),
(207656, 'TFCL110050180', 112, 'MAQUINAS YA VENDIDAS', 1, '2016-07-05 10:39:19'),
(207657, 'TFCL110050181', 112, 'MAQUINAS YA VENDIDAS', 1, '2016-07-05 10:39:19'),
(207658, 'TFCL110050182', 112, 'MAQUINAS YA VENDIDAS', 1, '2016-07-05 10:39:19'),
(207659, 'TFCL110050183', 112, 'MAQUINAS YA VENDIDAS', 1, '2016-07-05 10:39:19'),
(207660, 'TFCL110050184', 112, 'MAQUINAS YA VENDIDAS', 1, '2016-07-05 10:39:19'),
(207661, 'TFCL110050185', 112, 'MAQUINAS YA VENDIDAS', 1, '2016-07-05 10:39:19'),
(207662, 'TFCL110050186', 112, 'MAQUINAS YA VENDIDAS', 1, '2016-07-05 10:39:19'),
(207663, 'TFCL110050187', 112, 'MAQUINAS YA VENDIDAS', 1, '2016-07-05 10:39:19'),
(207664, 'TFCL110050188', 112, 'MAQUINAS YA VENDIDAS', 1, '2016-07-05 10:39:19'),
(207665, 'TFCL110050189', 112, 'MAQUINAS YA VENDIDAS', 1, '2016-07-05 10:39:19'),
(207666, 'TFCL110050190', 112, 'MAQUINAS YA VENDIDAS', 1, '2016-07-05 10:39:19'),
(207667, 'TFCL110050191', 112, 'MAQUINAS YA VENDIDAS', 1, '2016-07-05 10:39:19'),
(207668, 'TFCL110050192', 112, 'MAQUINAS YA VENDIDAS', 1, '2016-07-05 10:39:19'),
(207669, 'TFCL110050193', 112, 'MAQUINAS YA VENDIDAS', 1, '2016-07-05 10:39:19'),
(207670, 'TFCL110050194', 112, 'MAQUINAS YA VENDIDAS', 1, '2016-07-05 10:39:19'),
(207671, 'TFCL110050195', 112, 'MAQUINAS YA VENDIDAS', 1, '2016-07-05 10:39:19'),
(207672, 'TFCL110050196', 112, 'MAQUINAS YA VENDIDAS', 1, '2016-07-05 10:39:19'),
(207673, 'TFCL110050197', 112, 'MAQUINAS YA VENDIDAS', 1, '2016-07-05 10:39:19'),
(207674, 'TFCL110050198', 112, 'MAQUINAS YA VENDIDAS', 1, '2016-07-05 10:39:19'),
(207675, 'TFCL110050199', 112, 'MAQUINAS YA VENDIDAS', 1, '2016-07-05 10:39:19'),
(207676, 'TFCL110050200', 112, 'MAQUINAS YA VENDIDAS', 1, '2016-07-05 10:39:19'),
(207677, 'TFCL110050211', 112, 'MAQUINAS YA VENDIDAS', 1, '2016-07-05 10:39:19'),
(207678, 'TFCL110050212', 112, 'MAQUINAS YA VENDIDAS', 1, '2016-07-05 10:39:19'),
(207679, 'TFCL110050213', 112, 'MAQUINAS YA VENDIDAS', 1, '2016-07-05 10:39:19'),
(207680, 'TFCL110050214', 112, 'MAQUINAS YA VENDIDAS', 1, '2016-07-05 10:39:19'),
(207681, 'TFCL110050215', 112, 'MAQUINAS YA VENDIDAS', 1, '2016-07-05 10:39:19'),
(207682, 'TFCL110050216', 112, 'MAQUINAS YA VENDIDAS', 1, '2016-07-05 10:39:19'),
(207683, 'TFCL110050217', 112, 'MAQUINAS YA VENDIDAS', 1, '2016-07-05 10:39:19'),
(207684, 'TFCL110050218', 112, 'MAQUINAS YA VENDIDAS', 1, '2016-07-05 10:39:19'),
(207685, 'TFCL110050219', 112, 'MAQUINAS YA VENDIDAS', 1, '2016-07-05 10:39:19'),
(207686, 'TFCL110050220', 112, 'MAQUINAS YA VENDIDAS', 1, '2016-07-05 10:39:19'),
(207687, 'TFCL110050221', 112, 'MAQUINAS YA VENDIDAS', 1, '2016-07-05 10:39:19'),
(207688, 'TFCL110050222', 112, 'MAQUINAS YA VENDIDAS', 1, '2016-07-05 10:39:19'),
(207689, 'TFCL110050223', 112, 'MAQUINAS YA VENDIDAS', 1, '2016-07-05 10:39:19'),
(207690, 'TFCL110050224', 112, 'MAQUINAS YA VENDIDAS', 1, '2016-07-05 10:39:19'),
(207691, 'TFCL110050225', 112, 'MAQUINAS YA VENDIDAS', 1, '2016-07-05 10:39:19'),
(207692, 'TFCL110050226', 112, 'MAQUINAS YA VENDIDAS', 1, '2016-07-05 10:39:19'),
(207693, 'TFCL110050227', 112, 'MAQUINAS YA VENDIDAS', 1, '2016-07-05 10:39:19'),
(207694, 'TFCL110050228', 112, 'MAQUINAS YA VENDIDAS', 1, '2016-07-05 10:39:19'),
(207695, 'TFCL110050229', 112, 'MAQUINAS YA VENDIDAS', 1, '2016-07-05 10:39:19'),
(207696, 'TFCL110050230', 112, 'MAQUINAS YA VENDIDAS', 1, '2016-07-05 10:39:19'),
(207697, 'TFCL110050231', 112, 'MAQUINAS YA VENDIDAS', 1, '2016-07-05 10:39:19'),
(207698, 'TFCL110050232', 112, 'MAQUINAS YA VENDIDAS', 1, '2016-07-05 10:39:19'),
(207699, 'TFCL110050233', 112, 'MAQUINAS YA VENDIDAS', 1, '2016-07-05 10:39:19'),
(207700, 'TFCL110050234', 112, 'MAQUINAS YA VENDIDAS', 1, '2016-07-05 10:39:19'),
(207701, 'TFCL110050235', 112, 'MAQUINAS YA VENDIDAS', 1, '2016-07-05 10:39:19'),
(207702, 'TFCL110050236', 112, 'MAQUINAS YA VENDIDAS', 1, '2016-07-05 10:39:19'),
(207703, 'TFCL110050237', 112, 'MAQUINAS YA VENDIDAS', 1, '2016-07-05 10:39:19'),
(207704, 'TFCL110050238', 112, 'MAQUINAS YA VENDIDAS', 1, '2016-07-05 10:39:19'),
(207705, 'TFCL110050239', 112, 'MAQUINAS YA VENDIDAS', 1, '2016-07-05 10:39:19'),
(207706, 'TFCL110050240', 112, 'MAQUINAS YA VENDIDAS', 1, '2016-07-05 10:39:19'),
(207707, 'TFCL110050241', 112, 'MAQUINAS YA VENDIDAS', 1, '2016-07-05 10:39:19'),
(207708, 'TFCL110050242', 112, 'MAQUINAS YA VENDIDAS', 1, '2016-07-05 10:39:19'),
(207709, 'TFCL110050243', 112, 'MAQUINAS YA VENDIDAS', 1, '2016-07-05 10:39:19'),
(207710, 'TFCL110050244', 112, 'MAQUINAS YA VENDIDAS', 1, '2016-07-05 10:39:19'),
(207711, 'TFCL110050245', 112, 'MAQUINAS YA VENDIDAS', 1, '2016-07-05 10:39:19'),
(207712, 'TFCL110050246', 112, 'MAQUINAS YA VENDIDAS', 1, '2016-07-05 10:39:19'),
(207713, 'TFCL110050247', 112, 'MAQUINAS YA VENDIDAS', 1, '2016-07-05 10:39:19'),
(207714, 'TFCL110050248', 112, 'MAQUINAS YA VENDIDAS', 1, '2016-07-05 10:39:19'),
(207715, 'TFCL110050249', 112, 'MAQUINAS YA VENDIDAS', 1, '2016-07-05 10:39:19'),
(207716, 'TFCL110050250', 112, 'MAQUINAS YA VENDIDAS', 1, '2016-07-05 10:39:19'),
(207717, 'TFCL110050251', 112, 'MAQUINAS YA VENDIDAS', 1, '2016-07-05 10:39:19'),
(207718, 'TFCL110050252', 112, 'MAQUINAS YA VENDIDAS', 1, '2016-07-05 10:39:19'),
(207719, 'TFCL110050253', 112, 'MAQUINAS YA VENDIDAS', 1, '2016-07-05 10:39:19'),
(207720, 'TFCL110050254', 112, 'MAQUINAS YA VENDIDAS', 1, '2016-07-05 10:39:19'),
(207721, 'TFCL110050255', 112, 'MAQUINAS YA VENDIDAS', 1, '2016-07-05 10:39:19'),
(207722, 'TFCL110050256', 112, 'MAQUINAS YA VENDIDAS', 1, '2016-07-05 10:39:19'),
(207723, 'TFCL110050257', 112, 'MAQUINAS YA VENDIDAS', 1, '2016-07-05 10:39:19'),
(207724, 'TFCL110050258', 112, 'MAQUINAS YA VENDIDAS', 1, '2016-07-05 10:39:19'),
(207725, 'TFCL110050259', 112, 'MAQUINAS YA VENDIDAS', 1, '2016-07-05 10:39:19'),
(207726, 'TFCL110050260', 112, 'MAQUINAS YA VENDIDAS', 1, '2016-07-05 10:39:19'),
(207727, 'TFCL110050261', 112, 'MAQUINAS YA VENDIDAS', 1, '2016-07-05 10:39:19'),
(207728, 'TFCL110050262', 112, 'MAQUINAS YA VENDIDAS', 1, '2016-07-05 10:39:19'),
(207729, 'TFCL110050263', 112, 'MAQUINAS YA VENDIDAS', 1, '2016-07-05 10:39:19'),
(207730, 'TFCL110050264', 112, 'MAQUINAS YA VENDIDAS', 1, '2016-07-05 10:39:19'),
(207731, 'TFCL110050265', 112, 'MAQUINAS YA VENDIDAS', 1, '2016-07-05 10:39:19'),
(207732, 'TFCL110050266', 112, 'MAQUINAS YA VENDIDAS', 1, '2016-07-05 10:39:19'),
(207733, 'TFCL110050267', 112, 'MAQUINAS YA VENDIDAS', 1, '2016-07-05 10:39:19'),
(207734, 'TFCL110050268', 112, 'MAQUINAS YA VENDIDAS', 1, '2016-07-05 10:39:19'),
(207735, 'TFCL110050269', 112, 'MAQUINAS YA VENDIDAS', 1, '2016-07-05 10:39:19'),
(207736, 'TFCL110050270', 112, 'MAQUINAS YA VENDIDAS', 1, '2016-07-05 10:39:19'),
(207737, 'TFCL110050271', 112, 'MAQUINAS YA VENDIDAS', 1, '2016-07-05 10:39:19'),
(207738, 'TFCL110050272', 112, 'MAQUINAS YA VENDIDAS', 1, '2016-07-05 10:39:19'),
(207739, 'TFCL110050273', 112, 'MAQUINAS YA VENDIDAS', 1, '2016-07-05 10:39:19'),
(207740, 'TFCL110050274', 112, 'MAQUINAS YA VENDIDAS', 1, '2016-07-05 10:39:19'),
(207741, 'TFCL110050275', 112, 'MAQUINAS YA VENDIDAS', 1, '2016-07-05 10:39:19'),
(207742, 'TFCL110050276', 112, 'MAQUINAS YA VENDIDAS', 1, '2016-07-05 10:39:19'),
(207743, 'TFCL110050277', 112, 'MAQUINAS YA VENDIDAS', 1, '2016-07-05 10:39:19'),
(207744, 'TFCL110050278', 112, 'MAQUINAS YA VENDIDAS', 1, '2016-07-05 10:39:19'),
(207745, 'TFCL110050279', 112, 'MAQUINAS YA VENDIDAS', 1, '2016-07-05 10:39:19'),
(207746, 'TFCL110050280', 112, 'MAQUINAS YA VENDIDAS', 1, '2016-07-05 10:39:19'),
(207747, 'TFCL110050281', 112, 'MAQUINAS YA VENDIDAS', 1, '2016-07-05 10:39:19'),
(207748, 'TFCL110050282', 112, 'MAQUINAS YA VENDIDAS', 1, '2016-07-05 10:39:19'),
(207749, 'TFCL110050283', 112, 'MAQUINAS YA VENDIDAS', 1, '2016-07-05 10:39:19'),
(207750, 'TFCL110050284', 112, 'MAQUINAS YA VENDIDAS', 1, '2016-07-05 10:39:19'),
(207751, 'TFCL110050285', 112, 'MAQUINAS YA VENDIDAS', 1, '2016-07-05 10:39:19'),
(207752, 'TFCL110050286', 112, 'MAQUINAS YA VENDIDAS', 1, '2016-07-05 10:39:19'),
(207753, 'TFCL110050287', 112, 'MAQUINAS YA VENDIDAS', 1, '2016-07-05 10:39:19'),
(207754, 'TFCL110050288', 112, 'MAQUINAS YA VENDIDAS', 1, '2016-07-05 10:39:19'),
(207755, 'TFCL110050289', 112, 'MAQUINAS YA VENDIDAS', 1, '2016-07-05 10:39:19'),
(207756, 'TFCL110050290', 112, 'MAQUINAS YA VENDIDAS', 1, '2016-07-05 10:39:19'),
(207757, 'TFCL110050291', 112, 'MAQUINAS YA VENDIDAS', 1, '2016-07-05 10:39:19'),
(207758, 'TFCL110050292', 112, 'MAQUINAS YA VENDIDAS', 1, '2016-07-05 10:39:19'),
(207759, 'TFCL110050293', 112, 'MAQUINAS YA VENDIDAS', 1, '2016-07-05 10:39:19'),
(207760, 'TFCL110050294', 112, 'MAQUINAS YA VENDIDAS', 1, '2016-07-05 10:39:19'),
(207761, 'TFCL110050295', 112, 'MAQUINAS YA VENDIDAS', 1, '2016-07-05 10:39:19'),
(208162, 'TFDM110050001', 112, '', 1, '2016-07-05 10:45:36'),
(208163, 'TFDM110050002', 112, '', 1, '2016-07-05 10:45:37'),
(208164, 'TFDM110050003', 112, '', 1, '2016-07-05 10:45:37'),
(208165, 'TFDM110050004', 112, '', 1, '2016-07-05 10:45:37'),
(208166, 'TFDM110050005', 112, '', 1, '2016-07-05 10:45:37'),
(208167, 'TFDM110050006', 112, '', 1, '2016-07-05 10:45:37'),
(208168, 'TFDM110050007', 112, '', 1, '2016-07-05 10:45:37'),
(208169, 'TFDM110050008', 112, '', 1, '2016-07-05 10:45:37'),
(208170, 'TFDM110050009', 112, '', 1, '2016-07-05 10:45:37'),
(208171, 'TFDM110050010', 112, '', 1, '2016-07-05 10:45:37'),
(208172, 'TFDM110050011', 112, '', 1, '2016-07-05 10:45:37'),
(208173, 'TFDM110050012', 112, '', 1, '2016-07-05 10:45:37'),
(208174, 'TFDM110050013', 112, '', 1, '2016-07-05 10:45:37'),
(208175, 'TFDM110050014', 112, '', 1, '2016-07-05 10:45:37'),
(208176, 'TFDM110050015', 112, '', 1, '2016-07-05 10:45:37'),
(208177, 'TFDM110050016', 112, '', 1, '2016-07-05 10:45:37'),
(208178, 'TFDM110050017', 112, '', 1, '2016-07-05 10:45:37'),
(208179, 'TFDM110050018', 112, '', 1, '2016-07-05 10:45:37'),
(208180, 'TFDM110050019', 112, '', 1, '2016-07-05 10:45:37'),
(208181, 'TFDM110050020', 112, '', 1, '2016-07-05 10:45:37'),
(208182, 'TFDM110050021', 112, '', 1, '2016-07-05 10:45:37'),
(208183, 'TFDM110050022', 112, '', 1, '2016-07-05 10:45:37'),
(208184, 'TFDM110050023', 112, '', 1, '2016-07-05 10:45:37'),
(208185, 'TFDM110050024', 112, '', 1, '2016-07-05 10:45:37'),
(208186, 'TFDM110050025', 112, '', 1, '2016-07-05 10:45:37'),
(208187, 'TFDM110050026', 112, '', 1, '2016-07-05 10:45:37'),
(208188, 'TFDM110050027', 112, '', 1, '2016-07-05 10:45:37'),
(208189, 'TFDM110050028', 112, '', 1, '2016-07-05 10:45:37'),
(208190, 'TFDM110050029', 112, '', 1, '2016-07-05 10:45:37'),
(208191, 'TFDM110050030', 112, '', 1, '2016-07-05 10:45:37'),
(208192, 'TFDM110050031', 112, '', 1, '2016-07-05 10:45:37'),
(208193, 'TFDM110050032', 112, '', 1, '2016-07-05 10:45:37'),
(208194, 'TFDM110050033', 112, '', 1, '2016-07-05 10:45:37'),
(208195, 'TFDM110050034', 112, '', 1, '2016-07-05 10:45:37'),
(208196, 'TFDM110050035', 112, '', 1, '2016-07-05 10:45:37'),
(208197, 'TFDM110050036', 112, '', 1, '2016-07-05 10:45:37'),
(208198, 'TFDM110050037', 112, '', 1, '2016-07-05 10:45:37'),
(208199, 'TFDM110050038', 112, '', 1, '2016-07-05 10:45:37'),
(208200, 'TFDM110050039', 112, '', 1, '2016-07-05 10:45:37'),
(208201, 'TFDM110050040', 112, '', 1, '2016-07-05 10:45:37'),
(208202, 'TFDM110050041', 112, '', 1, '2016-07-05 10:45:37'),
(208203, 'TFDM110050042', 112, '', 1, '2016-07-05 10:45:37'),
(208204, 'TFDM110050043', 112, '', 1, '2016-07-05 10:45:37'),
(208205, 'TFDM110050044', 112, '', 1, '2016-07-05 10:45:37'),
(208206, 'TFDM110050045', 112, '', 1, '2016-07-05 10:45:37'),
(208207, 'TFDM110050046', 112, '', 1, '2016-07-05 10:45:37'),
(208208, 'TFDM110050047', 112, '', 1, '2016-07-05 10:45:37'),
(208209, 'TFDM110050048', 112, '', 1, '2016-07-05 10:45:37'),
(208210, 'TFDM110050049', 112, '', 1, '2016-07-05 10:45:37'),
(208211, 'TFDM110050050', 112, '', 1, '2016-07-05 10:45:37'),
(208212, 'TFDM110050051', 112, '', 1, '2016-07-05 10:45:37'),
(208213, 'TFDM110050052', 112, '', 1, '2016-07-05 10:45:37'),
(208214, 'TFDM110050053', 112, '', 1, '2016-07-05 10:45:37'),
(208215, 'TFDM110050054', 112, '', 1, '2016-07-05 10:45:37'),
(208216, 'TFDM110050055', 112, '', 1, '2016-07-05 10:45:37'),
(208217, 'TFDM110050056', 112, '', 1, '2016-07-05 10:45:37'),
(208218, 'TFDM110050057', 112, '', 1, '2016-07-05 10:45:37'),
(208219, 'TFDM110050058', 112, '', 1, '2016-07-05 10:45:37'),
(208220, 'TFDM110050059', 112, '', 1, '2016-07-05 10:45:37'),
(208221, 'TFDM110050060', 112, '', 1, '2016-07-05 10:45:37'),
(208222, 'TFDM110050061', 112, '', 1, '2016-07-05 10:45:37'),
(208223, 'TFDM110050062', 112, '', 1, '2016-07-05 10:45:37'),
(208224, 'TFDM110050063', 112, '', 1, '2016-07-05 10:45:37'),
(208225, 'TFDM110050064', 112, '', 1, '2016-07-05 10:45:37'),
(208226, 'TFDM110050065', 112, '', 1, '2016-07-05 10:45:37'),
(208227, 'TFDM110050066', 112, '', 1, '2016-07-05 10:45:37'),
(208228, 'TFDM110050067', 112, '', 1, '2016-07-05 10:45:37'),
(208229, 'TFDM110050068', 112, '', 1, '2016-07-05 10:45:37'),
(208230, 'TFDM110050069', 112, '', 1, '2016-07-05 10:45:37'),
(208231, 'TFDM110050070', 112, '', 1, '2016-07-05 10:45:37'),
(208232, 'TFDM110050071', 112, '', 1, '2016-07-05 10:45:37'),
(208233, 'TFDM110050072', 112, '', 1, '2016-07-05 10:45:37'),
(208234, 'TFDM110050073', 112, '', 1, '2016-07-05 10:45:37'),
(208235, 'TFDM110050074', 112, '', 1, '2016-07-05 10:45:37'),
(208236, 'TFDM110050075', 112, '', 1, '2016-07-05 10:45:37'),
(208237, 'TFDM110050076', 112, '', 1, '2016-07-05 10:45:37'),
(208238, 'TFDM110050077', 112, '', 1, '2016-07-05 10:45:37'),
(208239, 'TFDM110050078', 112, '', 1, '2016-07-05 10:45:37'),
(208240, 'TFDM110050079', 112, '', 1, '2016-07-05 10:45:37'),
(208241, 'TFDM110050080', 112, '', 1, '2016-07-05 10:45:37'),
(208242, 'TFDM110050081', 112, '', 1, '2016-07-05 10:45:37'),
(208243, 'TFDM110050082', 112, '', 1, '2016-07-05 10:45:37'),
(208244, 'TFDM110050083', 112, '', 1, '2016-07-05 10:45:37'),
(208245, 'TFDM110050084', 112, '', 1, '2016-07-05 10:45:37'),
(208246, 'TFDM110050085', 112, '', 1, '2016-07-05 10:45:37'),
(208247, 'TFDM110050086', 112, '', 1, '2016-07-05 10:45:37'),
(208248, 'TFDM110050087', 112, '', 1, '2016-07-05 10:45:37'),
(208249, 'TFDM110050088', 112, '', 1, '2016-07-05 10:45:37'),
(208250, 'TFDM110050089', 112, '', 1, '2016-07-05 10:45:37'),
(208251, 'TFDM110050090', 112, '', 1, '2016-07-05 10:45:37'),
(208252, 'TFDM110050091', 112, '', 1, '2016-07-05 10:45:37'),
(208253, 'TFDM110050092', 112, '', 1, '2016-07-05 10:45:37'),
(208254, 'TFDM110050093', 112, '', 1, '2016-07-05 10:45:37'),
(208255, 'TFDM110050094', 112, '', 1, '2016-07-05 10:45:37'),
(208256, 'TFDM110050095', 112, '', 1, '2016-07-05 10:45:37'),
(208257, 'TFDM110050096', 112, '', 1, '2016-07-05 10:45:37'),
(208258, 'TFDM110050097', 112, '', 1, '2016-07-05 10:45:37'),
(208259, 'TFDM110050098', 112, '', 1, '2016-07-05 10:45:37'),
(208260, 'TFDM110050099', 112, '', 1, '2016-07-05 10:45:37'),
(208261, 'TFDM110050100', 112, '', 1, '2016-07-05 10:45:37'),
(208262, 'TFDM110050101', 112, '', 1, '2016-07-05 10:45:37'),
(208263, 'TFDM110050102', 112, '', 1, '2016-07-05 10:45:37'),
(208264, 'TFDM110050103', 112, '', 1, '2016-07-05 10:45:37'),
(208265, 'TFDM110050104', 112, '', 1, '2016-07-05 10:45:37'),
(208266, 'TFDM110050105', 112, '', 1, '2016-07-05 10:45:37'),
(208267, 'TFDM110050106', 112, '', 1, '2016-07-05 10:45:37'),
(208268, 'TFDM110050107', 112, '', 1, '2016-07-05 10:45:37'),
(208269, 'TFDM110050108', 112, '', 1, '2016-07-05 10:45:37'),
(208270, 'TFDM110050109', 112, '', 1, '2016-07-05 10:45:37'),
(208271, 'TFDM110050110', 112, '', 1, '2016-07-05 10:45:37'),
(208272, 'TFDM110050111', 112, '', 1, '2016-07-05 10:45:37'),
(208273, 'TFDM110050112', 112, '', 1, '2016-07-05 10:45:37'),
(208274, 'TFDM110050113', 112, '', 1, '2016-07-05 10:45:37'),
(208275, 'TFDM110050114', 112, '', 1, '2016-07-05 10:45:37'),
(208276, 'TFDM110050115', 112, '', 1, '2016-07-05 10:45:37'),
(208277, 'TFDM110050116', 112, '', 1, '2016-07-05 10:45:37'),
(208278, 'TFDM110050117', 112, '', 1, '2016-07-05 10:45:37'),
(208279, 'TFDM110050118', 112, '', 1, '2016-07-05 10:45:37'),
(208280, 'TFDM110050119', 112, '', 1, '2016-07-05 10:45:37'),
(208281, 'TFDM110050120', 112, '', 1, '2016-07-05 10:45:37'),
(208282, 'TFDM110050121', 112, '', 1, '2016-07-05 10:45:37'),
(208283, 'TFDM110050122', 112, '', 1, '2016-07-05 10:45:37'),
(208284, 'TFDM110050123', 112, '', 1, '2016-07-05 10:45:37'),
(208285, 'TFDM110050124', 112, '', 1, '2016-07-05 10:45:37'),
(208286, 'TFDM110050125', 112, '', 1, '2016-07-05 10:45:37'),
(208287, 'TFDM110050126', 112, '', 1, '2016-07-05 10:45:37'),
(208288, 'TFDM110050127', 112, '', 1, '2016-07-05 10:45:37'),
(208289, 'TFDM110050128', 112, '', 1, '2016-07-05 10:45:37'),
(208290, 'TFDM110050129', 112, '', 1, '2016-07-05 10:45:37'),
(208291, 'TFDM110050130', 112, '', 1, '2016-07-05 10:45:37'),
(208292, 'TFDM110050131', 112, '', 1, '2016-07-05 10:45:37'),
(208293, 'TFDM110050132', 112, '', 1, '2016-07-05 10:45:37'),
(208294, 'TFDM110050133', 112, '', 1, '2016-07-05 10:45:37'),
(208295, 'TFDM110050134', 112, '', 1, '2016-07-05 10:45:37'),
(208296, 'TFDM110050135', 112, '', 1, '2016-07-05 10:45:37'),
(208297, 'TFDM110050136', 112, '', 1, '2016-07-05 10:45:37'),
(208298, 'TFDM110050137', 112, '', 1, '2016-07-05 10:45:37'),
(208299, 'TFDM110050138', 112, '', 1, '2016-07-05 10:45:37'),
(208300, 'TFDM110050139', 112, '', 1, '2016-07-05 10:45:37'),
(208301, 'TFDM110050140', 112, '', 1, '2016-07-05 10:45:37'),
(208302, 'TFDM110050141', 112, '', 1, '2016-07-05 10:45:37'),
(208303, 'TFDM110050142', 112, '', 1, '2016-07-05 10:45:37'),
(208304, 'TFDM110050143', 112, '', 1, '2016-07-05 10:45:37'),
(208305, 'TFDM110050144', 112, '', 1, '2016-07-05 10:45:37'),
(208306, 'TFDM110050145', 112, '', 1, '2016-07-05 10:45:37'),
(208307, 'TFDM110050146', 112, '', 1, '2016-07-05 10:45:37'),
(208308, 'TFDM110050147', 112, '', 1, '2016-07-05 10:45:37'),
(208309, 'TFDM110050148', 112, '', 1, '2016-07-05 10:45:37'),
(208310, 'TFDM110050149', 112, '', 1, '2016-07-05 10:45:37'),
(208311, 'TFDM110050150', 112, '', 1, '2016-07-05 10:45:37'),
(208312, 'TFDM110050151', 112, '', 1, '2016-07-05 10:45:37'),
(208313, 'TFDM110050152', 112, '', 1, '2016-07-05 10:45:37'),
(208314, 'TFDM110050153', 112, '', 1, '2016-07-05 10:45:37'),
(208315, 'TFDM110050154', 112, '', 1, '2016-07-05 10:45:37'),
(208316, 'TFDM110050155', 112, '', 1, '2016-07-05 10:45:37'),
(208317, 'TFDM110050156', 112, '', 1, '2016-07-05 10:45:37'),
(208318, 'TFDM110050157', 112, '', 1, '2016-07-05 10:45:37'),
(208319, 'TFDM110050158', 112, '', 1, '2016-07-05 10:45:37'),
(208320, 'TFDM110050159', 112, '', 1, '2016-07-05 10:45:37'),
(208321, 'TFDM110050160', 112, '', 1, '2016-07-05 10:45:37'),
(208322, 'TFDM110050161', 112, '', 1, '2016-07-05 10:45:37'),
(208323, 'TFDM110050162', 112, '', 1, '2016-07-05 10:45:37'),
(208324, 'TFDM110050163', 112, '', 1, '2016-07-05 10:45:37'),
(208325, 'TFDM110050164', 112, '', 1, '2016-07-05 10:45:37'),
(208326, 'TFDM110050165', 112, '', 1, '2016-07-05 10:45:37'),
(208327, 'TFDM110050166', 112, '', 1, '2016-07-05 10:45:37'),
(208328, 'TFDM110050167', 112, '', 1, '2016-07-05 10:45:37'),
(208329, 'TFDM110050168', 112, '', 1, '2016-07-05 10:45:37'),
(208330, 'TFDM110050169', 112, '', 1, '2016-07-05 10:45:37'),
(208331, 'TFDM110050170', 112, '', 1, '2016-07-05 10:45:37'),
(208332, 'TFDM110050171', 112, '', 1, '2016-07-05 10:45:37'),
(208333, 'TFDM110050172', 112, '', 1, '2016-07-05 10:45:37'),
(208334, 'TFDM110050173', 112, '', 1, '2016-07-05 10:45:37'),
(208335, 'TFDM110050174', 112, '', 1, '2016-07-05 10:45:37'),
(208336, 'TFDM110050175', 112, '', 1, '2016-07-05 10:45:37'),
(208337, 'TFDM110050176', 112, '', 1, '2016-07-05 10:45:37'),
(208338, 'TFDM110050177', 112, '', 1, '2016-07-05 10:45:37'),
(208339, 'TFDM110050178', 112, '', 1, '2016-07-05 10:45:37'),
(208340, 'TFDM110050179', 112, '', 1, '2016-07-05 10:45:37'),
(208341, 'TFDM110050180', 112, '', 1, '2016-07-05 10:45:37'),
(208342, 'TFDM110050181', 112, '', 1, '2016-07-05 10:45:37'),
(208343, 'TFDM110050182', 112, '', 1, '2016-07-05 10:45:37'),
(208344, 'TFDM110050183', 112, '', 1, '2016-07-05 10:45:37'),
(208345, 'TFDM110050184', 112, '', 1, '2016-07-05 10:45:37'),
(208346, 'TFDM110050185', 112, '', 1, '2016-07-05 10:45:37'),
(208347, 'TFDM110050186', 112, '', 1, '2016-07-05 10:45:37'),
(208348, 'TFDM110050187', 112, '', 1, '2016-07-05 10:45:37'),
(208349, 'TFDM110050188', 112, '', 1, '2016-07-05 10:45:37'),
(208350, 'TFDM110050189', 112, '', 1, '2016-07-05 10:45:37'),
(208351, 'TFDM110050190', 112, '', 1, '2016-07-05 10:45:37'),
(208352, 'TFDM110050191', 112, '', 1, '2016-07-05 10:45:37'),
(208353, 'TFDM110050192', 112, '', 1, '2016-07-05 10:45:37'),
(208354, 'TFDM110050193', 112, '', 1, '2016-07-05 10:45:37'),
(208355, 'TFDM110050194', 112, '', 1, '2016-07-05 10:45:37'),
(208356, 'TFDM110050195', 112, '', 1, '2016-07-05 10:45:37'),
(208357, 'TFDM110050196', 112, '', 1, '2016-07-05 10:45:37'),
(208358, 'TFDM110050197', 112, '', 1, '2016-07-05 10:45:37'),
(208359, 'TFDM110050198', 112, '', 1, '2016-07-05 10:45:37'),
(208360, 'TFDM110050199', 112, '', 1, '2016-07-05 10:45:37'),
(208361, 'TFDM110050200', 112, '', 1, '2016-07-05 10:45:37'),
(208362, 'TFDM110050201', 112, '', 1, '2016-07-05 10:45:37'),
(208363, 'TFDM110050202', 112, '', 1, '2016-07-05 10:45:37'),
(208364, 'TFDM110050203', 112, '', 1, '2016-07-05 10:45:37'),
(208365, 'TFDM110050204', 112, '', 1, '2016-07-05 10:45:37'),
(208366, 'TFDM110050205', 112, '', 1, '2016-07-05 10:45:37'),
(208367, 'TFDM110050206', 112, '', 1, '2016-07-05 10:45:37'),
(208368, 'TFDM110050207', 112, '', 1, '2016-07-05 10:45:37'),
(208369, 'TFDM110050208', 112, '', 1, '2016-07-05 10:45:37'),
(208370, 'TFDM110050209', 112, '', 1, '2016-07-05 10:45:37'),
(208371, 'TFDM110050210', 112, '', 1, '2016-07-05 10:45:37'),
(208372, 'TFDM110050211', 112, '', 1, '2016-07-05 10:45:37'),
(208373, 'TFDM110050212', 112, '', 1, '2016-07-05 10:45:37'),
(208374, 'TFDM110050213', 112, '', 1, '2016-07-05 10:45:37'),
(208375, 'TFDM110050214', 112, '', 1, '2016-07-05 10:45:37'),
(208376, 'TFDM110050215', 112, '', 1, '2016-07-05 10:45:37'),
(208377, 'TFDM110050216', 112, '', 1, '2016-07-05 10:45:37'),
(208378, 'TFDM110050217', 112, '', 1, '2016-07-05 10:45:37'),
(208379, 'TFDM110050218', 112, '', 1, '2016-07-05 10:45:37'),
(208380, 'TFDM110050219', 112, '', 1, '2016-07-05 10:45:37'),
(208381, 'TFDM110050220', 112, '', 1, '2016-07-05 10:45:37'),
(208382, 'TFDM110050221', 112, '', 1, '2016-07-05 10:45:37'),
(208383, 'TFDM110050222', 112, '', 1, '2016-07-05 10:45:37'),
(208384, 'TFDM110050223', 112, '', 1, '2016-07-05 10:45:37'),
(208385, 'TFDM110050224', 112, '', 1, '2016-07-05 10:45:37'),
(208386, 'TFDM110050225', 112, '', 1, '2016-07-05 10:45:37'),
(208387, 'TFDM110050226', 112, '', 1, '2016-07-05 10:45:37'),
(208388, 'TFDM110050227', 112, '', 1, '2016-07-05 10:45:37'),
(208389, 'TFDM110050228', 112, '', 1, '2016-07-05 10:45:37'),
(208390, 'TFDM110050229', 112, '', 1, '2016-07-05 10:45:37'),
(208391, 'TFDM110050230', 112, '', 1, '2016-07-05 10:45:37'),
(208392, 'TFDM110050231', 112, '', 1, '2016-07-05 10:45:37'),
(208393, 'TFDM110050232', 112, '', 1, '2016-07-05 10:45:37'),
(208394, 'TFDM110050233', 112, '', 1, '2016-07-05 10:45:37'),
(208395, 'TFDM110050234', 112, '', 1, '2016-07-05 10:45:37'),
(208396, 'TFDM110050235', 112, '', 1, '2016-07-05 10:45:37'),
(208397, 'TFDM110050236', 112, '', 1, '2016-07-05 10:45:37'),
(208398, 'TFDM110050237', 112, '', 1, '2016-07-05 10:45:37'),
(208399, 'TFDM110050238', 112, '', 1, '2016-07-05 10:45:37'),
(208400, 'TFDM110050239', 112, '', 1, '2016-07-05 10:45:37'),
(208401, 'TFDM110050240', 112, '', 1, '2016-07-05 10:45:37'),
(208402, 'TFDM110050241', 112, '', 1, '2016-07-05 10:45:37'),
(208403, 'TFDM110050242', 112, '', 1, '2016-07-05 10:45:37'),
(208404, 'TFDM110050243', 112, '', 1, '2016-07-05 10:45:37'),
(208405, 'TFDM110050244', 112, '', 1, '2016-07-05 10:45:37'),
(208406, 'TFDM110050245', 112, '', 1, '2016-07-05 10:45:37'),
(208407, 'TFDM110050246', 112, '', 1, '2016-07-05 10:45:37'),
(208408, 'TFDM110050247', 112, '', 1, '2016-07-05 10:45:37'),
(208409, 'TFDM110050248', 112, '', 1, '2016-07-05 10:45:37'),
(208410, 'TFDM110050249', 112, '', 1, '2016-07-05 10:45:37'),
(208411, 'TFDM110050250', 112, '', 1, '2016-07-05 10:45:37'),
(208412, 'TFDM110050251', 112, '', 1, '2016-07-05 10:45:37'),
(208413, 'TFDM110050252', 112, '', 1, '2016-07-05 10:45:37'),
(208414, 'TFDM110050253', 112, '', 1, '2016-07-05 10:45:37'),
(208415, 'TFDM110050254', 112, '', 1, '2016-07-05 10:45:37'),
(208416, 'TFDM110050255', 112, '', 1, '2016-07-05 10:45:37'),
(208417, 'TFDM110050256', 112, '', 1, '2016-07-05 10:45:37'),
(208418, 'TFDM110050257', 112, '', 1, '2016-07-05 10:45:37'),
(208419, 'TFDM110050258', 112, '', 1, '2016-07-05 10:45:37'),
(208420, 'TFDM110050259', 112, '', 1, '2016-07-05 10:45:37'),
(208421, 'TFDM110050260', 112, '', 1, '2016-07-05 10:45:37'),
(208422, 'TFDM110050261', 112, '', 1, '2016-07-05 10:45:37'),
(208423, 'TFDM110050262', 112, '', 1, '2016-07-05 10:45:37'),
(208424, 'TFDM110050263', 112, '', 1, '2016-07-05 10:45:37'),
(208425, 'TFDM110050264', 112, '', 1, '2016-07-05 10:45:37'),
(208426, 'TFDM110050265', 112, '', 1, '2016-07-05 10:45:37'),
(208427, 'TFDM110050266', 112, '', 1, '2016-07-05 10:45:37'),
(208428, 'TFDM110050267', 112, '', 1, '2016-07-05 10:45:37'),
(208429, 'TFDM110050268', 112, '', 1, '2016-07-05 10:45:37'),
(208430, 'TFDM110050269', 112, '', 1, '2016-07-05 10:45:37'),
(208431, 'TFDM110050270', 112, '', 1, '2016-07-05 10:45:37'),
(208432, 'TFDM110050271', 112, '', 1, '2016-07-05 10:45:37'),
(208433, 'TFDM110050272', 112, '', 1, '2016-07-05 10:45:37'),
(208434, 'TFDM110050273', 112, '', 1, '2016-07-05 10:45:37'),
(208435, 'TFDM110050274', 112, '', 1, '2016-07-05 10:45:37'),
(208436, 'TFDM110050275', 112, '', 1, '2016-07-05 10:45:37'),
(208437, 'TFDM110050276', 112, '', 1, '2016-07-05 10:45:37'),
(208438, 'TFDM110050277', 112, '', 1, '2016-07-05 10:45:37'),
(208439, 'TFDM110050278', 112, '', 1, '2016-07-05 10:45:37'),
(208440, 'TFDM110050279', 112, '', 1, '2016-07-05 10:45:37'),
(208441, 'TFDM110050280', 112, '', 1, '2016-07-05 10:45:37'),
(208442, 'TFDM110050281', 112, '', 1, '2016-07-05 10:45:37'),
(208443, 'TFDM110050282', 112, '', 1, '2016-07-05 10:45:37'),
(208444, 'TFDM110050283', 112, '', 1, '2016-07-05 10:45:37'),
(208445, 'TFDM110050284', 112, '', 1, '2016-07-05 10:45:37'),
(208446, 'TFDM110050285', 112, '', 1, '2016-07-05 10:45:37'),
(208447, 'TFDM110050286', 112, '', 1, '2016-07-05 10:45:37'),
(208448, 'TFDM110050287', 112, '', 1, '2016-07-05 10:45:37'),
(208449, 'TFDM110050288', 112, '', 1, '2016-07-05 10:45:37'),
(208450, 'TFDM110050289', 112, '', 1, '2016-07-05 10:45:37'),
(208451, 'TFDM110050290', 112, '', 1, '2016-07-05 10:45:37'),
(208452, 'TFDM110050291', 112, '', 1, '2016-07-05 10:45:37'),
(208453, 'TFDM110050292', 112, '', 1, '2016-07-05 10:45:37'),
(208454, 'TFDM110050293', 112, '', 1, '2016-07-05 10:45:37'),
(208455, 'TFDM110050294', 112, '', 1, '2016-07-05 10:45:37'),
(208456, 'TFDM110050295', 112, '', 1, '2016-07-05 10:45:37'),
(208457, 'TFDM110050296', 112, '', 1, '2016-07-05 10:45:37'),
(208458, 'TFDM110050297', 112, '', 1, '2016-07-05 10:45:37'),
(208459, 'TFDM110050298', 112, '', 1, '2016-07-05 10:45:37'),
(208460, 'TFDM110050299', 112, '', 1, '2016-07-05 10:45:37'),
(208461, 'TFDM110050300', 112, '', 1, '2016-07-05 10:45:37'),
(208462, 'TFDM110050301', 112, '', 1, '2016-07-05 10:45:37'),
(208463, 'TFDM110050302', 112, '', 1, '2016-07-05 10:45:37'),
(208464, 'TFDM110050303', 112, '', 1, '2016-07-05 10:45:37'),
(208465, 'TFDM110050304', 112, '', 1, '2016-07-05 10:45:37'),
(208466, 'TFDM110050305', 112, '', 1, '2016-07-05 10:45:37'),
(208467, 'TFDM110050306', 112, '', 1, '2016-07-05 10:45:37'),
(208468, 'TFDM110050307', 112, '', 1, '2016-07-05 10:45:37'),
(208469, 'TFDM110050308', 112, '', 1, '2016-07-05 10:45:37'),
(208470, 'TFDM110050309', 112, '', 1, '2016-07-05 10:45:37'),
(208471, 'TFDM110050310', 112, '', 1, '2016-07-05 10:45:37'),
(208472, 'TFDM110050311', 112, '', 1, '2016-07-05 10:45:37'),
(208473, 'TFDM110050312', 112, '', 1, '2016-07-05 10:45:37'),
(208474, 'TFDM110050313', 112, '', 1, '2016-07-05 10:45:37'),
(208475, 'TFDM110050314', 112, '', 1, '2016-07-05 10:45:37'),
(208476, 'TFDM110050315', 112, '', 1, '2016-07-05 10:45:37'),
(208477, 'TFDM110050316', 112, '', 1, '2016-07-05 10:45:37'),
(208478, 'TFDM110050317', 112, '', 1, '2016-07-05 10:45:37'),
(208479, 'TFDM110050318', 112, '', 1, '2016-07-05 10:45:37'),
(208480, 'TFDM110050319', 112, '', 1, '2016-07-05 10:45:37'),
(208481, 'TFDM110050320', 112, '', 1, '2016-07-05 10:45:37'),
(208482, 'TFDM110050321', 112, '', 1, '2016-07-05 10:45:37'),
(208483, 'TFDM110050322', 112, '', 1, '2016-07-05 10:45:37'),
(208484, 'TFDM110050323', 112, '', 1, '2016-07-05 10:45:37'),
(208485, 'TFDM110050324', 112, '', 1, '2016-07-05 10:45:37'),
(208486, 'TFDM110050325', 112, '', 1, '2016-07-05 10:45:37'),
(208487, 'TFDM110050326', 112, '', 1, '2016-07-05 10:45:37'),
(208488, 'TFDM110050327', 112, '', 1, '2016-07-05 10:45:37'),
(208489, 'TFDM110050328', 112, '', 1, '2016-07-05 10:45:37'),
(208490, 'TFDM110050329', 112, '', 1, '2016-07-05 10:45:37'),
(208491, 'TFDM110050330', 112, '', 1, '2016-07-05 10:45:37'),
(208492, 'TFDM110050331', 112, '', 1, '2016-07-05 10:45:37'),
(208493, 'TFDM110050332', 112, '', 1, '2016-07-05 10:45:37'),
(208494, 'TFDM110050333', 112, '', 1, '2016-07-05 10:45:37'),
(208495, 'TFDM110050334', 112, '', 1, '2016-07-05 10:45:37'),
(208496, 'TFDM110050335', 112, '', 1, '2016-07-05 10:45:37'),
(208497, 'TFDM110050336', 112, '', 1, '2016-07-05 10:45:37'),
(208498, 'TFDM110050337', 112, '', 1, '2016-07-05 10:45:37'),
(208499, 'TFDM110050338', 112, '', 1, '2016-07-05 10:45:37'),
(208500, 'TFDM110050339', 112, '', 1, '2016-07-05 10:45:37'),
(208501, 'TFDM110050340', 112, '', 1, '2016-07-05 10:45:37'),
(208502, 'TFDM110050341', 112, '', 1, '2016-07-05 10:45:37'),
(208503, 'TFDM110050342', 112, '', 1, '2016-07-05 10:45:37'),
(208504, 'TFDM110050343', 112, '', 1, '2016-07-05 10:45:37'),
(208505, 'TFDM110050344', 112, '', 1, '2016-07-05 10:45:37'),
(208506, 'TFDM110050345', 112, '', 1, '2016-07-05 10:45:37'),
(208507, 'TFDM110050346', 112, '', 1, '2016-07-05 10:45:37'),
(208508, 'TFDM110050347', 112, '', 1, '2016-07-05 10:45:37'),
(208509, 'TFDM110050348', 112, '', 1, '2016-07-05 10:45:37'),
(208510, 'TFDM110050349', 112, '', 1, '2016-07-05 10:45:37'),
(208511, 'TFDM110050350', 112, '', 1, '2016-07-05 10:45:37'),
(208512, 'TFDM110050351', 112, '', 1, '2016-07-05 10:45:37'),
(208513, 'TFDM110050352', 112, '', 1, '2016-07-05 10:45:37'),
(208514, 'TFDM110050353', 112, '', 1, '2016-07-05 10:45:37'),
(208515, 'TFDM110050354', 112, '', 1, '2016-07-05 10:45:37'),
(208516, 'TFDM110050355', 112, '', 1, '2016-07-05 10:45:37'),
(208517, 'TFDM110050356', 112, '', 1, '2016-07-05 10:45:37'),
(208518, 'TFDM110050357', 112, '', 1, '2016-07-05 10:45:37'),
(208519, 'TFDM110050358', 112, '', 1, '2016-07-05 10:45:37'),
(208520, 'TFDM110050359', 112, '', 1, '2016-07-05 10:45:37'),
(208521, 'TFDM110050360', 112, '', 1, '2016-07-05 10:45:37'),
(208522, 'TFDM110050361', 112, '', 1, '2016-07-05 10:45:37'),
(208523, 'TFDM110050362', 112, '', 1, '2016-07-05 10:45:37'),
(208524, 'TFDM110050363', 112, '', 1, '2016-07-05 10:45:37'),
(208525, 'TFDM110050364', 112, '', 1, '2016-07-05 10:45:37'),
(208526, 'TFDM110050365', 112, '', 1, '2016-07-05 10:45:37'),
(208527, 'TFDM110050366', 112, '', 1, '2016-07-05 10:45:37'),
(208528, 'TFDM110050367', 112, '', 1, '2016-07-05 10:45:37'),
(208529, 'TFDM110050368', 112, '', 1, '2016-07-05 10:45:37'),
(208530, 'TFDM110050369', 112, '', 1, '2016-07-05 10:45:37'),
(208531, 'TFDM110050370', 112, '', 1, '2016-07-05 10:45:37'),
(208532, 'TFDM110050371', 112, '', 1, '2016-07-05 10:45:37'),
(208533, 'TFDM110050372', 112, '', 1, '2016-07-05 10:45:37'),
(208534, 'TFDM110050373', 112, '', 1, '2016-07-05 10:45:37'),
(208535, 'TFDM110050374', 112, '', 1, '2016-07-05 10:45:37'),
(208536, 'TFDM110050375', 112, '', 1, '2016-07-05 10:45:37'),
(208537, 'TFDM110050376', 112, '', 1, '2016-07-05 10:45:37'),
(208538, 'TFDM110050377', 112, '', 1, '2016-07-05 10:45:37'),
(208539, 'TFDM110050378', 112, '', 1, '2016-07-05 10:45:37'),
(208540, 'TFDM110050379', 112, '', 1, '2016-07-05 10:45:37'),
(208541, 'TFDM110050380', 112, '', 1, '2016-07-05 10:45:37'),
(208542, 'TFDM110050381', 112, '', 1, '2016-07-05 10:45:37'),
(208543, 'TFDM110050382', 112, '', 1, '2016-07-05 10:45:37'),
(208544, 'TFDM110050383', 112, '', 1, '2016-07-05 10:45:37'),
(208545, 'TFDM110050384', 112, '', 1, '2016-07-05 10:45:37'),
(208546, 'TFDM110050385', 112, '', 1, '2016-07-05 10:45:37'),
(208547, 'TFDM110050386', 112, '', 1, '2016-07-05 10:45:37'),
(208548, 'TFDM110050387', 112, '', 1, '2016-07-05 10:45:37'),
(208549, 'TFDM110050388', 112, '', 1, '2016-07-05 10:45:37'),
(208550, 'TFDM110050389', 112, '', 1, '2016-07-05 10:45:37'),
(208551, 'TFDM110050390', 112, '', 1, '2016-07-05 10:45:37'),
(208552, 'TFDM110050391', 112, '', 1, '2016-07-05 10:45:37'),
(208553, 'TFDM110050392', 112, '', 1, '2016-07-05 10:45:37'),
(208554, 'TFDM110050393', 112, '', 1, '2016-07-05 10:45:37'),
(208555, 'TFDM110050394', 112, '', 1, '2016-07-05 10:45:37'),
(208556, 'TFDM110050395', 112, '', 1, '2016-07-05 10:45:37'),
(208557, 'TFDM110050396', 112, '', 1, '2016-07-05 10:45:37'),
(208558, 'TFDM110050397', 112, '', 1, '2016-07-05 10:45:37'),
(208559, 'TFDM110050398', 112, '', 1, '2016-07-05 10:45:37'),
(208560, 'TFDM110050399', 112, '', 1, '2016-07-05 10:45:37'),
(208561, 'TFDM110050400', 112, '', 1, '2016-07-05 10:45:37'),
(208562, 'TFCL110050401', 157, 'Primera prueba', 1, '2016-08-30 10:41:07'),
(208563, 'TFCL110050402', 157, 'Primera prueba', 1, '2016-08-30 10:41:07'),
(208564, 'TFCL110050403', 157, 'Primera prueba', 1, '2016-08-30 10:41:07'),
(208565, 'TFCL110050404', 157, 'Primera prueba', 1, '2016-08-30 10:41:07'),
(208566, 'TFCL110050405', 157, 'Primera prueba', 1, '2016-08-30 10:41:07'),
(208567, 'TFCL110050406', 157, 'Primera prueba', 1, '2016-08-30 10:41:07'),
(208568, 'TFCL110050407', 157, 'Primera prueba', 1, '2016-08-30 10:41:07'),
(208569, 'TFCL110050408', 157, 'Primera prueba', 1, '2016-08-30 10:41:07'),
(208570, 'TFCL110050409', 157, 'Primera prueba', 1, '2016-08-30 10:41:07'),
(208571, 'TFCL110050410', 157, 'Primera prueba', 1, '2016-08-30 10:41:07'),
(208572, 'TFCL110008585', 157, 'Prueba 2', 1, '2016-08-30 11:03:47'),
(208573, 'TFCL110008586', 157, 'Prueba 2', 1, '2016-08-30 11:03:47'),
(208574, 'TFDM110008587', 157, 'prueba', 1, '2017-03-15 14:23:07'),
(208575, 'TFDM110008588', 157, 'prueba', 1, '2017-03-15 14:23:07'),
(208576, 'TFCL110008587', 157, '', 1, '2017-03-15 15:21:28'),
(208577, 'TFBX110050600', 16, 'Prueba de Jenny', 1, '2017-07-26 05:19:53'),
(208578, 'TFBX110050601', 16, 'Prueba de Jenny', 1, '2017-07-26 05:19:54'),
(208579, 'TFBX110050602', 16, 'Prueba de Jenny', 1, '2017-07-26 05:19:54'),
(208580, 'TFBX110050603', 16, 'Prueba de Jenny', 1, '2017-07-26 05:19:54'),
(208581, 'TFBX110050604', 16, 'Prueba de Jenny', 1, '2017-07-26 05:19:54'),
(208582, 'TFBX110050605', 16, 'Prueba de Jenny', 1, '2017-07-26 05:19:54'),
(208583, 'TFBX110050606', 16, 'Prueba de Jenny', 1, '2017-07-26 05:19:54'),
(208584, 'TFBX110050607', 16, 'Prueba de Jenny', 1, '2017-07-26 05:19:54'),
(208585, 'TFBX110050608', 16, 'Prueba de Jenny', 1, '2017-07-26 05:19:54'),
(208586, 'TFBX110050609', 16, 'Prueba de Jenny', 1, '2017-07-26 05:19:54'),
(208587, '8998908', 170, 'la patilla', 1, '2017-08-01 13:14:57'),
(208588, 'TFCL118888888', 170, '', 1, '2017-08-01 13:16:17'),
(208589, '1111111', 170, '', 1, '2017-08-01 13:16:44'),
(208590, 'TFCL11[]¨*¡?=', 170, '', 1, '2017-08-03 05:47:51'),
(208591, 'TFCL112223231', 170, '232', 1, '2017-08-04 11:53:07'),
(208592, 'TFBX110050610', 16, 'prueba de jenny\r\n', 1, '2017-08-28 13:04:10'),
(208593, 'TFBX110050611', 16, 'prueba de jenny\r\n', 1, '2017-08-28 13:04:11'),
(208594, 'TFBX110050612', 16, 'prueba de jenny\r\n', 1, '2017-08-28 13:04:11'),
(208595, 'TFBX110050613', 16, 'prueba de jenny\r\n', 1, '2017-08-28 13:04:11'),
(208596, 'TFBX110050614', 16, 'prueba de jenny\r\n', 1, '2017-08-28 13:04:11'),
(208597, 'TFBX110050615', 16, 'prueba de jenny\r\n', 1, '2017-08-28 13:04:11'),
(208598, 'TFBX110050616', 16, 'prueba de jenny\r\n', 1, '2017-08-28 13:04:11'),
(208599, 'TFBX110050617', 16, 'prueba de jenny\r\n', 1, '2017-08-28 13:04:11'),
(208600, 'TFBX110050618', 16, 'prueba de jenny\r\n', 1, '2017-08-28 13:04:11'),
(208601, 'TFBX110050619', 16, 'prueba de jenny\r\n', 1, '2017-08-28 13:04:11'),
(208602, 'TFDM110008589', 16, 'prueba de jenny', 1, '2017-11-22 14:00:27'),
(208603, 'TFDM110008590', 16, 'prueba de jenny', 1, '2017-11-22 14:00:27'),
(208604, 'TFDM110008591', 16, 'prueba de jenny', 1, '2017-11-22 14:00:27'),
(208605, 'TFDM110008592', 16, 'prueba de jenny', 1, '2017-11-22 14:00:27'),
(208606, 'TFDM110008593', 16, 'prueba de jenny', 1, '2017-11-22 14:00:27'),
(208607, 'TFDM110008594', 16, 'prueba de jenny', 1, '2017-11-22 14:00:27'),
(208608, 'TFDM110008595', 16, 'prueba de jenny', 1, '2017-11-22 14:00:27'),
(208609, 'TFDM110008596', 16, 'prueba de jenny', 1, '2017-11-22 14:00:27'),
(208610, 'TFDM110008597', 16, 'prueba de jenny', 1, '2017-11-22 14:00:27'),
(208611, 'TFDM110008598', 16, 'prueba de jenny', 1, '2017-11-22 14:00:27'),
(208612, 'TFDM110008599', 16, 'prueba de jenny', 1, '2017-11-22 14:00:27'),
(208613, 'TFDM110008600', 16, 'prueba de jenny', 1, '2017-11-22 14:00:27'),
(208614, 'TFDM110008601', 16, 'prueba de jenny', 1, '2017-11-22 14:00:27'),
(208615, 'TFDM110008602', 16, 'prueba de jenny', 1, '2017-11-22 14:00:27'),
(208616, 'TFDM110008603', 16, 'prueba de jenny', 1, '2017-11-22 14:00:27'),
(208617, 'TFDM110008604', 16, 'prueba de jenny', 1, '2017-11-22 14:00:27'),
(208618, 'TFDM110008605', 16, 'prueba de jenny', 1, '2017-11-22 14:00:27'),
(208619, 'TFDM110008606', 16, 'prueba de jenny', 1, '2017-11-22 14:00:27'),
(208620, 'TFDM110008607', 16, 'prueba de jenny', 1, '2017-11-22 14:00:27'),
(208621, 'TFDM110008608', 16, 'prueba de jenny', 1, '2017-11-22 14:00:27'),
(208622, 'TFDM110008609', 16, 'prueba de jenny', 1, '2017-11-22 14:00:27'),
(208623, 'TFDM110008610', 16, 'prueba de jenny', 1, '2017-11-22 14:00:27'),
(208624, 'TFDM110008611', 16, 'prueba de jenny', 1, '2017-11-22 14:00:27'),
(208625, 'TFDM110008612', 16, 'prueba de jenny', 1, '2017-11-22 14:00:27'),
(208626, 'TFDM110008613', 16, 'prueba de jenny', 1, '2017-11-22 14:00:27'),
(208627, 'TFDM110008614', 16, 'prueba de jenny', 1, '2017-11-22 14:00:27'),
(208628, 'TFDM110008615', 16, 'prueba de jenny', 1, '2017-11-22 14:00:27'),
(208629, 'TFDM110008616', 16, 'prueba de jenny', 1, '2017-11-22 14:00:27'),
(208630, 'TFDM110008617', 16, 'prueba de jenny', 1, '2017-11-22 14:00:27'),
(208631, 'TFDM110008618', 16, 'prueba de jenny', 1, '2017-11-22 14:00:27'),
(208632, 'TFDM110008619', 16, 'prueba de jenny', 1, '2017-11-22 14:00:27'),
(208633, 'TFDM110008620', 16, 'prueba de jenny', 1, '2017-11-22 14:00:27'),
(208634, 'TFDM110008621', 16, 'prueba de jenny', 1, '2017-11-22 14:00:27'),
(208635, 'TFDM110008622', 16, 'prueba de jenny', 1, '2017-11-22 14:00:27'),
(208636, 'TFDM110008623', 16, 'prueba de jenny', 1, '2017-11-22 14:00:27'),
(208637, 'TFDM110008624', 16, 'prueba de jenny', 1, '2017-11-22 14:00:27'),
(208638, 'TFDM110008625', 16, 'prueba de jenny', 1, '2017-11-22 14:00:27'),
(208639, 'TFDM110008626', 16, 'prueba de jenny', 1, '2017-11-22 14:00:27'),
(208640, 'TFDM110008627', 16, 'prueba de jenny', 1, '2017-11-22 14:00:27'),
(208641, 'TFDM110008628', 16, 'prueba de jenny', 1, '2017-11-22 14:00:27'),
(208642, 'TFDM110008629', 16, 'prueba de jenny', 1, '2017-11-22 14:00:27'),
(208643, 'TFDM110008630', 16, 'prueba de jenny', 1, '2017-11-22 14:00:27'),
(208644, 'TFDM110008631', 16, 'prueba de jenny', 1, '2017-11-22 14:00:27'),
(208645, 'TFDM110008632', 16, 'prueba de jenny', 1, '2017-11-22 14:00:27'),
(208646, 'TFDM110008633', 16, 'prueba de jenny', 1, '2017-11-22 14:00:27'),
(208647, 'TFDM110008634', 16, 'prueba de jenny', 1, '2017-11-22 14:00:27'),
(208648, 'TFDM110008635', 16, 'prueba de jenny', 1, '2017-11-22 14:00:27'),
(208649, 'TFDM110008636', 16, 'prueba de jenny', 1, '2017-11-22 14:00:27'),
(208650, 'TFDM110008637', 16, 'prueba de jenny', 1, '2017-11-22 14:00:27'),
(208651, 'TFDM110008638', 16, 'prueba de jenny', 1, '2017-11-22 14:00:27'),
(208652, 'TFDM110008639', 16, 'prueba de jenny', 1, '2017-11-22 14:00:27'),
(208653, 'TFDM110008640', 16, 'prueba de jenny', 1, '2017-11-22 14:00:27'),
(208654, 'TFDM110008641', 16, 'prueba de jenny', 1, '2017-11-22 14:00:27'),
(208655, 'TFDM110008642', 16, 'prueba de jenny', 1, '2017-11-22 14:00:27'),
(208656, 'TFDM110008643', 16, 'prueba de jenny', 1, '2017-11-22 14:00:27'),
(208657, 'TFDM110008644', 16, 'prueba de jenny', 1, '2017-11-22 14:00:27'),
(208658, 'TFDM110008645', 16, 'prueba de jenny', 1, '2017-11-22 14:00:27'),
(208659, 'TFDM110008646', 16, 'prueba de jenny', 1, '2017-11-22 14:00:27'),
(208660, 'TFDM110008647', 16, 'prueba de jenny', 1, '2017-11-22 14:00:27'),
(208661, 'TFDM110008648', 16, 'prueba de jenny', 1, '2017-11-22 14:00:27'),
(208662, 'TFDM110008649', 16, 'prueba de jenny', 1, '2017-11-22 14:00:27'),
(208663, 'TFDM110008650', 16, 'prueba de jenny', 1, '2017-11-22 14:00:27'),
(208664, 'TFDM110008651', 16, 'prueba de jenny', 1, '2017-11-22 14:00:27'),
(208665, 'TFDM110008652', 16, 'prueba de jenny', 1, '2017-11-22 14:00:27'),
(208666, 'TFDM110008653', 16, 'prueba de jenny', 1, '2017-11-22 14:00:27'),
(208667, 'TFDM110008654', 16, 'prueba de jenny', 1, '2017-11-22 14:00:27'),
(208668, 'TFDM110008655', 16, 'prueba de jenny', 1, '2017-11-22 14:00:27'),
(208669, 'TFDM110008656', 16, 'prueba de jenny', 1, '2017-11-22 14:00:27'),
(208670, 'TFDM110008657', 16, 'prueba de jenny', 1, '2017-11-22 14:00:27'),
(208671, 'TFDM110008658', 16, 'prueba de jenny', 1, '2017-11-22 14:00:27'),
(208672, 'TFDM110008659', 16, 'prueba de jenny', 1, '2017-11-22 14:00:27'),
(208673, 'TFDM110008660', 16, 'prueba de jenny', 1, '2017-11-22 14:00:28'),
(208674, 'TFDM110008661', 16, 'prueba de jenny', 1, '2017-11-22 14:00:28'),
(208675, 'TFDM110008662', 16, 'prueba de jenny', 1, '2017-11-22 14:00:28'),
(208676, 'TFDM110008663', 16, 'prueba de jenny', 1, '2017-11-22 14:00:28'),
(208677, 'TFDM110008664', 16, 'prueba de jenny', 1, '2017-11-22 14:00:28'),
(208678, 'TFDM110008665', 16, 'prueba de jenny', 1, '2017-11-22 14:00:28'),
(208679, 'TFDM110008666', 16, 'prueba de jenny', 1, '2017-11-22 14:00:28'),
(208680, 'TFDM110008667', 16, 'prueba de jenny', 1, '2017-11-22 14:00:28'),
(208681, 'TFDM110008668', 16, 'prueba de jenny', 1, '2017-11-22 14:00:28'),
(208682, 'TFDM110008669', 16, 'prueba de jenny', 1, '2017-11-22 14:00:28'),
(208683, 'TFDM110008670', 16, 'prueba de jenny', 1, '2017-11-22 14:00:28'),
(208684, 'TFDM110008671', 16, 'prueba de jenny', 1, '2017-11-22 14:00:28'),
(208685, 'TFDM110008672', 16, 'prueba de jenny', 1, '2017-11-22 14:00:28'),
(208686, 'TFDM110008673', 16, 'prueba de jenny', 1, '2017-11-22 14:00:28'),
(208687, 'TFDM110008674', 16, 'prueba de jenny', 1, '2017-11-22 14:00:28'),
(208688, 'TFDM110008675', 16, 'prueba de jenny', 1, '2017-11-22 14:00:28'),
(208689, 'TFDM110008676', 16, 'prueba de jenny', 1, '2017-11-22 14:00:28'),
(208690, 'TFDM110008677', 16, 'prueba de jenny', 1, '2017-11-22 14:00:28'),
(208691, 'TFDM110008678', 16, 'prueba de jenny', 1, '2017-11-22 14:00:28'),
(208692, 'TFDM110008679', 16, 'prueba de jenny', 1, '2017-11-22 14:00:28'),
(208693, 'TFDM110008680', 16, 'prueba de jenny', 1, '2017-11-22 14:00:28'),
(208694, 'TFDM110008681', 16, 'prueba de jenny', 1, '2017-11-22 14:00:28'),
(208695, 'TFDM110008682', 16, 'prueba de jenny', 1, '2017-11-22 14:00:28');
INSERT INTO `machines` (`id`, `serial`, `dealer_id`, `observation`, `status`, `created`) VALUES
(208696, 'TFDM110008683', 16, 'prueba de jenny', 1, '2017-11-22 14:00:28'),
(208697, 'TFDM110008684', 16, 'prueba de jenny', 1, '2017-11-22 14:00:28'),
(208698, 'TFDM110008685', 16, 'prueba de jenny', 1, '2017-11-22 14:00:28'),
(208699, 'TFDM110008686', 16, 'prueba de jenny', 1, '2017-11-22 14:00:28'),
(208700, 'TFDM110008687', 16, 'prueba de jenny', 1, '2017-11-22 14:00:28'),
(208701, 'TFDM110008688', 16, 'prueba de jenny', 1, '2017-11-22 14:00:28');

-- --------------------------------------------------------

--
-- Estructura de tabla para la tabla `machines_sold`
--

CREATE TABLE `machines_sold` (
  `id` int(11) NOT NULL,
  `cod_saint` varchar(100) DEFAULT NULL,
  `serial` varchar(13) DEFAULT NULL,
  `id_type_transaction` int(11) DEFAULT NULL,
  `sales_check` decimal(8,0) DEFAULT NULL,
  `date_sales_check` date DEFAULT NULL,
  `last_operation` int(11) DEFAULT NULL,
  `date_created` timestamp NOT NULL DEFAULT CURRENT_TIMESTAMP ON UPDATE CURRENT_TIMESTAMP,
  `created_by` int(11) NOT NULL,
  `date_edited` timestamp NULL DEFAULT NULL,
  `edited_by` int(11) DEFAULT NULL,
  `date_removed` timestamp NULL DEFAULT NULL,
  `removed_by` int(11) DEFAULT NULL,
  `id_distributor` int(11) DEFAULT NULL,
  `cod_file` varchar(100) DEFAULT NULL
) ENGINE=InnoDB DEFAULT CHARSET=utf8;

-- --------------------------------------------------------

--
-- Estructura de tabla para la tabla `operating_system`
--

CREATE TABLE `operating_system` (
  `id` int(11) NOT NULL,
  `name` varchar(50) NOT NULL,
  `visible` tinyint(4) NOT NULL,
  `created_at` datetime NOT NULL,
  `updated_at` datetime NOT NULL
) ENGINE=InnoDB DEFAULT CHARSET=latin1;

--
-- Volcado de datos para la tabla `operating_system`
--

INSERT INTO `operating_system` (`id`, `name`, `visible`, `created_at`, `updated_at`) VALUES
(1, 'Windows 95 ', 1, '0000-00-00 00:00:00', '0000-00-00 00:00:00'),
(2, 'Windows 98', 1, '0000-00-00 00:00:00', '0000-00-00 00:00:00'),
(3, 'Windows 98 SE', 1, '0000-00-00 00:00:00', '0000-00-00 00:00:00'),
(4, 'Windows Me', 1, '0000-00-00 00:00:00', '0000-00-00 00:00:00'),
(5, 'Windows NT', 1, '0000-00-00 00:00:00', '0000-00-00 00:00:00'),
(6, 'Microsoft Windows 2000', 1, '0000-00-00 00:00:00', '0000-00-00 00:00:00'),
(7, 'Microsoft Windows XP', 1, '0000-00-00 00:00:00', '0000-00-00 00:00:00'),
(8, 'Windows Server 2003', 1, '0000-00-00 00:00:00', '0000-00-00 00:00:00'),
(9, 'Microsoft Windows Vista 32bits', 1, '0000-00-00 00:00:00', '0000-00-00 00:00:00'),
(10, 'Microsoft Windows Vista 64bits', 1, '0000-00-00 00:00:00', '0000-00-00 00:00:00'),
(11, 'Microsoft Windows 7 32bits', 1, '0000-00-00 00:00:00', '0000-00-00 00:00:00'),
(12, 'Microsoft Windows 7 64bits', 1, '0000-00-00 00:00:00', '0000-00-00 00:00:00'),
(13, 'Mac OS X v10.5 (Leopard) ', 1, '0000-00-00 00:00:00', '0000-00-00 00:00:00'),
(14, 'Mac OS X v10.4 (Tiger)', 1, '0000-00-00 00:00:00', '0000-00-00 00:00:00'),
(15, 'Mac OS X v10.3 (Panther)', 1, '0000-00-00 00:00:00', '0000-00-00 00:00:00'),
(16, 'Mac OS X v10.2 (Jaguar)', 1, '0000-00-00 00:00:00', '0000-00-00 00:00:00'),
(17, 'Mac OS X v10.1 (Puma)', 1, '0000-00-00 00:00:00', '0000-00-00 00:00:00'),
(18, 'Mac OS X v10.0 (Cheetah)', 1, '0000-00-00 00:00:00', '0000-00-00 00:00:00'),
(19, 'Mac OS 9', 1, '0000-00-00 00:00:00', '0000-00-00 00:00:00'),
(20, 'Mac OS 8', 1, '0000-00-00 00:00:00', '0000-00-00 00:00:00'),
(21, 'Mac OS X v10.6 (Snow Leopard)', 1, '0000-00-00 00:00:00', '0000-00-00 00:00:00'),
(22, 'Mac OS X v10.7 (Lion)', 1, '0000-00-00 00:00:00', '0000-00-00 00:00:00'),
(23, 'Mac OS X v10.8 (Mountain Lion)', 1, '0000-00-00 00:00:00', '0000-00-00 00:00:00'),
(24, 'Linux-Ubuntu 32bits', 1, '0000-00-00 00:00:00', '0000-00-00 00:00:00'),
(25, 'Linux-Ubuntu 64bits', 1, '0000-00-00 00:00:00', '0000-00-00 00:00:00'),
(26, 'Linux-Fedora 32bits', 1, '0000-00-00 00:00:00', '0000-00-00 00:00:00'),
(27, 'Linux-Fedora 64bits', 1, '0000-00-00 00:00:00', '0000-00-00 00:00:00'),
(28, 'Linux-Gentoo', 1, '0000-00-00 00:00:00', '0000-00-00 00:00:00'),
(29, 'Linux-Red Hat', 1, '0000-00-00 00:00:00', '0000-00-00 00:00:00'),
(30, 'Linux-Arch', 1, '0000-00-00 00:00:00', '0000-00-00 00:00:00'),
(31, 'Linux-Mandriva', 1, '0000-00-00 00:00:00', '0000-00-00 00:00:00'),
(32, 'Linux-Slackware', 1, '0000-00-00 00:00:00', '0000-00-00 00:00:00'),
(33, 'Linux-Canaima', 1, '0000-00-00 00:00:00', '0000-00-00 00:00:00'),
(34, 'Windows CE', 1, '0000-00-00 00:00:00', '0000-00-00 00:00:00'),
(35, 'Windows CE', 1, '0000-00-00 00:00:00', '0000-00-00 00:00:00'),
(36, 'Microsoft Windows 8 32bits', 1, '0000-00-00 00:00:00', '0000-00-00 00:00:00'),
(37, 'Microsoft Windows 8 64bits', 1, '0000-00-00 00:00:00', '0000-00-00 00:00:00');

-- --------------------------------------------------------

--
-- Estructura de tabla para la tabla `operating_systems_user`
--

CREATE TABLE `operating_systems_user` (
  `id` int(10) UNSIGNED NOT NULL,
  `user_id` int(11) NOT NULL,
  `operatingsystem_id` int(11) NOT NULL,
  `created_at` datetime NOT NULL,
  `updated_at` datetime NOT NULL
) ENGINE=InnoDB DEFAULT CHARSET=latin1;

-- --------------------------------------------------------

--
-- Estructura de tabla para la tabla `operations`
--

CREATE TABLE `operations` (
  `id` int(11) NOT NULL,
  `serial` varchar(45) COLLATE utf8_spanish_ci NOT NULL,
  `date` date NOT NULL,
  `dealer_id` int(11) NOT NULL,
  `techinician_id` int(11) NOT NULL,
  `operation_type_id` int(11) NOT NULL,
  `final_client_id` int(11) NOT NULL,
  `observation` text COLLATE utf8_spanish_ci,
  `ruc` varchar(20) COLLATE utf8_spanish_ci NOT NULL,
  `dv` int(2) DEFAULT NULL,
  `business_name` varchar(100) CHARACTER SET utf8 DEFAULT NULL,
  `address` varchar(200) COLLATE utf8_spanish_ci DEFAULT NULL,
  `install_address` varchar(200) COLLATE utf8_spanish_ci DEFAULT NULL,
  `final_cliente_phone` decimal(11,0) DEFAULT NULL,
  `email_final_client` varchar(45) COLLATE utf8_spanish_ci DEFAULT NULL,
  `seal` int(11) DEFAULT NULL,
  `created_at` varchar(45) COLLATE utf8_spanish_ci DEFAULT NULL
) ENGINE=InnoDB DEFAULT CHARSET=utf8 COLLATE=utf8_spanish_ci;

--
-- Volcado de datos para la tabla `operations`
--

INSERT INTO `operations` (`id`, `serial`, `date`, `dealer_id`, `techinician_id`, `operation_type_id`, `final_client_id`, `observation`, `ruc`, `dv`, `business_name`, `address`, `install_address`, `final_cliente_phone`, `email_final_client`, `seal`, `created_at`) VALUES
(3, 'TFCL110050084', '2016-06-30', 114, 114, 1, 44, '', '2662228-1-842311-06', NULL, 'GENERAL SUPPLY SA', 'la cabima, san lorenzo calle principal local 7-8', NULL, NULL, NULL, NULL, '2016-06-30 00:00:00'),
(4, 'TFCL110050110', '2016-07-06', 114, 114, 1, 45, '', '155618829-2-2015-92', NULL, 'CENTRO DE INFORMATIC', 'herrera, chitre corregimiento san juan bautista, calle meliton martin', NULL, NULL, NULL, NULL, '2016-07-06 00:00:00'),
(5, 'TFDM110050017', '2016-04-09', 114, 114, 1, 46, '', '155596660-2-2015-11', NULL, 'SOLUTIONS 2 GO INTER', 'via transistmica, edificio sony, piso 2', NULL, NULL, NULL, NULL, '2016-04-09 00:00:00'),
(6, 'TFCL110050091', '2016-01-06', 114, 114, 1, 47, '', '2222473-1-37303-23', NULL, 'CT PROPERTY CONSULTI', 'galeria balboa, apto 40, bella vista', NULL, NULL, NULL, NULL, '2016-01-06 00:00:00'),
(7, 'TFCL110050154', '2016-06-02', 114, 114, 1, 48, '', '155625931-2-2016-61', NULL, 'DUA INVESTMENTS SA', 'plaza altos de panama, local 10, condado del rey', NULL, NULL, NULL, NULL, '2016-06-02 00:00:00'),
(8, 'TFCL110050148', '2016-06-17', 114, 114, 1, 49, '', '155612693-2-2015-99', NULL, 'SEA PLANES PANAMA SA', 'urb. aeropuerto enrique malex, calle san cristobal, edif2, hangar 2, david', NULL, NULL, NULL, NULL, '2016-06-17 00:00:00'),
(9, 'TFCL110050064', '2016-07-06', 114, 114, 1, 50, '', 'PE-15-395-87', NULL, 'VIVIANA FRANCHESCA M', 'costa hermosa, estacion delta/costa del este, estacion delta', NULL, NULL, NULL, NULL, '2016-07-06 00:00:00'),
(10, 'TFCL110050287', '2016-07-06', 114, 114, 1, 51, '', 'PE-15-395-87', NULL, 'VIVIANA FRANCHESCA M', 'costa hermosa, estacion delta/costa del este, estacion delta', NULL, NULL, NULL, NULL, '2016-07-06 00:00:00'),
(11, 'TFCL110050093', '2016-06-16', 114, 114, 1, 52, '', '155622643-2-2016-19', NULL, 'RR FITNESS ENTERPRIS', 'ph centennial mall, planta baja, local 5', NULL, NULL, NULL, NULL, '2016-06-16 00:00:00'),
(12, 'TFCL110050175', '2016-07-06', 114, 114, 1, 53, '', '2519655-1-821606-72', NULL, 'ROSADANI OIL SA', 'edificio magna corp, c/. 56 este y manuel maria icaza, oficina mez.2', NULL, NULL, NULL, NULL, '2016-07-06 00:00:00'),
(13, 'TFBX110050055', '2016-07-12', 104, 106, 1, 54, '', '155618060-2-2015-11', NULL, 'TRANS LINE S A', 'ciudad de panama', NULL, NULL, NULL, NULL, '2016-07-12 00:00:00'),
(14, 'TFBX110050056', '2016-04-27', 104, 106, 1, 55, '', '4-739-207-70', NULL, 'AGUSTIN JOSUE RUDAS ', 'bella vista, la cresta', NULL, NULL, NULL, NULL, '2016-04-27 00:00:00'),
(15, 'TFDM110050050', '2016-03-26', 104, 106, 1, 56, '', '155589010-2-2014-20', NULL, 'PREMIUM SOLUTIONS SA', 'bella vista, urb. el carmen, manuel espinosa', NULL, NULL, NULL, NULL, '2016-03-26 00:00:00'),
(16, 'TFDM110050049', '2016-04-25', 104, 106, 1, 57, '', '1522149-1-651844-85', NULL, 'ROR SERVICES SA', 'ciudad de panama, panama', NULL, NULL, NULL, NULL, '2016-04-25 00:00:00'),
(17, 'TFDM110050035', '2016-04-25', 104, 106, 1, 58, '', '1825706-1-709732-90', NULL, 'APCON CONSULTING SA', 'via espaÑa, panama', NULL, NULL, NULL, NULL, '2016-04-25 00:00:00'),
(18, 'TFBX110050197', '2016-04-14', 104, 106, 1, 59, '', '640063-1-457927-39', NULL, 'PANA PARKING', 'albrook mall', NULL, NULL, NULL, NULL, '2016-04-14 00:00:00'),
(19, 'TFBX110050198', '2016-04-14', 104, 106, 1, 60, '', '640063-1-457927-39', NULL, 'PANA PARKING', 'albrook mall', NULL, NULL, NULL, NULL, '2016-04-14 00:00:00'),
(20, 'TFBX110050199', '2016-04-14', 104, 106, 1, 61, '', '640063-1-457927-39', NULL, 'PANA PARKING', 'albrook mall', NULL, NULL, NULL, NULL, '2016-04-14 00:00:00'),
(21, 'TFBX110050200', '2016-04-14', 104, 106, 1, 62, '', '640063-1-457927-39', NULL, 'PANA PARKING', 'albrook mall', NULL, NULL, NULL, NULL, '2016-04-14 00:00:00'),
(22, 'TFDM110050011', '2016-04-07', 104, 106, 1, 63, '', '8-779-460-36', NULL, 'LEONARD ANIBAL GOMEZ', 'ciudad de panama, panama', NULL, NULL, NULL, NULL, '2016-04-07 00:00:00'),
(23, 'TFDM110050005', '2016-04-06', 104, 106, 1, 64, '', '1622680-1-670543-69', NULL, 'SMART DIGITAL TECHNO', 'condado del rey panama', NULL, NULL, NULL, NULL, '2016-04-06 00:00:00'),
(24, 'TFBX110050123', '2016-07-12', 104, 106, 1, 65, '', '1409842-1-629646', 87, 'TAS PANAMA SA', 'el dorado, altos del chase', 'el dorado, altos del chase', NULL, '', NULL, '2016-07-12 16:07:08'),
(25, 'TFDM110050004', '2016-07-13', 104, 104, 1, 66, '', '8-429-574', 0, 'REPUESTOS Y SERVICIO', 'ciudad de panama, panama', 'ciudad de panama, panama', '67865111', '', NULL, '2016-07-13 09:07:54'),
(26, 'TFBX110050116', '2016-03-30', 104, 104, 1, 67, '', '2603632-1-834263', 98, 'COMERCIALIZADORA 300', 'via israel,  san francisco, panama', 'via israel,  san francisco, panama', NULL, '', NULL, '2016-07-13 09:07:28'),
(27, 'TFBX110050102', '2016-03-29', 104, 104, 1, 68, '', '155624614-2-2016', 91, 'EUROLIENS SA', 'via espaÑa, via argentina', 'via espaÑa, via argentina', NULL, '', NULL, '2016-07-13 09:07:03'),
(28, 'TFBX110050137', '2016-03-17', 104, 104, 1, 69, '', '1409842-1-629646', 87, 'TAS PANAMA SA', 'tumba muerto, panama', 'tumba muerto, panama', NULL, '', NULL, '2016-07-13 09:07:08'),
(29, 'TFBX110050101', '2016-03-16', 104, 104, 1, 70, '', '138-289-35920', 4, 'GEO F NOVEY INC', 'ave. central, panama', 'ave. central, panama', NULL, '', NULL, '2016-07-13 09:07:06'),
(30, 'TFBX110050103', '2016-03-16', 104, 104, 1, 70, '', '138-289-35920', 4, 'GEO F NOVEY INC', 'ave. central, panama', 'ave. central, panama', NULL, '', NULL, '2016-07-13 09:07:09'),
(31, 'TFBX110050104', '2016-03-16', 104, 104, 1, 70, '', '138-289-35920', 4, 'GEO NOVEY INC', 'ave. central panama', 'ave. central panama', NULL, '', NULL, '2016-07-13 09:07:22'),
(32, 'TFBX110050181', '2016-03-16', 104, 104, 1, 70, '', '138-289-35920', 4, 'GEO F NOVEY INC', 'ave central, panama', 'ave central, panama', NULL, '', NULL, '2016-07-13 09:07:51'),
(33, 'TFBX110050182', '2016-03-16', 104, 104, 1, 70, '', '138-289-35920', 4, 'GEO F NOVEY INC', 'ave central, panama', 'ave central, panama', NULL, '', NULL, '2016-07-13 09:07:00'),
(34, 'TFBX110050183', '2016-03-16', 104, 104, 1, 70, '', '138-289-35920', 4, 'GEO F NOVEY INC', 'ave central, panama', 'ave central, panama', NULL, '', NULL, '2016-07-13 09:07:11'),
(35, 'TFBX110050184', '2016-03-16', 104, 104, 1, 70, '', '138-289-35920', 4, 'GEO F NOVEY INC', 'ave central, panama', 'ave central, panama', NULL, '', NULL, '2016-07-13 09:07:17'),
(36, 'TFDM110050222', '2016-07-13', 114, 114, 1, 77, '', '804270-1-495976', 78, 'GRUPO TECNICO MODERN', 'calle 13 ave. justo arosemena', 'calle 13 ave. justo arosemena', '4332808', 'impremodernas@hotmail.com', 53084, '2016-07-13 11:07:13'),
(37, 'TFCL110050222', '2016-07-11', 114, 114, 1, 78, '', '2004595-1-740828', 65, 'TELESISTEMES PANAMA ', 'bella vista, urb. marbella, calle 53 este, mmg tower', 'bella vista, urb. marbella, calle 53 este, mmg tower', '2692620', 'HPEREZ@ALCOGAL.COM', NULL, '2016-07-13 12:07:57'),
(38, 'TFDM110050170', '2016-07-13', 104, 106, 1, 79, '', '155630081-2-2016', 50, 'DECOVENTANAS PLUS SA', 'la villa de los santos', 'la villa de los santos', '66111528', '', NULL, '2016-07-13 14:07:46'),
(39, 'TFCL110050072', '2016-07-14', 114, 114, 1, 80, '', '2441796-1-810951', 17, 'GENERACION Z SA', 'san francisco punta pacifica, ph plaza oceania torre 1000 local20', 'san francisco punta pacifica, ph plaza oceania torre 1000 local20', '2826107', '', 58484, '2016-07-14 09:07:35'),
(40, 'TFCL110050143', '2016-07-15', 104, 106, 1, 81, '', '8-731-2072', 27, 'ADOLFO GONGORA LOPEZ', 'san felipe, el mercado de los mariscos, calle principal', 'san felipe, el mercado de los mariscos, calle principal', NULL, '', NULL, '2016-07-15 10:07:53'),
(41, 'TFDM110050161', '2016-07-06', 104, 106, 1, 82, '', '155625753-2-2016', 60, 'PANAMERICANA DE TECH', 'ciudad de panama, panama', 'ciudad de panama, panama', NULL, '', NULL, '2016-07-15 10:07:14'),
(42, 'TFDM110050173', '2016-07-08', 104, 106, 1, 83, '', '693864-1-1196', 93, 'CONSTRUTORA NORBERTO', 'ciudad de panama, panama', 'ciudad de panama, panama', NULL, '', NULL, '2016-07-15 10:07:25'),
(43, 'TFDM110050177', '2016-07-14', 104, 106, 1, 84, '', '2035139-1-1907', 21, 'THALES COMMUNICATION', 'ciudad de panama, panama', 'ciudad de panama, panama', NULL, '', NULL, '2016-07-15 10:07:38'),
(44, 'tfcl110050142', '2016-07-15', 104, 106, 1, 85, '', '824039-1-500572', 8, 'SOLTON GROUP CORP', 'edif. office one, obarrio, panama', 'edif. office one, obarrio, panama', NULL, '', NULL, '2016-07-15 17:07:54'),
(45, 'tfbx110050168', '2016-03-15', 113, 134, 1, 86, '', '155612044-2-2015', 33, 'MAJORITAS PANAMA S A', 'calle 4ta parque lefevre oficina 72', 'calle 4ta parque lefevre oficina 72', '3889830', 'LAURA.BOYD@MAJORITAS.COM.PA', 59355, '2016-07-18 11:07:54'),
(46, 'TFBX110050141', '2016-03-14', 104, 106, 1, 87, '', '155622968-2-2016', 56, 'STUDIO 51 SA', 'via israel, edif marina plaza, pb', 'via israel, edif marina plaza, pb', NULL, '', NULL, '2016-07-18 11:07:36'),
(47, 'TFDM110050241', '2016-07-18', 133, 133, 1, 88, '', '8NT-2-110451', -1, 'TECNO INDUSTRIAL DE ', 'juan diaz - llano bonito - edif. llano bonito torre j - apto. 1j', 'juan diaz - llano bonito - edif. llano bonito torre j - apto. 1j', '2147483647', 'gerencia.tecnoindustrial@gmail.com', 53013, '2016-07-18 12:07:20'),
(49, 'TFBX110050420', '2016-07-20', 136, 136, 1, 90, '', '155631706-2-2016', 28, 'GRUPO FRAMCA S A ', 'panama, la chorrera corregimiento  barrio colon, urb ph boulevard costa verde  local 111', 'panama, la chorrera corregimiento  barrio colon, urb ph boulevard costa verde  local 111', '63712691', '', 52763, '2016-07-20 20:07:11'),
(50, 'TFCL110050277', '2016-07-22', 104, 106, 1, 91, '', '1125612-1-565568', 84, 'ESTRUCTURAS PEARL SA', 'edificio plaza obarrio, 1er piso, oficina 102', 'edificio plaza obarrio, 1er piso, oficina 102', NULL, '', NULL, '2016-07-22 11:07:33'),
(51, 'tfbx110050417', '2016-07-20', 104, 106, 1, 92, '', '2866-1-364241', 84, 'THE GOLDEN POINT TOW', 'ave. ricardo j. alfaro, edificio golden point, local e-3', 'ave. ricardo j. alfaro, edificio golden point, local e-3', NULL, '', NULL, '2016-07-22 11:07:57'),
(52, 'tfbx110050583', '2016-07-22', 104, 106, 1, 70, '', '138-289-35920', 4, 'GEO F NOVEY INC', 'ave. central', 'ave. central', NULL, '', NULL, '2016-07-22 13:07:42'),
(53, 'TFBX110050584', '2016-07-22', 104, 106, 1, 70, '', '138-289-35920', 4, 'GEO F NOVEY INC', 'ave. central', 'ave. central', NULL, '', NULL, '2016-07-22 13:07:52'),
(54, 'TFBX110050406', '2016-07-22', 104, 106, 1, 70, '', '138-289-35920', 4, 'GEO F NOVEY INC', 'ave. central', 'ave. central', NULL, '', NULL, '2016-07-22 13:07:57'),
(55, 'TFBX110050407', '2016-07-22', 104, 106, 1, 70, '', '138-289-35920', 4, 'GEO F NOVEY INC', 'ave. central', 'ave. central', NULL, '', NULL, '2016-07-22 15:07:08'),
(56, 'TFBX110050408', '2016-07-22', 104, 106, 1, 70, '', '138-289-35920', 4, 'GEO F NOVEY INC', 'ave. central', 'ave. central', NULL, '', NULL, '2016-07-22 15:07:05'),
(57, 'TFBX110050444', '2016-07-22', 104, 106, 1, 70, '', '138-289-35920', 4, 'GEO F NOVEY INC', 'ave. central', 'ave. central', NULL, '', NULL, '2016-07-22 15:07:51'),
(58, 'TFBX110050443', '2016-07-22', 104, 106, 1, 70, '', '138-289-35920', 4, 'GEO F NOVEY INC', 'ave. central', 'ave. central', NULL, '', NULL, '2016-07-22 15:07:35'),
(59, 'TFBX110050442', '2016-07-22', 104, 106, 1, 70, '', '138-289-35920', 4, 'GEO F NOVEY INC', 'ave.central', 'ave.central', NULL, '', NULL, '2016-07-22 15:07:11'),
(60, 'TFBX110050441', '2016-07-22', 104, 106, 1, 70, '', '138-289-35920', 4, 'GEO F NOVEY INC', 'ave. central', 'ave. central', NULL, '', NULL, '2016-07-22 15:07:38'),
(61, 'TFCL110050134', '2016-07-14', 114, 114, 1, 93, '', '3-718-2364', 50, 'YOSHIRA ARACELY CHAV', 'corregimiento de cristobal, urb. plaza milenium, av. ahmad waked, edif. g, local 008', 'corregimiento de cristobal, urb. plaza milenium, av. ahmad waked, edif. g, local 008', '61126022', 'yoshirachaverra@gmail.com', NULL, '2016-07-22 16:07:27'),
(64, 'TFCL110050264', '2016-07-25', 124, 130, 1, 95, '', '155590817-202015', 4, 'FMP AVALUOS Y EQUIPO', 'colon. barrio norte. ciudad de colon av.central paseo washington, calle 1era. crown center local 22', 'colon. barrio norte. ciudad de colon av.central paseo washington, calle 1era. crown center local 22', '4745009', '', 50158, '2016-07-25 11:07:51'),
(65, 'TFDM110050207', '2016-07-21', 124, 130, 1, 96, '', '8-312-547', 36, 'FERNANDO LAY VEGA', 'la chorrera, correg. la guadalupe. urb. la pesa via interamericana ', 'la chorrera, correg. la guadalupe. urb. la pesa via interamericana ', NULL, '', 58463, '2016-07-25 11:07:54'),
(66, 'TFDM110050012', '2016-04-28', 114, 114, 1, 97, '', '155613548-2-2015', 25, 'THOR PROYECTOS SA', 'panama, correg. de betania urb. los angeles calle e, casa duplex # 2.', 'panama, correg. de betania urb. los angeles calle e, casa duplex # 2.', NULL, '', NULL, '2016-07-25 15:07:30'),
(67, 'TFDM110050178', '2016-07-22', 114, 114, 1, 98, '', '1791111-1-703705', 65, 'AUTO TREND SA', 'brisas del golf, detrÁs de la bomba puma', 'brisas del golf, detrÁs de la bomba puma', '3032792', '', 58412, '2016-07-25 15:07:20'),
(68, 'TFCL110050061', '2016-07-15', 124, 130, 1, 99, '', '9-97-66', 11, 'EULOGIA GUERRA RAMIR', 'corregimiento la exposicion o calidonia, la exposicion calle 37 casa 4-13', 'corregimiento la exposicion o calidonia, la exposicion calle 37 casa 4-13', NULL, '', NULL, '2016-07-25 17:07:28'),
(69, 'TFCL110050065', '2016-06-16', 124, 124, 1, 100, '', '8-739-2256', 26, 'FRANKLIN DELANO PHIL', 'la chorrera corregimiento barrio balboa urb.calle canal, calle 27 a sur casa 3925', 'la chorrera corregimiento barrio balboa urb.calle canal, calle 27 a sur casa 3925', '65164567', '', 50146, '2016-07-26 13:07:14'),
(70, 'TFCL110050106', '2016-07-14', 124, 130, 1, 99, '', '9-97-66', 11, 'EULOGIA GUERRA RAMIR', 'corregimiento la exposicion urb. calidonia via espaÑa edif. san roque local 7-a', 'corregimiento la exposicion urb. calidonia via espaÑa edif. san roque local 7-a', NULL, '', 50200, '2016-07-26 13:07:02'),
(71, 'TFCL110050087', '2016-07-26', 124, 130, 1, 101, '', '503787-1-435941', 54, 'NUEVAS INVERSIONES D', 'pueblo nuevo urb. la loma calle gervacio garcia casa 64', 'pueblo nuevo urb. la loma calle gervacio garcia casa 64', '2299215', '', 50171, '2016-07-26 13:07:09'),
(72, 'TFCL110050283', '2016-06-24', 124, 130, 1, 102, '', '155625652-2-2016', 6, 'LA SICILIANA SA', 'colon corregimiento de puerto pilon edif. plaza colon local 6', 'colon corregimiento de puerto pilon edif. plaza colon local 6', NULL, '', 50157, '2016-07-26 13:07:19'),
(73, 'tfbx110050248', '2016-07-06', 124, 130, 1, 103, '', '569113-1-446277', 55, 'TV SHOPPING SA', 'san miguelito corregimiento rufina alfaro los pueblos cc metromall local b-234', 'san miguelito corregimiento rufina alfaro los pueblos cc metromall local b-234', NULL, '', 59273, '2016-07-26 16:07:18'),
(74, 'TFCL110050219', '2016-07-26', 124, 130, 1, 104, '', 'E-8-91738', 45, 'YU CHEN', 'la chorrera corregimiento  barrio balboa haci apuerto caimito edif. 02 local 01', 'la chorrera corregimiento  barrio balboa haci apuerto caimito edif. 02 local 01', NULL, '', 50182, '2016-07-26 16:07:51'),
(75, 'TFCL110050098', '2016-06-16', 124, 130, 1, 105, '', '8-819-2400', 61, 'LUIS OMAR HENRY GONZ', 'arraijan nuevo chorrillo calle principal', 'arraijan nuevo chorrillo calle principal', NULL, '', 50184, '2016-07-26 17:07:38'),
(76, 'tfdm110050232', '2016-08-01', 104, 106, 1, 106, '', '155607948-2-2015', 10, 'TENSACABLE SA', 'altos de curundu, calle altos del river, duplex 580a', 'altos de curundu, calle altos del river, duplex 580a', '2328576', 'mabel.emsa@live.com', NULL, '2016-08-01 08:08:47'),
(77, 'tfcl110050045', '2016-07-30', 104, 106, 1, 107, '', '9-724-1035', 7, 'YESSENIA ESTHER BOZO', 'centro comercial los pueblos 2000 local 1c8', 'centro comercial los pueblos 2000 local 1c8', '66676227', '', NULL, '2016-08-01 08:08:34'),
(78, 'TFCL110050269', '2016-07-30', 104, 106, 1, 108, '', '155616611-2-2015', 2, 'CONSULTORES EN DESAR', 'urbanizacion procasa, casa 17', 'urbanizacion procasa, casa 17', '69641442', 'ALDOCORDOBA2010@HOTMAIL.COM', NULL, '2016-08-01 08:08:53'),
(79, 'TFBX110050500', '2016-07-28', 104, 106, 1, 70, '', '138-289-35920', 4, 'GEO F NOVEY INC', 'ave. central', 'ave. central', NULL, '', NULL, '2016-08-01 10:08:46'),
(80, 'tfbx110050413', '2016-07-27', 104, 106, 1, 70, '', '138-289-35920', 4, 'GEO F NOVEY INC', 'ave central', 'ave central', NULL, '', NULL, '2016-08-01 10:08:08'),
(81, 'TFBX110050499', '2016-07-28', 104, 106, 1, 70, '', '138-289-35920', 4, 'GEO F NOVEY INC', 'ave. central ', 'ave. central ', NULL, '', NULL, '2016-08-01 10:08:18'),
(82, 'TFBX110050472', '2016-07-28', 104, 106, 1, 70, '', '138-289-35920', 4, 'GEO F NOVEY INC', 'ave central ', 'ave central ', NULL, '', NULL, '2016-08-01 10:08:44'),
(83, 'TFBX110050471', '2016-07-28', 104, 106, 1, 70, '', '138-289-35920', 4, 'GEO F NOVEY INC', 'ave. central', 'ave. central', NULL, '', NULL, '2016-08-01 10:08:51'),
(84, 'TFBX110050470', '2016-07-28', 104, 106, 1, 70, '', '138-289-35920', 4, 'GEO F NOVEY INC', 'ave central', 'ave central', NULL, '', NULL, '2016-08-01 10:08:11'),
(85, 'TFBX110050469', '2016-07-28', 104, 106, 1, 70, '', '138-289-35920', 4, 'GEO F NOVEY INC', 'ave central', 'ave central', NULL, '', NULL, '2016-08-01 10:08:16'),
(86, 'TFCL110050053', '2016-07-29', 104, 106, 1, 109, '', '1347574-1-616506', 73, 'CELEBRACIONES Y MAS ', 'pma bella vista y simon bolivar antiguo triangulo local 1', 'pma bella vista y simon bolivar antiguo triangulo local 1', NULL, '', NULL, '2016-08-01 10:08:58'),
(87, 'TFCL110050200', '2016-07-29', 104, 106, 1, 110, '', '2541779-1-825033', 36, 'LOGISTICA LEON PINZO', 'urb villa del bosque, calle acacias, casa 50 colon', 'urb villa del bosque, calle acacias, casa 50 colon', NULL, '', NULL, '2016-08-01 10:08:28'),
(88, 'TFCL110050118', '2016-07-29', 104, 106, 1, 111, '', '8-726-1459', 8, 'AIZHA J GOMEZ G', 'altos de panama, c/federico guardia, sky plaza local 2', 'altos de panama, c/federico guardia, sky plaza local 2', NULL, '', NULL, '2016-08-01 10:08:26'),
(89, 'TFCL110050273', '2016-07-29', 104, 106, 1, 112, '', '155631610-2-2016', 97, 'MEDFRA SA', 'ricardo j. alfaro, edif z-5, local 4', 'ricardo j. alfaro, edif z-5, local 4', NULL, '', NULL, '2016-08-01 10:08:11'),
(90, 'TFCL110050231', '2016-07-29', 104, 106, 1, 113, '', '2620706-1-836639', 34, 'ELAN PANAMA CORP', 'colinas de cerro viento, cl66 no.92', 'colinas de cerro viento, cl66 no.92', NULL, '', NULL, '2016-08-01 10:08:16'),
(91, 'TFCL110050063', '2016-07-28', 104, 106, 1, 114, '', '8-512-887', 56, 'MARIELA OTILIA NAVAR', '24 de diciembre, brisas del mirador, casa 11', '24 de diciembre, brisas del mirador, casa 11', '2170331', '', NULL, '2016-08-01 11:08:59'),
(92, 'TFCL110050119', '2016-07-27', 104, 106, 1, 115, '', '155591703-2-2015', 54, 'TRANS OCEAN COMMUNIC', 'san francisco, calle tercera b sur casa 10', 'san francisco, calle tercera b sur casa 10', '3902806', '', NULL, '2016-08-01 11:08:44'),
(93, 'TFDM110050234', '2016-07-26', 104, 106, 1, 116, '', '1799158-1-705079', 35, 'GARTEI TRADING GROUP', 'calle 50, ph global plaza, piso 15', 'calle 50, ph global plaza, piso 15', '3666435', '', NULL, '2016-08-01 11:08:45'),
(94, 'TFDM110050226', '2016-07-25', 104, 106, 1, 117, '', '155621053-2-2016', 4, 'BANDAS Y SERVICIOS D', 'alsacia tower torre 2, piso 3, oficina 305, ricardo j. alfaro', 'alsacia tower torre 2, piso 3, oficina 305, ricardo j. alfaro', NULL, '', NULL, '2016-08-01 11:08:45'),
(95, 'TFCL110050153', '2016-07-25', 104, 106, 1, 118, '', '155614669-2-2015', 11, 'FACTOR HUMANO EMPRES', 'area bancaria edificio magna corp piso 7 oficina 712', 'area bancaria edificio magna corp piso 7 oficina 712', '3964122', '', NULL, '2016-08-01 11:08:04'),
(96, 'TFCL110050015', '2016-07-23', 104, 106, 1, 119, '', '155596693-2-2015', 34, 'SAVOIR FAIRE SA', 'villas del zarati, via sonadora, chigore, penonome', 'villas del zarati, via sonadora, chigore, penonome', '9086465', '', NULL, '2016-08-01 11:08:54'),
(97, 'TFCL110050010', '2016-07-28', 104, 106, 1, 120, '', '263247-1-838340', 77, 'CONSTRUCTORA Y ESTRU', 'nuevo san juan, calle principal colon', 'nuevo san juan, calle principal colon', '68423840', '', NULL, '2016-08-01 11:08:03'),
(98, 'tfdm110050242', '2016-07-19', 115, 118, 1, 0, '', '155628337-2-2016', 69, '', '', '', NULL, '', NULL, '2016-08-01 16:08:30'),
(99, 'TFBX110050362', '2016-08-01', 124, 130, 1, 121, '', '155628375-2-2016', 2, 'DMFUSION PANAMA SA', 'corregimiento de bethania, urb. juan pablo ii calle juan pablo ii ph siglo xxi local 22', 'corregimiento de bethania, urb. juan pablo ii calle juan pablo ii ph siglo xxi local 22', '8339387', '', 54450, '2016-08-02 07:08:46'),
(100, 'TFBX110050387', '2016-08-01', 124, 130, 1, 122, '', '8-813-462', 34, 'ANA LINETTE MALCA RI', 'corregimiento la exposicion o calidonia av. justo arosemena casa 39-26', 'corregimiento la exposicion o calidonia av. justo arosemena casa 39-26', NULL, '', 54456, '2016-08-02 09:08:27'),
(101, 'TFCL110050186', '2016-08-02', 104, 106, 1, 123, '', '8-815-1595', 90, 'TERRY ANTHONY AGUIRR', 'rio hato, farallon, calle del tanque, local rancho rio', 'rio hato, farallon, calle del tanque, local rancho rio', '9932377', '', NULL, '2016-08-02 11:08:20'),
(102, 'tfcl110050159', '2016-08-04', 104, 106, 1, 124, '', '8-878-1561', 15, 'ELENA CHEN QUIU', 'ave. brostela, edif. colonial, local 16, el dorado, betania, panama', 'ave. brostela, edif. colonial, local 16, el dorado, betania, panama', NULL, '', NULL, '2016-08-04 15:08:55'),
(103, 'TFDM110050264', '2016-08-04', 124, 130, 1, 125, '', '2109886-1-758341', 95, 'RCT GROUP', 'corregimiento las cumbres, urb. villa grecia, milla 13, transistmica edif. rct group local 1', 'corregimiento las cumbres, urb. villa grecia, milla 13, transistmica edif. rct group local 1', '3935557', '', 53063, '2016-08-04 17:08:55'),
(104, 'tfcl110050060', '2016-08-05', 104, 106, 1, 126, '', '48434-57-310789', 45, 'PROGETTO TURISMO SA', 'calle 5ta, isla colon, bocas del toro', 'calle 5ta, isla colon, bocas del toro', '7579066', '', NULL, '2016-08-05 11:08:18'),
(105, 'TFBX110050416', '2016-08-05', 104, 106, 1, 127, '', '1385407-1-625031', 72, 'M Y M SARON SA', 'centro comercial westald mall local pb-u17', 'centro comercial westald mall local pb-u17', '2516045', '', NULL, '2016-08-05 12:08:55'),
(106, 'TFDM110050175', '2016-08-04', 104, 106, 1, 128, '', '2564304-1-828338', 81, 'EFDG INC', 'la chorrera, ave. libertador, barrio colon, plaza los libertadores, local 3,17 y 18', 'la chorrera, ave. libertador, barrio colon, plaza los libertadores, local 3,17 y 18', '2587086', '', NULL, '2016-08-05 12:08:54'),
(107, 'TFBX110050114', '2016-08-05', 113, 134, 1, 129, '', '2499454-1-818705', 46, 'CADENA DE SUMINISTRO', 'san francisco, panama', 'san francisco, panama', NULL, '', NULL, '2016-08-05 14:08:43'),
(108, 'TFBX110050113', '2016-08-05', 113, 134, 1, 130, '', '8-837-1110', 73, 'GENESIS JEANETHE NIE', 'cc metromall', 'cc metromall', NULL, '', NULL, '2016-08-05 14:08:21'),
(109, 'TFBX110050117', '2016-08-05', 113, 134, 1, 131, '', '8-491-22', 67, 'JOSE ANGEL ARCOS DE ', 'meteti, darien', 'meteti, darien', NULL, '', NULL, '2016-08-05 14:08:21'),
(110, 'tfbx110050118', '2016-03-23', 113, 134, 1, 132, '', '155622046-2-2016', 58, 'BUSHIDO Y ASOCIADOS ', 'bella vista', 'bella vista', NULL, '', NULL, '2016-08-05 14:08:04'),
(111, 'TFBX110050119', '2016-03-28', 113, 134, 1, 133, '', '155606118-2-2015', 20, 'INVERSIONES RHV SA', 'san francisco', 'san francisco', NULL, '', NULL, '2016-08-05 14:08:13'),
(112, 'TFBX110050120', '2016-03-28', 113, 134, 1, 134, '', '467227-1-433741', 3, 'NATURAL ENGLISH INC', 'bella vista', 'bella vista', NULL, '', NULL, '2016-08-05 14:08:30'),
(113, 'tfbx110050045', '2016-03-30', 113, 134, 1, 135, '', '8-419-711', 26, 'CAROLINA LUISA JAMES', 'colon', 'colon', NULL, '', NULL, '2016-08-05 15:08:28'),
(114, 'TFBX110050046', '2016-08-05', 113, 134, 1, 136, '', '8-902-274', 6, 'ROBERTO ALFREDO PAN ', 'chilibre', 'chilibre', NULL, '', NULL, '2016-08-05 15:08:40'),
(115, 'TFBX110050047', '2016-08-05', 113, 134, 1, 137, '', '155616742-2-2015', 17, 'PAINTBALL CLUB PTY S', 'tocumen', 'tocumen', NULL, '', NULL, '2016-08-05 15:08:11'),
(116, 'TFBX110050048', '2016-03-29', 113, 134, 1, 138, '', '155594620-2-2015', 62, 'GRUPO VPN SA', 'calle 50', 'calle 50', NULL, '', NULL, '2016-08-05 15:08:03'),
(117, 'TFDM110050007', '2016-04-07', 113, 134, 1, 139, '', '8-251-117', 12, 'GIZEH MARLENE RUIZ C', 'el higo', 'el higo', NULL, '', NULL, '2016-08-05 15:08:02'),
(118, 'TFBX110050149', '2016-04-02', 113, 134, 1, 140, '', '155612162-2-2015', 97, 'SANTO BOKADO SA', '24 de diciembre', '24 de diciembre', NULL, '', NULL, '2016-08-05 15:08:50'),
(119, 'TFBX110050150', '2016-04-01', 113, 134, 1, 141, '', '155616450-2-2015', 0, 'INTERTEUS LOGISTICS ', 'calle 50', 'calle 50', NULL, '', NULL, '2016-08-05 15:08:35'),
(120, 'TFBX110050029', '2016-04-12', 113, 134, 1, 142, '', '155625156-2-2015', 7, 'VAPRO AMERICAS PANAM', 'bella vista', 'bella vista', NULL, '', NULL, '2016-08-05 15:08:39'),
(121, 'TFBX110050030', '2016-04-12', 113, 134, 1, 143, '', '4-782-1833', 86, 'YAMILKA MIRANDA BRAD', 'bella vista', 'bella vista', NULL, '', NULL, '2016-08-05 15:08:28'),
(122, 'TFBX110050147', '2016-04-13', 113, 134, 1, 144, '', '2610441-1-835266', 5, 'NOVELDA MARMOL Y GRA', 'juan diaz', 'juan diaz', NULL, '', NULL, '2016-08-05 15:08:19'),
(123, 'TFBX110050148', '2016-04-12', 113, 134, 1, 145, '', '155611918-2-2015', 44, 'INTERNATIONAL LOGIST', 'bella vista', 'bella vista', NULL, '', NULL, '2016-08-05 15:08:06'),
(124, 'TFBX110050145', '2016-04-15', 113, 134, 1, 146, '', '155602332-2-2015', 34, 'MULTISERVICIOS FULL ', 'albrook', 'albrook', NULL, '', NULL, '2016-08-05 15:08:55'),
(125, 'TFBX110050146', '2016-04-26', 113, 134, 1, 147, '', '155621384-2-2016', 54, 'GAMAN CORP SA', 'san francisco', 'san francisco', NULL, '', NULL, '2016-08-05 15:08:50'),
(126, 'TFDM110050027', '2016-05-05', 113, 134, 1, 148, '', '155605835-2-2015', 61, 'SPARTAN DE PANAMA SA', 'san francisco', 'san francisco', NULL, '', NULL, '2016-08-05 15:08:38'),
(127, 'TFDM110050028', '2016-04-20', 113, 134, 1, 149, '', '155613601-2-2015', 33, 'JAPAI FILMS SA', 'rio abajo', 'rio abajo', NULL, '', NULL, '2016-08-05 15:08:23'),
(128, 'tfcl110050020', '2016-08-06', 104, 106, 1, 150, '', '155632683-2-2016', 4, 'SALESBOX 360 SA', 'urb. bella vista, calle 43 este, ph colores de bella vista, piso 13, 13f', 'urb. bella vista, calle 43 este, ph colores de bella vista, piso 13, 13f', '3878164', '', NULL, '2016-08-06 12:08:06'),
(129, 'tfcl110050203', '2016-08-08', 104, 106, 1, 151, '', '2565650-1-828574', 1, 'INVERSIONES CBB SA', 'parque lefevre, sexta 21, parque lefevre', 'parque lefevre, sexta 21, parque lefevre', '2039352', '', NULL, '2016-08-08 12:08:45'),
(130, 'tfbx110050414', '2016-08-08', 104, 106, 1, 152, '', '656-413-132700', 15, 'O D PANAMA SA', 'san miguelito, panama, c.c. price mart, local a', 'san miguelito, panama, c.c. price mart, local a', NULL, '', NULL, '2016-08-08 12:08:26'),
(131, 'TFBX110050415', '2016-08-08', 104, 106, 1, 153, '', '155616265-2-2015', 90, 'KLASICO LATINOAMERIC', 'c.c multiplaza pacific, local a-306', 'c.c multiplaza pacific, local a-306', '3000774', '', NULL, '2016-08-08 12:08:55'),
(132, 'TFBX110050405', '2016-08-08', 104, 106, 1, 153, '', '155616265-2-2015', 90, 'KLASICO LATINOAMERIC', 'c.c. multiplaza pacific local a-306', 'c.c. multiplaza pacific local a-306', '3000774', '', NULL, '2016-08-08 12:08:23'),
(133, 'tfdm110050237', '2016-08-08', 104, 106, 1, 154, '', '155597610-2-2015', 70, 'PANAMA INTERMEDIARY ', 'calle punta colon, punta pacifica, trump ocean club, local s4-c', 'calle punta colon, punta pacifica, trump ocean club, local s4-c', '8318030', '', NULL, '2016-08-08 15:08:53'),
(134, 'tfbx110050115', '2016-03-16', 128, 128, 1, 155, '', '650-529-126088', 77, 'Empresas Melo SA 094', 'urb. marbella calle 53 este, edificio mar plaza local 4', 'urb. marbella calle 53 este, edificio mar plaza local 4', NULL, 'bredos1@grupomelo.com', 59309, '2016-08-09 11:08:23'),
(136, 'tfbx110050071', '0016-03-30', 128, 144, 1, 156, '', '15562497522016', 92, 'Smarth Technologies ', 'via españa, galerias obarrio, local 8', 'via españa, galerias obarrio, local 8', '3948436', 'contabilidad@movicell.com.pa', 55377, '2016-08-09 12:08:59'),
(137, 'tfbx110050070', '2016-03-31', 128, 144, 1, 157, '', '155624975-2-2016', 92, 'Smarth technologies ', 'galerias obarrio local 8 via españa', 'galerias obarrio local 8 via españa', '2656979', 'contabilidad@movicell.com.pa', 55389, '2016-08-09 12:08:32'),
(138, 'tfbx110050077', '2016-03-31', 128, 145, 1, 157, '', '155624975-2-2016', 92, 'Smath Technologies I', 'galerias obarrio local 8 via españa', 'galerias obarrio local 8 via españa', '3036087', 'contabilidad@movicell.com.pa', 56428, '2016-08-09 12:08:42'),
(139, 'tfbx110050080', '2016-03-31', 128, 145, 1, 157, '', '155624975-2-2016', 92, 'Smarth Technologies ', 'galerias obarrio local 8 via españa', 'galerias obarrio local 8 via españa', '2821750', 'contabilidad@movicel.com.pa', NULL, '2016-08-09 12:08:42'),
(140, 'tfbx110050079', '2016-03-31', 128, 145, 1, 157, '', '155624975-2-2016', 92, 'Smath Technologies I', 'galerias obarrio local 8 via espaÑa', 'galerias obarrio local 8 via espaÑa', '3036087', 'contabilidad@movicell.com.pa', 55342, '2016-08-09 12:08:07'),
(141, 'tfdm110050253', '2016-08-09', 104, 106, 1, 158, '', '182637-1-392560', 49, 'PIEZAS Y ACCESORIOS ', 'la chorrera, calle principal, la mitra', 'la chorrera, calle principal, la mitra', '2442978', '', NULL, '2016-08-09 12:08:18'),
(142, 'tfcl110050190', '2016-08-09', 104, 106, 1, 159, '', '2-706-1655', 7, 'CHARITHYN M ARRUCHA ', 'punta paitilla c.c. plaza paitilla, local 23', 'punta paitilla c.c. plaza paitilla, local 23', '3881212', '', NULL, '2016-08-09 17:08:13'),
(143, 'TFBX110050385', '2016-08-10', 124, 130, 1, 160, '', '4-160-980', 74, 'DARIO ENRIQUE QUIEL ', 'corregimiento david urb. doleguita av. domingo diaz calle i sur casa 00', 'corregimiento david urb. doleguita av. domingo diaz calle i sur casa 00', '7770074', '', 54407, '2016-08-10 13:08:51'),
(144, 'tfcl110050252', '2016-08-10', 104, 106, 1, 161, '', '155591616-1-2015', 7, 'LYNE SOLUTIONS SA', 'parque lefevre, urb. parque lefevre, calle 10, casa 10-a', 'parque lefevre, urb. parque lefevre, calle 10, casa 10-a', NULL, '', NULL, '2016-08-11 10:08:28'),
(145, 'tfdm110050233', '2016-08-11', 104, 106, 1, 162, '', '155631375-2-2016', 17, 'OWA LAW S A', 'obarrio, calle samuel lewis y calle 53 edificio omega piso m', 'obarrio, calle samuel lewis y calle 53 edificio omega piso m', '3874522', '', NULL, '2016-08-11 16:08:24'),
(146, 'TFCL110050066', '2016-05-26', 146, 150, 1, 163, '', 'N-17-370', 51, 'Chao Kuon Liu', 'capira cabecera via interamericana', 'capira cabecera via interamericana', '2485150', '', 50148, '2016-08-17 09:08:26'),
(147, 'TFCL110050280', '2016-06-16', 146, 147, 1, 164, '', 'N-16-876', 25, 'Wen Tsung Lu Lee', 'capira cabecera via interamericana', 'capira cabecera via interamericana', '64802152', '', 53587, '2016-08-17 09:08:56'),
(148, 'tfcl110050127', '2016-08-18', 104, 106, 1, 165, '', '2435591-1-810039', 50, 'CAVALISTER PANAMA SA', 'ph parque lindo, ernesto t lefevre, parque lefevre', 'ph parque lindo, ernesto t lefevre, parque lefevre', '66783315', '', NULL, '2016-08-18 12:08:33'),
(149, 'TFCL110050181', '2016-08-03', 124, 130, 1, 166, '', '53249-101-327156', 5, 'CALZADO ISTMENO AVIA', 'corregimiento barrio norte, colon, calle 8 y 9 av. central casa 3117', 'corregimiento barrio norte, colon, calle 8 y 9 av. central casa 3117', NULL, '', 53541, '2016-08-18 12:08:20'),
(150, 'TFCL110050075', '2016-07-29', 124, 130, 1, 167, '', '8-NT-2-38424', 0, 'JAIR ALEXANDER OLIVE', 'corregimiento juan diaz urb. campo limbre parque del este casa 5f', 'corregimiento juan diaz urb. campo limbre parque del este casa 5f', '66765322', '', 53570, '2016-08-18 14:08:01'),
(151, 'TFCL110050218', '2016-07-29', 124, 130, 1, 168, '', '8-NT-2-37831', 29, 'WILTON JESUS MELO PO', 'corregimiento bella vista, calle principal edif. panchita local 2', 'corregimiento bella vista, calle principal edif. panchita local 2', '61037467', '', 52005, '2016-08-18 14:08:28'),
(152, 'TFCL110050207', '2016-08-15', 124, 130, 1, 169, '', '8-294-805', 40, 'MIRIAM RODRIGUEZ MOR', 'arraijan, arraijan centro calle juan demostenes arosemena  casa s/n', 'arraijan, arraijan centro calle juan demostenes arosemena  casa s/n', NULL, '', 53538, '2016-08-18 14:08:56'),
(153, 'TFDM110050231', '2016-08-19', 104, 106, 1, 170, '', '155629896-2-2016', 96, 'SURTITROPIK SA', 'ciudad radial calle cuarta casa l 56-1', 'ciudad radial calle cuarta casa l 56-1', NULL, '', NULL, '2016-08-19 10:08:32'),
(154, 'TFBX110050426', '2016-08-19', 104, 106, 1, 171, '', '155603350-2-2015', 89, 'GLAUBEN DE PANAMA SA', 'nuevo reparto paitilla, calle 50 y 59, camara de negocio', 'nuevo reparto paitilla, calle 50 y 59, camara de negocio', NULL, '', NULL, '2016-08-19 12:08:50'),
(155, 'TFCL110050103', '2016-08-19', 124, 130, 1, 172, '', '935-234-104769', 76, 'NOVEDADES LA REYNA S', 'provincia de chiriqui, boquete. av. central ', 'provincia de chiriqui, boquete. av. central ', '7201391', '', 53591, '2016-08-19 12:08:04'),
(156, 'TFDM110050204', '2016-08-19', 124, 130, 1, 173, '', '2200254-1-773126', 58, 'GASCO ZONA LIBRE SA', 'corregimiento de ancon, condado del rey via centenario centro comercial altaplaza mall local-2-210', 'corregimiento de ancon, condado del rey via centenario centro comercial altaplaza mall local-2-210', NULL, '', 58435, '2016-08-19 15:08:24'),
(157, 'tfbx110050069', '2016-03-30', 128, 156, 1, 157, '', '155624975-2-2016', 92, 'SMARTH TECHNOLOGIES ', 'via espaÑa galerias obarrio local 8', 'via espaÑa galerias obarrio local 8', '3961490', 'CONTABILIDAD@MOVICELL.COM.PA', 55331, '2016-08-22 11:08:48'),
(158, 'TFBX110050078', '2016-03-31', 128, 144, 1, 157, '', '155624975-2-2016', 92, 'SMARTH TECHNOLOGIES ', 'via espaÑa galerias obarrio local 8', 'via espaÑa galerias obarrio local 8', '2656979', '', 56495, '2016-08-22 11:08:44'),
(159, 'TFBX110050026', '2016-03-31', 128, 145, 1, 157, '', '155624975-2-2016', 92, 'SMARTH TECHNOLOGIES ', 'via espaÑa galerias obarrio local 8', 'via espaÑa galerias obarrio local 8', '2821750', '', 55345, '2016-08-22 13:08:34'),
(160, 'tfbx110050187', '2016-04-16', 128, 145, 1, 174, '', '1758903-1-697882', 68, 'ASADOS GABYDANA LOS ', 'terminal de albrook, area norte ', 'terminal de albrook, area norte ', '2639604', '', 55337, '2016-08-22 14:08:29'),
(161, 'TFCL110050042', '2016-08-22', 104, 106, 1, 175, '', '9-198-707', 63, 'AGUSTIN GUEVARA SALD', 'casa o26 sector 10, belen, tocumen', 'casa o26 sector 10, belen, tocumen', '65259511', '', NULL, '2016-08-22 15:08:57'),
(162, 'tfbx110050152', '2016-04-16', 128, 145, 1, 174, '', '1758903-1-697882', 68, 'ASADOS GABYDANA LOS ', 'terminal albrook, area norte', 'terminal albrook, area norte', '2639604', '', NULL, '2016-08-22 15:08:06'),
(163, 'TFBX110050108', '2016-04-21', 128, 145, 1, 155, '', '650-529-126088', 77, 'EMPRESAS MELO SA 094', 'urb  marbella calle 53 este edificio mar plaza local 4', 'urb  marbella calle 53 este edificio mar plaza local 4', NULL, '', NULL, '2016-08-22 15:08:16'),
(164, 'TFBX110050023', '2016-05-24', 128, 145, 1, 176, '', '655-419-132915', 96, 'FARMACIAS REVILLA', 'san felipe urb casco viejo calle 1ra edificio ph paseo las bovedas local 2b', 'san felipe urb casco viejo calle 1ra edificio ph paseo las bovedas local 2b', '2071839', '', NULL, '2016-08-22 15:08:13'),
(165, 'TFBX110050096', '2016-05-20', 128, 145, 1, 177, '', '1837453-1-711754', 10, 'GRACIANO CORP', 'paitilla mall local 4 ', 'paitilla mall local 4 ', '3933662', '', 594000, '2016-08-22 15:08:51'),
(166, 'TFBX110050095', '2016-05-24', 128, 145, 1, 176, '', '655-419-132915', 96, 'FARMACIAS REVILLA', 'san felipe urb casco viejo calle 1ra edificio ph paseo las bovedas local 2b', 'san felipe urb casco viejo calle 1ra edificio ph paseo las bovedas local 2b', '2071839', '', 59351, '2016-08-22 15:08:52'),
(167, 'TFBX110050312', '2016-05-24', 128, 145, 1, 178, '', '2455843-1-812875', 30, 'COMPAX INTERNATIONAL', 'via espaÑa edificio transunion local 2', 'via espaÑa edificio transunion local 2', NULL, '', 59290, '2016-08-22 15:08:20'),
(168, 'tfcl110050162', '2016-08-22', 104, 106, 1, 179, '', '155614691-2-2015', 34, 'SERVIGENERAL PRO S A', 'el ingenio, calle club x, edificio verde sol', 'el ingenio, calle club x, edificio verde sol', '3971921', '', NULL, '2016-08-22 17:08:17'),
(169, 'TFCL110050216', '2016-08-22', 104, 106, 1, 180, '', '1012844-1-538696', 8, 'F F CONSTRUCTORES S ', 'ave. arnulfo arias madrid', 'ave. arnulfo arias madrid', '3141238', '', NULL, '2016-08-22 17:08:02'),
(170, 'tfcl110050036', '2016-08-23', 104, 106, 1, 181, '', '8-706-1225', 80, 'JOSE JUAN CAMANO FUE', 'arraijan, calle rosario final', 'arraijan, calle rosario final', NULL, '', NULL, '2016-08-24 16:08:31'),
(171, 'TFCL110050012', '2016-08-24', 104, 106, 1, 182, '', '155634811-2-2016', 19, 'NAK MARINE SERVICES ', 'colon, calle 2 y herrera dream plaza', 'colon, calle 2 y herrera dream plaza', '4398265', '', NULL, '2016-08-24 16:08:57'),
(172, 'TFCL110050104', '2016-08-24', 104, 106, 1, 183, '', '2506127-1-819676', 4, 'BAY FRONT TRADING S ', 'ancon, albrook, local x-40, panama', 'ancon, albrook, local x-40, panama', '64802851', '', NULL, '2016-08-24 17:08:15'),
(173, 'tfbx110050425', '2016-08-24', 104, 106, 1, 127, '', '1385407-1-625031', 72, 'M Y M SARON SA', 'penonome, calle principal, ave. juan demostenes arosemena', 'penonome, calle principal, ave. juan demostenes arosemena', '2600785', '', NULL, '2016-08-25 09:08:02'),
(174, 'TFDM110050176', '2016-08-24', 104, 106, 1, 184, '', '155620739-2-2016', 24, 'LEGAL AND BUSINESS C', 'san francisco, calle 71 con calle 50, edif plaza morica, oficina 10-07', 'san francisco, calle 71 con calle 50, edif plaza morica, oficina 10-07', '3888533', '', NULL, '2016-08-25 09:08:40'),
(175, 'TFDM110050211', '2016-08-25', 124, 130, 1, 185, '', '155629635-2-2016', 67, 'PATPHA SA', 'corregimiento bethania, urb. pribanco los angeles, calle 63 casa l29', 'corregimiento bethania, urb. pribanco los angeles, calle 63 casa l29', NULL, '', 52751, '2016-08-25 11:08:15'),
(176, 'TFDM110050182', '2016-08-26', 104, 106, 1, 186, '', '155602988-2-2015', 20, 'BUSMEN S A', 'arraijan panama pacifico', 'arraijan panama pacifico', '3968114', '', NULL, '2016-08-26 13:08:48'),
(177, 'TFBX110050361', '2016-08-25', 124, 130, 1, 187, '', '155618997-2-2015', 50, 'INTERNATIONAL LAWKER', 'bella vista, edif. kitaen calle 44 local 301', 'bella vista, edif. kitaen calle 44 local 301', NULL, '', 54417, '2016-08-26 16:08:09'),
(178, 'TFCL110050245', '2016-08-26', 104, 106, 1, 188, '', '155592462-2-2015', 5, 'CLINICA DE LA COLUMN', 'pueblo nuevo, la sabana, via espaÑa, plaza comercial san fernando', 'pueblo nuevo, la sabana, via espaÑa, plaza comercial san fernando', '3949830', '', NULL, '2016-08-26 16:08:32'),
(179, 'TFBX110050001', '2016-08-31', 158, 158, 1, 41, '', '155596713-2-2015', 55, '', '', '', NULL, '', NULL, '2016-08-31 11:08:13'),
(180, 'TFBX110050005', '2016-08-31', 158, 158, 1, 189, '', 'jkdjfjhfj-odkf-d', 12, 'Prueba numero uno', 'pprueba numero uno de la direccion fiscal', 'pprueba numero uno de la direccion fiscal', NULL, '', NULL, '2016-08-31 13:08:52'),
(181, 'TFBX110050006', '2016-08-31', 158, 158, 1, 190, '', 'urjr85855-565-56', 56, 'prueba de las direcc', 'esto es la segunda prueba de las direcciones', 'esto es la segunda prueba de las direcciones', NULL, '', NULL, '2016-08-31 14:08:43'),
(182, 'TFCL110008586', '2017-01-23', 162, 162, 1, 191, '', '25488796', 12, 'Prueba123', 'prueba123..', 'prueba123..', NULL, '', NULL, '2017-01-23 10:01:16'),
(183, 'TFCL110050406', '2017-01-23', 162, 162, 1, 191, '', '25488796', 12, 'Prueba123', 'prueba123..', 'prueba123..', NULL, '', NULL, '2017-01-23 10:01:40'),
(184, 'TFCL110050402', '2017-01-23', 161, 161, 1, 192, '', '5255587', 25, '111111111111111111111111111111111111111111111111111111111111', 'gfdgfdgdfg', 'gfdgfdgdfg', NULL, '', NULL, '2017-01-23 10:01:34'),
(185, 'TFDM110008587', '2017-07-26', 111, 111, 1, 196, '', '5855544554', 88, 'dffdsfs', 'sdfdfdsf', 'sdfdfdsf', '12345678901', '', NULL, '2017-07-26 11:07:56'),
(186, 'TFCL110008585', '2017-07-26', 158, 158, 1, 197, '', '1225888858', 11, 'vcvcxv', 'cvcvxv', 'cvcvxv', '12345678901', '', NULL, '2017-07-26 11:07:57'),
(187, 'TFBX110050602', '2017-07-31', 161, 161, 1, 199, '', '7238718371782378', 98, 'Razon social', 'direccion ', 'direccion ', '1223221211', 'jenny@correo.com', NULL, '2017-07-31 11:07:14'),
(188, 'TFBX110050609', '2017-08-02', 168, 168, 1, 200, '', '12345678912', 12, '123456789134', 'general de contrataciones públicas  obarrio, ave. samuel lewis  p.h. edificio central, piso 1.  diagonal a la torre banistmo', 'general de contrataciones públicas  obarrio, ave. samuel lewis  p.h. edificio central, piso 1.  diagonal a la torre banistmo', '75648857', 'rat@hotmail.com', 123456, '2017-08-02 09:08:57');

-- --------------------------------------------------------

--
-- Estructura de tabla para la tabla `operation_modes`
--

CREATE TABLE `operation_modes` (
  `id` int(11) NOT NULL,
  `mode` varchar(45) COLLATE utf8_spanish_ci NOT NULL,
  `active` tinyint(4) NOT NULL
) ENGINE=InnoDB DEFAULT CHARSET=utf8 COLLATE=utf8_spanish_ci;

-- --------------------------------------------------------

--
-- Estructura de tabla para la tabla `operation_types`
--

CREATE TABLE `operation_types` (
  `id` int(11) NOT NULL,
  `name` varchar(45) COLLATE utf8_spanish_ci NOT NULL,
  `active` tinyint(1) DEFAULT NULL
) ENGINE=InnoDB DEFAULT CHARSET=utf8 COLLATE=utf8_spanish_ci;

--
-- Volcado de datos para la tabla `operation_types`
--

INSERT INTO `operation_types` (`id`, `name`, `active`) VALUES
(1, 'Enajenación', 1);

-- --------------------------------------------------------

--
-- Estructura de tabla para la tabla `products`
--

CREATE TABLE `products` (
  `id` int(10) UNSIGNED NOT NULL,
  `name` tinytext COLLATE utf8_spanish_ci,
  `active` int(11) NOT NULL,
  `model` tinytext COLLATE utf8_spanish_ci,
  `score` int(11) DEFAULT NULL,
  `trademark` int(10) UNSIGNED NOT NULL,
  `featured_product` tinyint(1) DEFAULT NULL,
  `sigla` varchar(6) COLLATE utf8_spanish_ci NOT NULL
) ENGINE=InnoDB DEFAULT CHARSET=utf8 COLLATE=utf8_spanish_ci;

--
-- Volcado de datos para la tabla `products`
--

INSERT INTO `products` (`id`, `name`, `active`, `model`, `score`, `trademark`, `featured_product`, `sigla`) VALUES
(1, 'DT-230', 0, 'DT-230', 1, 1, NULL, ''),
(2, 'HKA80', 0, 'HKA80', 2, 1, NULL, ''),
(3, 'SRP-810', 0, 'SRP-810', 3, 1, NULL, ''),
(5, 'CR2150', 0, 'CR2150', 4, 1, NULL, ''),
(12, 'CRD-81FJ', 1, 'CRD-81FJ', 5, 1, NULL, 'TFCL11'),
(13, 'Tally 1125', 1, 'Tally 1125', 6, 1, NULL, 'TFDM11'),
(14, 'SRP-350', 1, 'SRP-350', 7, 1, NULL, 'TFBX11'),
(15, 'HSP-7000', 1, 'HSP-7000', 8, 1, NULL, 'TFSR11'),
(16, 'todos', 1, 'todos', 9, 1, NULL, '');

-- --------------------------------------------------------

--
-- Estructura de tabla para la tabla `products_brand`
--

CREATE TABLE `products_brand` (
  `product_type` int(10) UNSIGNED NOT NULL,
  `product` int(10) UNSIGNED NOT NULL
) ENGINE=InnoDB DEFAULT CHARSET=utf8 COLLATE=utf8_spanish_ci;

--
-- Volcado de datos para la tabla `products_brand`
--

INSERT INTO `products_brand` (`product_type`, `product`) VALUES
(5, 3),
(4, 5),
(2, 2),
(1, 1),
(4, 12),
(1, 13),
(5, 14),
(3, 15),
(6, 16);

-- --------------------------------------------------------

--
-- Estructura de tabla para la tabla `products_products_type`
--

CREATE TABLE `products_products_type` (
  `product_type` int(10) UNSIGNED NOT NULL,
  `product` int(10) UNSIGNED NOT NULL
) ENGINE=InnoDB DEFAULT CHARSET=utf8 COLLATE=utf8_spanish_ci;

--
-- Volcado de datos para la tabla `products_products_type`
--

INSERT INTO `products_products_type` (`product_type`, `product`) VALUES
(4, 5),
(1, 13),
(5, 14),
(3, 15),
(5, 3),
(2, 2),
(4, 12),
(1, 1),
(5, 14),
(3, 15),
(1, 13),
(4, 12),
(6, 16),
(5, 14),
(6, 16),
(5, 14),
(3, 15),
(1, 13),
(6, 16),
(2, 2),
(1, 1),
(2, 2),
(1, 1),
(2, 2),
(2, 2),
(3, 15);

-- --------------------------------------------------------

--
-- Estructura de tabla para la tabla `products_types`
--

CREATE TABLE `products_types` (
  `id` int(10) UNSIGNED NOT NULL,
  `name` tinytext CHARACTER SET utf8 NOT NULL,
  `visible` int(11) NOT NULL,
  `parent_id` int(11) DEFAULT NULL,
  `score` int(11) NOT NULL
) ENGINE=InnoDB DEFAULT CHARSET=utf8 COLLATE=utf8_spanish_ci;

--
-- Volcado de datos para la tabla `products_types`
--

INSERT INTO `products_types` (`id`, `name`, `visible`, `parent_id`, `score`) VALUES
(1, 'Dascom', 1, 0, 5),
(2, 'HKA', 1, 0, 1),
(3, 'Star', 1, 0, 2),
(4, 'Aclas', 1, 0, 4),
(5, 'Bixolon', 1, 0, 6),
(6, 'Todas', 1, 0, 7);

-- --------------------------------------------------------

--
-- Estructura de tabla para la tabla `products_user`
--

CREATE TABLE `products_user` (
  `id` int(10) UNSIGNED NOT NULL,
  `user_id` int(11) NOT NULL,
  `product_id` int(10) UNSIGNED NOT NULL,
  `created_at` datetime NOT NULL,
  `updated_at` datetime NOT NULL
) ENGINE=InnoDB DEFAULT CHARSET=latin1;

--
-- Volcado de datos para la tabla `products_user`
--

INSERT INTO `products_user` (`id`, `user_id`, `product_id`, `created_at`, `updated_at`) VALUES
(16, 86, 3, '0000-00-00 00:00:00', '0000-00-00 00:00:00');

-- --------------------------------------------------------

--
-- Estructura de tabla para la tabla `product_files`
--

CREATE TABLE `product_files` (
  `id` int(11) NOT NULL,
  `file` int(11) NOT NULL,
  `product` int(11) NOT NULL,
  `file_type` int(11) NOT NULL
) ENGINE=InnoDB DEFAULT CHARSET=utf8 COLLATE=utf8_spanish_ci;

--
-- Volcado de datos para la tabla `product_files`
--

INSERT INTO `product_files` (`id`, `file`, `product`, `file_type`) VALUES
(819, 741, 3, 1),
(820, 742, 10, 2),
(821, 743, 5, 3),
(822, 744, 11, 4),
(823, 745, 8, 12),
(824, 746, 10, 4),
(825, 747, 3, 1),
(826, 748, 3, 1),
(827, 749, 3, 4),
(828, 750, 3, 4),
(829, 751, 3, 4),
(830, 752, 3, 4),
(831, 753, 2, 4),
(832, 754, 2, 4),
(833, 755, 2, 4),
(834, 756, 1, 4),
(835, 757, 1, 4),
(836, 758, 1, 4),
(837, 759, 12, 4),
(838, 760, 12, 4),
(839, 761, 12, 4),
(840, 762, 16, 23),
(841, 763, 14, 4),
(842, 764, 15, 4),
(843, 765, 13, 4),
(844, 766, 12, 17),
(845, 767, 14, 1),
(846, 768, 16, 4),
(847, 769, 14, 4),
(848, 770, 15, 4),
(849, 771, 13, 4),
(850, 772, 16, 17),
(851, 773, 2, 4),
(852, 774, 1, 4),
(853, 775, 2, 4),
(854, 776, 1, 1),
(855, 777, 2, 23),
(856, 778, 2, 23),
(857, 779, 15, 4);

-- --------------------------------------------------------

--
-- Estructura de tabla para la tabla `programming_languages`
--

CREATE TABLE `programming_languages` (
  `id` int(11) NOT NULL,
  `name` varchar(50) NOT NULL,
  `visible` tinyint(4) NOT NULL,
  `created_at` datetime NOT NULL,
  `updated_at` datetime NOT NULL
) ENGINE=InnoDB DEFAULT CHARSET=latin1;

--
-- Volcado de datos para la tabla `programming_languages`
--

INSERT INTO `programming_languages` (`id`, `name`, `visible`, `created_at`, `updated_at`) VALUES
(1, 'A# .NET', 1, '0000-00-00 00:00:00', '0000-00-00 00:00:00'),
(2, 'A# (Axiom)', 1, '0000-00-00 00:00:00', '0000-00-00 00:00:00'),
(3, 'A-0 System', 1, '0000-00-00 00:00:00', '0000-00-00 00:00:00'),
(4, 'A+', 1, '0000-00-00 00:00:00', '0000-00-00 00:00:00'),
(5, 'A++', 1, '0000-00-00 00:00:00', '0000-00-00 00:00:00'),
(6, 'ABAP', 1, '0000-00-00 00:00:00', '0000-00-00 00:00:00'),
(7, 'ABC', 1, '0000-00-00 00:00:00', '0000-00-00 00:00:00'),
(8, 'ABC ALGOL', 1, '0000-00-00 00:00:00', '0000-00-00 00:00:00'),
(9, 'ABLE', 1, '0000-00-00 00:00:00', '0000-00-00 00:00:00'),
(10, 'ABSET', 1, '0000-00-00 00:00:00', '0000-00-00 00:00:00'),
(11, 'ABSYS', 1, '0000-00-00 00:00:00', '0000-00-00 00:00:00'),
(12, 'Abundance', 1, '0000-00-00 00:00:00', '0000-00-00 00:00:00'),
(13, 'ACC', 1, '0000-00-00 00:00:00', '0000-00-00 00:00:00'),
(14, 'Accent', 1, '0000-00-00 00:00:00', '0000-00-00 00:00:00'),
(15, 'Ace DASL', 1, '0000-00-00 00:00:00', '0000-00-00 00:00:00'),
(16, 'ACT-III', 1, '0000-00-00 00:00:00', '0000-00-00 00:00:00'),
(17, 'Action!', 1, '0000-00-00 00:00:00', '0000-00-00 00:00:00'),
(18, 'ActionScript', 1, '0000-00-00 00:00:00', '0000-00-00 00:00:00'),
(19, 'Ada', 1, '0000-00-00 00:00:00', '0000-00-00 00:00:00'),
(20, 'Adenine', 1, '0000-00-00 00:00:00', '0000-00-00 00:00:00'),
(21, 'Agda', 1, '0000-00-00 00:00:00', '0000-00-00 00:00:00'),
(22, 'Agora', 1, '0000-00-00 00:00:00', '0000-00-00 00:00:00'),
(23, 'AIMMS', 1, '0000-00-00 00:00:00', '0000-00-00 00:00:00'),
(24, 'Alef', 1, '0000-00-00 00:00:00', '0000-00-00 00:00:00'),
(25, 'ALF', 1, '0000-00-00 00:00:00', '0000-00-00 00:00:00'),
(26, 'ALGOL 58', 1, '0000-00-00 00:00:00', '0000-00-00 00:00:00'),
(27, 'ALGOL 60', 1, '0000-00-00 00:00:00', '0000-00-00 00:00:00'),
(28, 'ALGOL 68', 1, '0000-00-00 00:00:00', '0000-00-00 00:00:00'),
(29, 'Alice', 1, '0000-00-00 00:00:00', '0000-00-00 00:00:00'),
(30, 'Alma-0', 1, '0000-00-00 00:00:00', '0000-00-00 00:00:00'),
(31, 'AmbientTalk', 1, '0000-00-00 00:00:00', '0000-00-00 00:00:00'),
(32, 'Amiga E', 1, '0000-00-00 00:00:00', '0000-00-00 00:00:00'),
(33, 'AMOS', 1, '0000-00-00 00:00:00', '0000-00-00 00:00:00'),
(34, 'AMPL', 1, '0000-00-00 00:00:00', '0000-00-00 00:00:00'),
(35, 'APL', 1, '0000-00-00 00:00:00', '0000-00-00 00:00:00'),
(36, 'AppleScript', 1, '0000-00-00 00:00:00', '0000-00-00 00:00:00'),
(37, 'Arc', 1, '0000-00-00 00:00:00', '0000-00-00 00:00:00'),
(38, 'Arden Syntax[1]', 1, '0000-00-00 00:00:00', '0000-00-00 00:00:00'),
(39, 'ARexx', 1, '0000-00-00 00:00:00', '0000-00-00 00:00:00'),
(40, 'Argus', 1, '0000-00-00 00:00:00', '0000-00-00 00:00:00'),
(41, 'AspectJ', 1, '0000-00-00 00:00:00', '0000-00-00 00:00:00'),
(42, 'Assembly language', 1, '0000-00-00 00:00:00', '0000-00-00 00:00:00'),
(43, 'ATS', 1, '0000-00-00 00:00:00', '0000-00-00 00:00:00'),
(44, 'Ateji PX', 1, '0000-00-00 00:00:00', '0000-00-00 00:00:00'),
(45, 'AutoHotkey', 1, '0000-00-00 00:00:00', '0000-00-00 00:00:00'),
(46, 'Autocoder', 1, '0000-00-00 00:00:00', '0000-00-00 00:00:00'),
(47, 'AutoIt', 1, '0000-00-00 00:00:00', '0000-00-00 00:00:00'),
(48, 'AutoLISP / Visual LISP', 1, '0000-00-00 00:00:00', '0000-00-00 00:00:00'),
(49, 'Averest', 1, '0000-00-00 00:00:00', '0000-00-00 00:00:00'),
(50, 'AWK', 1, '0000-00-00 00:00:00', '0000-00-00 00:00:00'),
(51, 'Axum', 1, '0000-00-00 00:00:00', '0000-00-00 00:00:00'),
(52, 'B', 1, '0000-00-00 00:00:00', '0000-00-00 00:00:00'),
(53, 'Babbage', 1, '0000-00-00 00:00:00', '0000-00-00 00:00:00'),
(54, 'Bash', 1, '0000-00-00 00:00:00', '0000-00-00 00:00:00'),
(55, 'BASIC', 1, '0000-00-00 00:00:00', '0000-00-00 00:00:00'),
(56, 'bc', 1, '0000-00-00 00:00:00', '0000-00-00 00:00:00'),
(57, 'BCPL', 1, '0000-00-00 00:00:00', '0000-00-00 00:00:00'),
(58, 'BeanShell', 1, '0000-00-00 00:00:00', '0000-00-00 00:00:00'),
(59, 'Batch (Windows/Dos)', 1, '0000-00-00 00:00:00', '0000-00-00 00:00:00'),
(60, 'Bertrand', 1, '0000-00-00 00:00:00', '0000-00-00 00:00:00'),
(61, 'BETA', 1, '0000-00-00 00:00:00', '0000-00-00 00:00:00'),
(62, 'Bigwig', 1, '0000-00-00 00:00:00', '0000-00-00 00:00:00'),
(63, 'Bistro', 1, '0000-00-00 00:00:00', '0000-00-00 00:00:00'),
(64, 'BitC', 1, '0000-00-00 00:00:00', '0000-00-00 00:00:00'),
(65, 'BLISS', 1, '0000-00-00 00:00:00', '0000-00-00 00:00:00'),
(66, 'Blue', 1, '0000-00-00 00:00:00', '0000-00-00 00:00:00'),
(67, 'Bon', 1, '0000-00-00 00:00:00', '0000-00-00 00:00:00'),
(68, 'Boo', 1, '0000-00-00 00:00:00', '0000-00-00 00:00:00'),
(69, 'Boomerang', 1, '0000-00-00 00:00:00', '0000-00-00 00:00:00'),
(70, 'Bourne shell (including bash and ksh)', 1, '0000-00-00 00:00:00', '0000-00-00 00:00:00'),
(71, 'BREW', 1, '0000-00-00 00:00:00', '0000-00-00 00:00:00'),
(72, 'BPEL', 1, '0000-00-00 00:00:00', '0000-00-00 00:00:00'),
(73, 'BUGSYS', 1, '0000-00-00 00:00:00', '0000-00-00 00:00:00'),
(74, 'BuildProfessional', 1, '0000-00-00 00:00:00', '0000-00-00 00:00:00'),
(75, 'C', 1, '0000-00-00 00:00:00', '0000-00-00 00:00:00'),
(76, 'C--', 1, '0000-00-00 00:00:00', '0000-00-00 00:00:00'),
(77, 'C++ - ISO/IEC 14882', 1, '0000-00-00 00:00:00', '0000-00-00 00:00:00'),
(78, 'C# - ISO/IEC 23270', 1, '0000-00-00 00:00:00', '0000-00-00 00:00:00'),
(79, 'C/AL', 1, '0000-00-00 00:00:00', '0000-00-00 00:00:00'),
(80, 'Caché ObjectScript', 1, '0000-00-00 00:00:00', '0000-00-00 00:00:00'),
(81, 'C Shell', 1, '0000-00-00 00:00:00', '0000-00-00 00:00:00'),
(82, 'Caml', 1, '0000-00-00 00:00:00', '0000-00-00 00:00:00'),
(83, 'Candle', 1, '0000-00-00 00:00:00', '0000-00-00 00:00:00'),
(84, 'Cayenne', 1, '0000-00-00 00:00:00', '0000-00-00 00:00:00'),
(85, 'CDuce', 1, '0000-00-00 00:00:00', '0000-00-00 00:00:00'),
(86, 'Cecil', 1, '0000-00-00 00:00:00', '0000-00-00 00:00:00'),
(87, 'Cel', 1, '0000-00-00 00:00:00', '0000-00-00 00:00:00'),
(88, 'Cesil', 1, '0000-00-00 00:00:00', '0000-00-00 00:00:00'),
(89, 'Ceylon', 1, '0000-00-00 00:00:00', '0000-00-00 00:00:00'),
(90, 'CFML', 1, '0000-00-00 00:00:00', '0000-00-00 00:00:00'),
(91, 'Cg', 1, '0000-00-00 00:00:00', '0000-00-00 00:00:00'),
(92, 'Chapel', 1, '0000-00-00 00:00:00', '0000-00-00 00:00:00'),
(93, 'CHAIN', 1, '0000-00-00 00:00:00', '0000-00-00 00:00:00'),
(94, 'Charity', 1, '0000-00-00 00:00:00', '0000-00-00 00:00:00'),
(95, 'Charm', 1, '0000-00-00 00:00:00', '0000-00-00 00:00:00'),
(96, 'Chef', 1, '0000-00-00 00:00:00', '0000-00-00 00:00:00'),
(97, 'CHILL', 1, '0000-00-00 00:00:00', '0000-00-00 00:00:00'),
(98, 'CHIP-8', 1, '0000-00-00 00:00:00', '0000-00-00 00:00:00'),
(99, 'chomski', 1, '0000-00-00 00:00:00', '0000-00-00 00:00:00'),
(100, 'Chrome (now Oxygene)', 1, '0000-00-00 00:00:00', '0000-00-00 00:00:00'),
(101, 'ChucK', 1, '0000-00-00 00:00:00', '0000-00-00 00:00:00'),
(102, 'CICS', 1, '0000-00-00 00:00:00', '0000-00-00 00:00:00'),
(103, 'Cilk', 1, '0000-00-00 00:00:00', '0000-00-00 00:00:00'),
(104, 'CL (IBM)', 1, '0000-00-00 00:00:00', '0000-00-00 00:00:00'),
(105, 'Claire', 1, '0000-00-00 00:00:00', '0000-00-00 00:00:00'),
(106, 'Clarion', 1, '0000-00-00 00:00:00', '0000-00-00 00:00:00'),
(107, 'Clean', 1, '0000-00-00 00:00:00', '0000-00-00 00:00:00'),
(108, 'Clipper', 1, '0000-00-00 00:00:00', '0000-00-00 00:00:00'),
(109, 'CLIST', 1, '0000-00-00 00:00:00', '0000-00-00 00:00:00'),
(110, 'Clojure', 1, '0000-00-00 00:00:00', '0000-00-00 00:00:00'),
(111, 'CLU', 1, '0000-00-00 00:00:00', '0000-00-00 00:00:00'),
(112, 'CMS-2', 1, '0000-00-00 00:00:00', '0000-00-00 00:00:00'),
(113, 'COBOL - ISO/IEC 1989', 1, '0000-00-00 00:00:00', '0000-00-00 00:00:00'),
(114, 'CobolScript', 1, '0000-00-00 00:00:00', '0000-00-00 00:00:00'),
(115, 'Cobra', 1, '0000-00-00 00:00:00', '0000-00-00 00:00:00'),
(116, 'CODE', 1, '0000-00-00 00:00:00', '0000-00-00 00:00:00'),
(117, 'CoffeeScript', 1, '0000-00-00 00:00:00', '0000-00-00 00:00:00'),
(118, 'Cola', 1, '0000-00-00 00:00:00', '0000-00-00 00:00:00'),
(119, 'ColdC', 1, '0000-00-00 00:00:00', '0000-00-00 00:00:00'),
(120, 'ColdFusion', 1, '0000-00-00 00:00:00', '0000-00-00 00:00:00'),
(121, 'Cool', 1, '0000-00-00 00:00:00', '0000-00-00 00:00:00'),
(122, 'COMAL', 1, '0000-00-00 00:00:00', '0000-00-00 00:00:00'),
(123, 'Combined Programming Language (CPL)', 1, '0000-00-00 00:00:00', '0000-00-00 00:00:00'),
(124, 'Common Intermediate Language (CIL)', 1, '0000-00-00 00:00:00', '0000-00-00 00:00:00'),
(125, 'Common Lisp (also known as CL)', 1, '0000-00-00 00:00:00', '0000-00-00 00:00:00'),
(126, 'COMPASS', 1, '0000-00-00 00:00:00', '0000-00-00 00:00:00'),
(127, 'Component Pascal', 1, '0000-00-00 00:00:00', '0000-00-00 00:00:00'),
(128, 'COMIT', 1, '0000-00-00 00:00:00', '0000-00-00 00:00:00'),
(129, 'Constraint Handling Rules (CHR)', 1, '0000-00-00 00:00:00', '0000-00-00 00:00:00'),
(130, 'Converge', 1, '0000-00-00 00:00:00', '0000-00-00 00:00:00'),
(131, 'Coral 66', 1, '0000-00-00 00:00:00', '0000-00-00 00:00:00'),
(132, 'Corn', 1, '0000-00-00 00:00:00', '0000-00-00 00:00:00'),
(133, 'CorVision', 1, '0000-00-00 00:00:00', '0000-00-00 00:00:00'),
(134, 'Coq', 1, '0000-00-00 00:00:00', '0000-00-00 00:00:00'),
(135, 'COWSEL', 1, '0000-00-00 00:00:00', '0000-00-00 00:00:00'),
(136, 'CPL', 1, '0000-00-00 00:00:00', '0000-00-00 00:00:00'),
(137, 'csh', 1, '0000-00-00 00:00:00', '0000-00-00 00:00:00'),
(138, 'CSP', 1, '0000-00-00 00:00:00', '0000-00-00 00:00:00'),
(139, 'Csound', 1, '0000-00-00 00:00:00', '0000-00-00 00:00:00'),
(140, 'Curl', 1, '0000-00-00 00:00:00', '0000-00-00 00:00:00'),
(141, 'Curry', 1, '0000-00-00 00:00:00', '0000-00-00 00:00:00'),
(142, 'Cyclone', 1, '0000-00-00 00:00:00', '0000-00-00 00:00:00'),
(143, 'Cython', 1, '0000-00-00 00:00:00', '0000-00-00 00:00:00'),
(144, 'D', 1, '0000-00-00 00:00:00', '0000-00-00 00:00:00'),
(145, 'DASL (Datapoint\'s Advanced Systems Language)', 1, '0000-00-00 00:00:00', '0000-00-00 00:00:00'),
(146, 'DASL (Distributed Application Specification Langua', 1, '0000-00-00 00:00:00', '0000-00-00 00:00:00'),
(147, 'Dart', 1, '0000-00-00 00:00:00', '0000-00-00 00:00:00'),
(148, 'DataFlex', 1, '0000-00-00 00:00:00', '0000-00-00 00:00:00'),
(149, 'Datalog', 1, '0000-00-00 00:00:00', '0000-00-00 00:00:00'),
(150, 'DATATRIEVE', 1, '0000-00-00 00:00:00', '0000-00-00 00:00:00'),
(151, 'dBase', 1, '0000-00-00 00:00:00', '0000-00-00 00:00:00'),
(152, 'dc', 1, '0000-00-00 00:00:00', '0000-00-00 00:00:00'),
(153, 'DCL', 1, '0000-00-00 00:00:00', '0000-00-00 00:00:00'),
(154, 'Deesel (formerly G)', 1, '0000-00-00 00:00:00', '0000-00-00 00:00:00'),
(155, 'Delphi', 1, '0000-00-00 00:00:00', '0000-00-00 00:00:00'),
(156, 'DinkC', 1, '0000-00-00 00:00:00', '0000-00-00 00:00:00'),
(157, 'DIBOL', 1, '0000-00-00 00:00:00', '0000-00-00 00:00:00'),
(158, 'DL/I', 1, '0000-00-00 00:00:00', '0000-00-00 00:00:00'),
(159, 'Draco', 1, '0000-00-00 00:00:00', '0000-00-00 00:00:00'),
(160, 'Dylan', 1, '0000-00-00 00:00:00', '0000-00-00 00:00:00'),
(161, 'DYNAMO', 1, '0000-00-00 00:00:00', '0000-00-00 00:00:00'),
(162, 'E', 1, '0000-00-00 00:00:00', '0000-00-00 00:00:00'),
(163, 'E#', 1, '0000-00-00 00:00:00', '0000-00-00 00:00:00'),
(164, 'Ease', 1, '0000-00-00 00:00:00', '0000-00-00 00:00:00'),
(165, 'EASY', 1, '0000-00-00 00:00:00', '0000-00-00 00:00:00'),
(166, 'Easy PL/I', 1, '0000-00-00 00:00:00', '0000-00-00 00:00:00'),
(167, 'EASYTRIEVE PLUS', 1, '0000-00-00 00:00:00', '0000-00-00 00:00:00'),
(168, 'ECMAScript', 1, '0000-00-00 00:00:00', '0000-00-00 00:00:00'),
(169, 'Edinburgh IMP', 1, '0000-00-00 00:00:00', '0000-00-00 00:00:00'),
(170, 'EGL', 1, '0000-00-00 00:00:00', '0000-00-00 00:00:00'),
(171, 'Eiffel', 1, '0000-00-00 00:00:00', '0000-00-00 00:00:00'),
(172, 'ELAN', 1, '0000-00-00 00:00:00', '0000-00-00 00:00:00'),
(173, 'Emacs Lisp', 1, '0000-00-00 00:00:00', '0000-00-00 00:00:00'),
(174, 'Emerald', 1, '0000-00-00 00:00:00', '0000-00-00 00:00:00'),
(175, 'Epigram', 1, '0000-00-00 00:00:00', '0000-00-00 00:00:00'),
(176, 'Erlang', 1, '0000-00-00 00:00:00', '0000-00-00 00:00:00'),
(177, 'Escapade', 1, '0000-00-00 00:00:00', '0000-00-00 00:00:00'),
(178, 'Escher', 1, '0000-00-00 00:00:00', '0000-00-00 00:00:00'),
(179, 'ESPOL', 1, '0000-00-00 00:00:00', '0000-00-00 00:00:00'),
(180, 'Esterel', 1, '0000-00-00 00:00:00', '0000-00-00 00:00:00'),
(181, 'Etoys', 1, '0000-00-00 00:00:00', '0000-00-00 00:00:00'),
(182, 'Euclid', 1, '0000-00-00 00:00:00', '0000-00-00 00:00:00'),
(183, 'Euler', 1, '0000-00-00 00:00:00', '0000-00-00 00:00:00'),
(184, 'Euphoria', 1, '0000-00-00 00:00:00', '0000-00-00 00:00:00'),
(185, 'EusLisp Robot Programming Language', 1, '0000-00-00 00:00:00', '0000-00-00 00:00:00'),
(186, 'CMS EXEC', 1, '0000-00-00 00:00:00', '0000-00-00 00:00:00'),
(187, 'EXEC 2', 1, '0000-00-00 00:00:00', '0000-00-00 00:00:00'),
(188, 'F', 1, '0000-00-00 00:00:00', '0000-00-00 00:00:00'),
(189, 'F#', 1, '0000-00-00 00:00:00', '0000-00-00 00:00:00'),
(190, 'Factor', 1, '0000-00-00 00:00:00', '0000-00-00 00:00:00'),
(191, 'Falcon', 1, '0000-00-00 00:00:00', '0000-00-00 00:00:00'),
(192, 'Fancy', 1, '0000-00-00 00:00:00', '0000-00-00 00:00:00'),
(193, 'Fantom', 1, '0000-00-00 00:00:00', '0000-00-00 00:00:00'),
(194, 'FAUST', 1, '0000-00-00 00:00:00', '0000-00-00 00:00:00'),
(195, 'Felix', 1, '0000-00-00 00:00:00', '0000-00-00 00:00:00'),
(196, 'Ferite', 1, '0000-00-00 00:00:00', '0000-00-00 00:00:00'),
(197, 'FFP', 1, '0000-00-00 00:00:00', '0000-00-00 00:00:00'),
(198, 'Fjölnir', 1, '0000-00-00 00:00:00', '0000-00-00 00:00:00'),
(199, 'FL', 1, '0000-00-00 00:00:00', '0000-00-00 00:00:00'),
(200, 'Flavors', 1, '0000-00-00 00:00:00', '0000-00-00 00:00:00'),
(201, 'Flex', 1, '0000-00-00 00:00:00', '0000-00-00 00:00:00'),
(202, 'FLOW-MATIC', 1, '0000-00-00 00:00:00', '0000-00-00 00:00:00'),
(203, 'FOCAL', 1, '0000-00-00 00:00:00', '0000-00-00 00:00:00'),
(204, 'FOCUS', 1, '0000-00-00 00:00:00', '0000-00-00 00:00:00'),
(205, 'FOIL', 1, '0000-00-00 00:00:00', '0000-00-00 00:00:00'),
(206, 'FORMAC', 1, '0000-00-00 00:00:00', '0000-00-00 00:00:00'),
(207, '@Formula', 1, '0000-00-00 00:00:00', '0000-00-00 00:00:00'),
(208, 'Forth', 1, '0000-00-00 00:00:00', '0000-00-00 00:00:00'),
(209, 'Fortran - ISO/IEC 1539', 1, '0000-00-00 00:00:00', '0000-00-00 00:00:00'),
(210, 'Fortress', 1, '0000-00-00 00:00:00', '0000-00-00 00:00:00'),
(211, 'FoxBase', 1, '0000-00-00 00:00:00', '0000-00-00 00:00:00'),
(212, 'FoxPro', 1, '0000-00-00 00:00:00', '0000-00-00 00:00:00'),
(213, 'FP', 1, '0000-00-00 00:00:00', '0000-00-00 00:00:00'),
(214, 'FPr', 1, '0000-00-00 00:00:00', '0000-00-00 00:00:00'),
(215, 'Franz Lisp', 1, '0000-00-00 00:00:00', '0000-00-00 00:00:00'),
(216, 'Frink', 1, '0000-00-00 00:00:00', '0000-00-00 00:00:00'),
(217, 'F-Script', 1, '0000-00-00 00:00:00', '0000-00-00 00:00:00'),
(218, 'FSProg', 1, '0000-00-00 00:00:00', '0000-00-00 00:00:00'),
(219, 'Fuxi', 1, '0000-00-00 00:00:00', '0000-00-00 00:00:00'),
(220, 'G', 1, '0000-00-00 00:00:00', '0000-00-00 00:00:00'),
(221, 'Game Maker Language', 1, '0000-00-00 00:00:00', '0000-00-00 00:00:00'),
(222, 'GameMonkey Script', 1, '0000-00-00 00:00:00', '0000-00-00 00:00:00'),
(223, 'GAMS', 1, '0000-00-00 00:00:00', '0000-00-00 00:00:00'),
(224, 'GAP', 1, '0000-00-00 00:00:00', '0000-00-00 00:00:00'),
(225, 'G-code', 1, '0000-00-00 00:00:00', '0000-00-00 00:00:00'),
(226, 'Genie', 1, '0000-00-00 00:00:00', '0000-00-00 00:00:00'),
(227, 'GDL', 1, '0000-00-00 00:00:00', '0000-00-00 00:00:00'),
(228, 'Gibiane', 1, '0000-00-00 00:00:00', '0000-00-00 00:00:00'),
(229, 'GJ', 1, '0000-00-00 00:00:00', '0000-00-00 00:00:00'),
(230, 'GLSL', 1, '0000-00-00 00:00:00', '0000-00-00 00:00:00'),
(231, 'GNU E', 1, '0000-00-00 00:00:00', '0000-00-00 00:00:00'),
(232, 'GM', 1, '0000-00-00 00:00:00', '0000-00-00 00:00:00'),
(233, 'Go', 1, '0000-00-00 00:00:00', '0000-00-00 00:00:00'),
(234, 'Go!', 1, '0000-00-00 00:00:00', '0000-00-00 00:00:00'),
(235, 'GOAL', 1, '0000-00-00 00:00:00', '0000-00-00 00:00:00'),
(236, 'Gödel', 1, '0000-00-00 00:00:00', '0000-00-00 00:00:00'),
(237, 'Godiva', 1, '0000-00-00 00:00:00', '0000-00-00 00:00:00'),
(238, 'GOM (Good Old Mad)', 1, '0000-00-00 00:00:00', '0000-00-00 00:00:00'),
(239, 'Goo', 1, '0000-00-00 00:00:00', '0000-00-00 00:00:00'),
(240, 'GOTRAN', 1, '0000-00-00 00:00:00', '0000-00-00 00:00:00'),
(241, 'GPSS', 1, '0000-00-00 00:00:00', '0000-00-00 00:00:00'),
(242, 'GraphTalk', 1, '0000-00-00 00:00:00', '0000-00-00 00:00:00'),
(243, 'GRASS', 1, '0000-00-00 00:00:00', '0000-00-00 00:00:00'),
(244, 'Groovy', 1, '0000-00-00 00:00:00', '0000-00-00 00:00:00'),
(245, 'HAL/S', 1, '0000-00-00 00:00:00', '0000-00-00 00:00:00'),
(246, 'Hamilton C shell', 1, '0000-00-00 00:00:00', '0000-00-00 00:00:00'),
(247, 'Harbour', 1, '0000-00-00 00:00:00', '0000-00-00 00:00:00'),
(248, 'Haskell', 1, '0000-00-00 00:00:00', '0000-00-00 00:00:00'),
(249, 'HaXe', 1, '0000-00-00 00:00:00', '0000-00-00 00:00:00'),
(250, 'High Level Assembly', 1, '0000-00-00 00:00:00', '0000-00-00 00:00:00'),
(251, 'HLSL', 1, '0000-00-00 00:00:00', '0000-00-00 00:00:00'),
(252, 'Hop', 1, '0000-00-00 00:00:00', '0000-00-00 00:00:00'),
(253, 'Hope', 1, '0000-00-00 00:00:00', '0000-00-00 00:00:00'),
(254, 'Hugo', 1, '0000-00-00 00:00:00', '0000-00-00 00:00:00'),
(255, 'Hume', 1, '0000-00-00 00:00:00', '0000-00-00 00:00:00'),
(256, 'HyperTalk', 1, '0000-00-00 00:00:00', '0000-00-00 00:00:00'),
(257, 'IBM Basic assembly language', 1, '0000-00-00 00:00:00', '0000-00-00 00:00:00'),
(258, 'IBM HAScript', 1, '0000-00-00 00:00:00', '0000-00-00 00:00:00'),
(259, 'IBM Informix-4GL', 1, '0000-00-00 00:00:00', '0000-00-00 00:00:00'),
(260, 'IBM RPG', 1, '0000-00-00 00:00:00', '0000-00-00 00:00:00'),
(261, 'ICI', 1, '0000-00-00 00:00:00', '0000-00-00 00:00:00'),
(262, 'Icon', 1, '0000-00-00 00:00:00', '0000-00-00 00:00:00'),
(263, 'Id', 1, '0000-00-00 00:00:00', '0000-00-00 00:00:00'),
(264, 'IDL', 1, '0000-00-00 00:00:00', '0000-00-00 00:00:00'),
(265, 'IMP', 1, '0000-00-00 00:00:00', '0000-00-00 00:00:00'),
(266, 'Inform', 1, '0000-00-00 00:00:00', '0000-00-00 00:00:00'),
(267, 'Io', 1, '0000-00-00 00:00:00', '0000-00-00 00:00:00'),
(268, 'Ioke', 1, '0000-00-00 00:00:00', '0000-00-00 00:00:00'),
(269, 'IPL', 1, '0000-00-00 00:00:00', '0000-00-00 00:00:00'),
(270, 'IPTSCRAE', 1, '0000-00-00 00:00:00', '0000-00-00 00:00:00'),
(271, 'ISLISP', 1, '0000-00-00 00:00:00', '0000-00-00 00:00:00'),
(272, 'ISPF', 1, '0000-00-00 00:00:00', '0000-00-00 00:00:00'),
(273, 'ISWIM', 1, '0000-00-00 00:00:00', '0000-00-00 00:00:00'),
(274, 'J', 1, '0000-00-00 00:00:00', '0000-00-00 00:00:00'),
(275, 'J#', 1, '0000-00-00 00:00:00', '0000-00-00 00:00:00'),
(276, 'J++', 1, '0000-00-00 00:00:00', '0000-00-00 00:00:00'),
(277, 'JADE', 1, '0000-00-00 00:00:00', '0000-00-00 00:00:00'),
(278, 'Jako', 1, '0000-00-00 00:00:00', '0000-00-00 00:00:00'),
(279, 'JAL', 1, '0000-00-00 00:00:00', '0000-00-00 00:00:00'),
(280, 'Janus', 1, '0000-00-00 00:00:00', '0000-00-00 00:00:00'),
(281, 'JASS', 1, '0000-00-00 00:00:00', '0000-00-00 00:00:00'),
(282, 'Java', 1, '0000-00-00 00:00:00', '0000-00-00 00:00:00'),
(283, 'JavaScript', 1, '0000-00-00 00:00:00', '0000-00-00 00:00:00'),
(284, 'JCL', 1, '0000-00-00 00:00:00', '0000-00-00 00:00:00'),
(285, 'JEAN', 1, '0000-00-00 00:00:00', '0000-00-00 00:00:00'),
(286, 'Join Java', 1, '0000-00-00 00:00:00', '0000-00-00 00:00:00'),
(287, 'JOSS', 1, '0000-00-00 00:00:00', '0000-00-00 00:00:00'),
(288, 'Joule', 1, '0000-00-00 00:00:00', '0000-00-00 00:00:00'),
(289, 'JOVIAL', 1, '0000-00-00 00:00:00', '0000-00-00 00:00:00'),
(290, 'Joy', 1, '0000-00-00 00:00:00', '0000-00-00 00:00:00'),
(291, 'Julia', 1, '0000-00-00 00:00:00', '0000-00-00 00:00:00'),
(292, 'JScript', 1, '0000-00-00 00:00:00', '0000-00-00 00:00:00'),
(293, 'JavaFX Script', 1, '0000-00-00 00:00:00', '0000-00-00 00:00:00'),
(294, 'K', 1, '0000-00-00 00:00:00', '0000-00-00 00:00:00'),
(295, 'Kaleidoscope', 1, '0000-00-00 00:00:00', '0000-00-00 00:00:00'),
(296, 'Karel', 1, '0000-00-00 00:00:00', '0000-00-00 00:00:00'),
(297, 'Karel++', 1, '0000-00-00 00:00:00', '0000-00-00 00:00:00'),
(298, 'Kaya', 1, '0000-00-00 00:00:00', '0000-00-00 00:00:00'),
(299, 'KEE', 1, '0000-00-00 00:00:00', '0000-00-00 00:00:00'),
(300, 'KIF', 1, '0000-00-00 00:00:00', '0000-00-00 00:00:00'),
(301, 'KRC', 1, '0000-00-00 00:00:00', '0000-00-00 00:00:00'),
(302, 'KRL', 1, '0000-00-00 00:00:00', '0000-00-00 00:00:00'),
(303, 'KRL (KUKA Robot Language)', 1, '0000-00-00 00:00:00', '0000-00-00 00:00:00'),
(304, 'KRYPTON', 1, '0000-00-00 00:00:00', '0000-00-00 00:00:00'),
(305, 'ksh', 1, '0000-00-00 00:00:00', '0000-00-00 00:00:00'),
(306, 'L', 1, '0000-00-00 00:00:00', '0000-00-00 00:00:00'),
(307, 'L# .NET', 1, '0000-00-00 00:00:00', '0000-00-00 00:00:00'),
(308, 'LabVIEW', 1, '0000-00-00 00:00:00', '0000-00-00 00:00:00'),
(309, 'Ladder', 1, '0000-00-00 00:00:00', '0000-00-00 00:00:00'),
(310, 'Lagoona', 1, '0000-00-00 00:00:00', '0000-00-00 00:00:00'),
(311, 'LANSA', 1, '0000-00-00 00:00:00', '0000-00-00 00:00:00'),
(312, 'Lasso', 1, '0000-00-00 00:00:00', '0000-00-00 00:00:00'),
(313, 'LaTeX', 1, '0000-00-00 00:00:00', '0000-00-00 00:00:00'),
(314, 'Lava', 1, '0000-00-00 00:00:00', '0000-00-00 00:00:00'),
(315, 'LC-3', 1, '0000-00-00 00:00:00', '0000-00-00 00:00:00'),
(316, 'Leadwerks Script', 1, '0000-00-00 00:00:00', '0000-00-00 00:00:00'),
(317, 'Leda', 1, '0000-00-00 00:00:00', '0000-00-00 00:00:00'),
(318, 'Legoscript', 1, '0000-00-00 00:00:00', '0000-00-00 00:00:00'),
(319, 'LIL', 1, '0000-00-00 00:00:00', '0000-00-00 00:00:00'),
(320, 'LilyPond', 1, '0000-00-00 00:00:00', '0000-00-00 00:00:00'),
(321, 'Limbo', 1, '0000-00-00 00:00:00', '0000-00-00 00:00:00'),
(322, 'Limnor', 1, '0000-00-00 00:00:00', '0000-00-00 00:00:00'),
(323, 'LINC', 1, '0000-00-00 00:00:00', '0000-00-00 00:00:00'),
(324, 'Lingo', 1, '0000-00-00 00:00:00', '0000-00-00 00:00:00'),
(325, 'Linoleum', 1, '0000-00-00 00:00:00', '0000-00-00 00:00:00'),
(326, 'LIS', 1, '0000-00-00 00:00:00', '0000-00-00 00:00:00'),
(327, 'LISA', 1, '0000-00-00 00:00:00', '0000-00-00 00:00:00'),
(328, 'Lisaac', 1, '0000-00-00 00:00:00', '0000-00-00 00:00:00'),
(329, 'Lisp - ISO/IEC 13816', 1, '0000-00-00 00:00:00', '0000-00-00 00:00:00'),
(330, 'Lite-C Lite-c', 1, '0000-00-00 00:00:00', '0000-00-00 00:00:00'),
(331, 'Lithe', 1, '0000-00-00 00:00:00', '0000-00-00 00:00:00'),
(332, 'Little b', 1, '0000-00-00 00:00:00', '0000-00-00 00:00:00'),
(333, 'Logo', 1, '0000-00-00 00:00:00', '0000-00-00 00:00:00'),
(334, 'Logtalk', 1, '0000-00-00 00:00:00', '0000-00-00 00:00:00'),
(335, 'LPC', 1, '0000-00-00 00:00:00', '0000-00-00 00:00:00'),
(336, 'LSE', 1, '0000-00-00 00:00:00', '0000-00-00 00:00:00'),
(337, 'LSL', 1, '0000-00-00 00:00:00', '0000-00-00 00:00:00'),
(338, 'LiveCode', 1, '0000-00-00 00:00:00', '0000-00-00 00:00:00'),
(339, 'Lua', 1, '0000-00-00 00:00:00', '0000-00-00 00:00:00'),
(340, 'Lucid', 1, '0000-00-00 00:00:00', '0000-00-00 00:00:00'),
(341, 'Lustre', 1, '0000-00-00 00:00:00', '0000-00-00 00:00:00'),
(342, 'LYaPAS', 1, '0000-00-00 00:00:00', '0000-00-00 00:00:00'),
(343, 'Lynx', 1, '0000-00-00 00:00:00', '0000-00-00 00:00:00'),
(344, 'M', 1, '0000-00-00 00:00:00', '0000-00-00 00:00:00'),
(345, 'M2001', 1, '0000-00-00 00:00:00', '0000-00-00 00:00:00'),
(346, 'M4', 1, '0000-00-00 00:00:00', '0000-00-00 00:00:00'),
(347, 'Machine code', 1, '0000-00-00 00:00:00', '0000-00-00 00:00:00'),
(348, 'MAD (Michigan Algorithm Decoder)', 1, '0000-00-00 00:00:00', '0000-00-00 00:00:00'),
(349, 'MAD/I', 1, '0000-00-00 00:00:00', '0000-00-00 00:00:00'),
(350, 'Magik', 1, '0000-00-00 00:00:00', '0000-00-00 00:00:00'),
(351, 'Magma', 1, '0000-00-00 00:00:00', '0000-00-00 00:00:00'),
(352, 'make', 1, '0000-00-00 00:00:00', '0000-00-00 00:00:00'),
(353, 'Maple', 1, '0000-00-00 00:00:00', '0000-00-00 00:00:00'),
(354, 'MAPPER (Unisys/Sperry) now part of BIS', 1, '0000-00-00 00:00:00', '0000-00-00 00:00:00'),
(355, 'MARK-IV (Sterling/Informatics) now VISION:BUILDER ', 1, '0000-00-00 00:00:00', '0000-00-00 00:00:00'),
(356, 'Mary', 1, '0000-00-00 00:00:00', '0000-00-00 00:00:00'),
(357, 'MASM Microsoft Assembly x86', 1, '0000-00-00 00:00:00', '0000-00-00 00:00:00'),
(358, 'Mathematica', 1, '0000-00-00 00:00:00', '0000-00-00 00:00:00'),
(359, 'MATLAB', 1, '0000-00-00 00:00:00', '0000-00-00 00:00:00'),
(360, 'Maxima (see also Macsyma)', 1, '0000-00-00 00:00:00', '0000-00-00 00:00:00'),
(361, 'Max (Max Msp - Graphical Programming Environment)', 1, '0000-00-00 00:00:00', '0000-00-00 00:00:00'),
(362, 'MaxScript internal language 3D Studio Max', 1, '0000-00-00 00:00:00', '0000-00-00 00:00:00'),
(363, 'Maya (MEL)', 1, '0000-00-00 00:00:00', '0000-00-00 00:00:00'),
(364, 'MDL', 1, '0000-00-00 00:00:00', '0000-00-00 00:00:00'),
(365, 'Mercury', 1, '0000-00-00 00:00:00', '0000-00-00 00:00:00'),
(366, 'Mesa', 1, '0000-00-00 00:00:00', '0000-00-00 00:00:00'),
(367, 'Metacard', 1, '0000-00-00 00:00:00', '0000-00-00 00:00:00'),
(368, 'Metafont', 1, '0000-00-00 00:00:00', '0000-00-00 00:00:00'),
(369, 'MetaL', 1, '0000-00-00 00:00:00', '0000-00-00 00:00:00'),
(370, 'Microcode', 1, '0000-00-00 00:00:00', '0000-00-00 00:00:00'),
(371, 'MicroScript', 1, '0000-00-00 00:00:00', '0000-00-00 00:00:00'),
(372, 'MIIS', 1, '0000-00-00 00:00:00', '0000-00-00 00:00:00'),
(373, 'MillScript', 1, '0000-00-00 00:00:00', '0000-00-00 00:00:00'),
(374, 'MIMIC', 1, '0000-00-00 00:00:00', '0000-00-00 00:00:00'),
(375, 'Mirah', 1, '0000-00-00 00:00:00', '0000-00-00 00:00:00'),
(376, 'Miranda', 1, '0000-00-00 00:00:00', '0000-00-00 00:00:00'),
(377, 'MIVA Script', 1, '0000-00-00 00:00:00', '0000-00-00 00:00:00'),
(378, 'ML', 1, '0000-00-00 00:00:00', '0000-00-00 00:00:00'),
(379, 'Moby', 1, '0000-00-00 00:00:00', '0000-00-00 00:00:00'),
(380, 'Model 204', 1, '0000-00-00 00:00:00', '0000-00-00 00:00:00'),
(381, 'Modelica', 1, '0000-00-00 00:00:00', '0000-00-00 00:00:00'),
(382, 'Modula', 1, '0000-00-00 00:00:00', '0000-00-00 00:00:00'),
(383, 'Modula-2', 1, '0000-00-00 00:00:00', '0000-00-00 00:00:00'),
(384, 'Modula-3', 1, '0000-00-00 00:00:00', '0000-00-00 00:00:00'),
(385, 'Mohol', 1, '0000-00-00 00:00:00', '0000-00-00 00:00:00'),
(386, 'MOO', 1, '0000-00-00 00:00:00', '0000-00-00 00:00:00'),
(387, 'Mortran', 1, '0000-00-00 00:00:00', '0000-00-00 00:00:00'),
(388, 'Mouse', 1, '0000-00-00 00:00:00', '0000-00-00 00:00:00'),
(389, 'MPD', 1, '0000-00-00 00:00:00', '0000-00-00 00:00:00'),
(390, 'MSIL - deprecated name for CIL', 1, '0000-00-00 00:00:00', '0000-00-00 00:00:00'),
(391, 'MSL', 1, '0000-00-00 00:00:00', '0000-00-00 00:00:00'),
(392, 'MUMPS', 1, '0000-00-00 00:00:00', '0000-00-00 00:00:00'),
(393, 'Napier88', 1, '0000-00-00 00:00:00', '0000-00-00 00:00:00'),
(394, 'NASM', 1, '0000-00-00 00:00:00', '0000-00-00 00:00:00'),
(395, 'NATURAL', 1, '0000-00-00 00:00:00', '0000-00-00 00:00:00'),
(396, 'Neko', 1, '0000-00-00 00:00:00', '0000-00-00 00:00:00'),
(397, 'Nemerle', 1, '0000-00-00 00:00:00', '0000-00-00 00:00:00'),
(398, 'NESL', 1, '0000-00-00 00:00:00', '0000-00-00 00:00:00'),
(399, 'Net.Data', 1, '0000-00-00 00:00:00', '0000-00-00 00:00:00'),
(400, 'NetLogo', 1, '0000-00-00 00:00:00', '0000-00-00 00:00:00'),
(401, 'NetRexx', 1, '0000-00-00 00:00:00', '0000-00-00 00:00:00'),
(402, 'NewLISP', 1, '0000-00-00 00:00:00', '0000-00-00 00:00:00'),
(403, 'NEWP', 1, '0000-00-00 00:00:00', '0000-00-00 00:00:00'),
(404, 'Newspeak', 1, '0000-00-00 00:00:00', '0000-00-00 00:00:00'),
(405, 'NewtonScript', 1, '0000-00-00 00:00:00', '0000-00-00 00:00:00'),
(406, 'NGL', 1, '0000-00-00 00:00:00', '0000-00-00 00:00:00'),
(407, 'Nial', 1, '0000-00-00 00:00:00', '0000-00-00 00:00:00'),
(408, 'Nice', 1, '0000-00-00 00:00:00', '0000-00-00 00:00:00'),
(409, 'Nickle', 1, '0000-00-00 00:00:00', '0000-00-00 00:00:00'),
(410, 'NPL', 1, '0000-00-00 00:00:00', '0000-00-00 00:00:00'),
(411, 'Not eXactly C (NXC)', 1, '0000-00-00 00:00:00', '0000-00-00 00:00:00'),
(412, 'Not Quite C (NQC)', 1, '0000-00-00 00:00:00', '0000-00-00 00:00:00'),
(413, 'Nu', 1, '0000-00-00 00:00:00', '0000-00-00 00:00:00'),
(414, 'NSIS', 1, '0000-00-00 00:00:00', '0000-00-00 00:00:00'),
(415, 'o:XML', 1, '0000-00-00 00:00:00', '0000-00-00 00:00:00'),
(416, 'Oak', 1, '0000-00-00 00:00:00', '0000-00-00 00:00:00'),
(417, 'Oberon', 1, '0000-00-00 00:00:00', '0000-00-00 00:00:00'),
(418, 'Obix', 1, '0000-00-00 00:00:00', '0000-00-00 00:00:00'),
(419, 'OBJ2', 1, '0000-00-00 00:00:00', '0000-00-00 00:00:00'),
(420, 'Object Lisp', 1, '0000-00-00 00:00:00', '0000-00-00 00:00:00'),
(421, 'ObjectLOGO', 1, '0000-00-00 00:00:00', '0000-00-00 00:00:00'),
(422, 'Object REXX', 1, '0000-00-00 00:00:00', '0000-00-00 00:00:00'),
(423, 'Object Pascal', 1, '0000-00-00 00:00:00', '0000-00-00 00:00:00'),
(424, 'Objective-C', 1, '0000-00-00 00:00:00', '0000-00-00 00:00:00'),
(425, 'Objective-J', 1, '0000-00-00 00:00:00', '0000-00-00 00:00:00'),
(426, 'Obliq', 1, '0000-00-00 00:00:00', '0000-00-00 00:00:00'),
(427, 'Obol', 1, '0000-00-00 00:00:00', '0000-00-00 00:00:00'),
(428, 'OCaml', 1, '0000-00-00 00:00:00', '0000-00-00 00:00:00'),
(429, 'occam', 1, '0000-00-00 00:00:00', '0000-00-00 00:00:00'),
(430, 'occam-?', 1, '0000-00-00 00:00:00', '0000-00-00 00:00:00'),
(431, 'Octave', 1, '0000-00-00 00:00:00', '0000-00-00 00:00:00'),
(432, 'OmniMark', 1, '0000-00-00 00:00:00', '0000-00-00 00:00:00'),
(433, 'Onyx', 1, '0000-00-00 00:00:00', '0000-00-00 00:00:00'),
(434, 'Opa', 1, '0000-00-00 00:00:00', '0000-00-00 00:00:00'),
(435, 'Opal', 1, '0000-00-00 00:00:00', '0000-00-00 00:00:00'),
(436, 'OpenEdge ABL', 1, '0000-00-00 00:00:00', '0000-00-00 00:00:00'),
(437, 'OPL', 1, '0000-00-00 00:00:00', '0000-00-00 00:00:00'),
(438, 'OPS5', 1, '0000-00-00 00:00:00', '0000-00-00 00:00:00'),
(439, 'OptimJ', 1, '0000-00-00 00:00:00', '0000-00-00 00:00:00'),
(440, 'Orc', 1, '0000-00-00 00:00:00', '0000-00-00 00:00:00'),
(441, 'ORCA/Modula-2', 1, '0000-00-00 00:00:00', '0000-00-00 00:00:00'),
(442, 'Oriel', 1, '0000-00-00 00:00:00', '0000-00-00 00:00:00'),
(443, 'Orwell', 1, '0000-00-00 00:00:00', '0000-00-00 00:00:00'),
(444, 'Oxygene', 1, '0000-00-00 00:00:00', '0000-00-00 00:00:00'),
(445, 'Oz', 1, '0000-00-00 00:00:00', '0000-00-00 00:00:00'),
(446, 'P#', 1, '0000-00-00 00:00:00', '0000-00-00 00:00:00'),
(447, 'PARI/GP', 1, '0000-00-00 00:00:00', '0000-00-00 00:00:00'),
(448, 'Pascal - ISO 7185', 1, '0000-00-00 00:00:00', '0000-00-00 00:00:00'),
(449, 'Pawn', 1, '0000-00-00 00:00:00', '0000-00-00 00:00:00'),
(450, 'PCASTL', 1, '0000-00-00 00:00:00', '0000-00-00 00:00:00'),
(451, 'PCF', 1, '0000-00-00 00:00:00', '0000-00-00 00:00:00'),
(452, 'PEARL', 1, '0000-00-00 00:00:00', '0000-00-00 00:00:00'),
(453, 'PeopleCode', 1, '0000-00-00 00:00:00', '0000-00-00 00:00:00'),
(454, 'Perl', 1, '0000-00-00 00:00:00', '0000-00-00 00:00:00'),
(455, 'PDL', 1, '0000-00-00 00:00:00', '0000-00-00 00:00:00'),
(456, 'PHP', 1, '0000-00-00 00:00:00', '0000-00-00 00:00:00'),
(457, 'Phrogram', 1, '0000-00-00 00:00:00', '0000-00-00 00:00:00'),
(458, 'Pico', 1, '0000-00-00 00:00:00', '0000-00-00 00:00:00'),
(459, 'Pict', 1, '0000-00-00 00:00:00', '0000-00-00 00:00:00'),
(460, 'Pike', 1, '0000-00-00 00:00:00', '0000-00-00 00:00:00'),
(461, 'PIKT', 1, '0000-00-00 00:00:00', '0000-00-00 00:00:00'),
(462, 'PILOT', 1, '0000-00-00 00:00:00', '0000-00-00 00:00:00'),
(463, 'Pizza', 1, '0000-00-00 00:00:00', '0000-00-00 00:00:00'),
(464, 'PL-11', 1, '0000-00-00 00:00:00', '0000-00-00 00:00:00'),
(465, 'PL/0', 1, '0000-00-00 00:00:00', '0000-00-00 00:00:00'),
(466, 'PL/B', 1, '0000-00-00 00:00:00', '0000-00-00 00:00:00'),
(467, 'PL/C', 1, '0000-00-00 00:00:00', '0000-00-00 00:00:00'),
(468, 'PL/I - ISO 6160', 1, '0000-00-00 00:00:00', '0000-00-00 00:00:00'),
(469, 'PL/M', 1, '0000-00-00 00:00:00', '0000-00-00 00:00:00'),
(470, 'PL/P', 1, '0000-00-00 00:00:00', '0000-00-00 00:00:00'),
(471, 'PL/SQL', 1, '0000-00-00 00:00:00', '0000-00-00 00:00:00'),
(472, 'PL360', 1, '0000-00-00 00:00:00', '0000-00-00 00:00:00'),
(473, 'PLANC', 1, '0000-00-00 00:00:00', '0000-00-00 00:00:00'),
(474, 'Plankalkül', 1, '0000-00-00 00:00:00', '0000-00-00 00:00:00'),
(475, 'PLEX', 1, '0000-00-00 00:00:00', '0000-00-00 00:00:00'),
(476, 'PLEXIL', 1, '0000-00-00 00:00:00', '0000-00-00 00:00:00'),
(477, 'Plus', 1, '0000-00-00 00:00:00', '0000-00-00 00:00:00'),
(478, 'POP-11', 1, '0000-00-00 00:00:00', '0000-00-00 00:00:00'),
(479, 'PostScript', 1, '0000-00-00 00:00:00', '0000-00-00 00:00:00'),
(480, 'PortablE', 1, '0000-00-00 00:00:00', '0000-00-00 00:00:00'),
(481, 'Powerhouse', 1, '0000-00-00 00:00:00', '0000-00-00 00:00:00'),
(482, 'PowerBuilder - 4GL GUI appl. generator from Sybase', 1, '0000-00-00 00:00:00', '0000-00-00 00:00:00'),
(483, 'PPL', 1, '0000-00-00 00:00:00', '0000-00-00 00:00:00'),
(484, 'Processing', 1, '0000-00-00 00:00:00', '0000-00-00 00:00:00'),
(485, 'Processing.js', 1, '0000-00-00 00:00:00', '0000-00-00 00:00:00'),
(486, 'Prograph', 1, '0000-00-00 00:00:00', '0000-00-00 00:00:00'),
(487, 'PROIV', 1, '0000-00-00 00:00:00', '0000-00-00 00:00:00'),
(488, 'Prolog', 1, '0000-00-00 00:00:00', '0000-00-00 00:00:00'),
(489, 'Visual Prolog', 1, '0000-00-00 00:00:00', '0000-00-00 00:00:00'),
(490, 'Promela', 1, '0000-00-00 00:00:00', '0000-00-00 00:00:00'),
(491, 'PROTEL', 1, '0000-00-00 00:00:00', '0000-00-00 00:00:00'),
(492, 'ProvideX', 1, '0000-00-00 00:00:00', '0000-00-00 00:00:00'),
(493, 'Pro*C', 1, '0000-00-00 00:00:00', '0000-00-00 00:00:00'),
(494, 'Pure', 1, '0000-00-00 00:00:00', '0000-00-00 00:00:00'),
(495, 'Python', 1, '0000-00-00 00:00:00', '0000-00-00 00:00:00'),
(496, 'Q (equational programming language)', 1, '0000-00-00 00:00:00', '0000-00-00 00:00:00'),
(497, 'Q (programming language from Kx Systems)', 1, '0000-00-00 00:00:00', '0000-00-00 00:00:00'),
(498, 'Qi', 1, '0000-00-00 00:00:00', '0000-00-00 00:00:00'),
(499, 'QtScript', 1, '0000-00-00 00:00:00', '0000-00-00 00:00:00'),
(500, 'QuakeC', 1, '0000-00-00 00:00:00', '0000-00-00 00:00:00'),
(501, 'QPL', 1, '0000-00-00 00:00:00', '0000-00-00 00:00:00'),
(502, 'R', 1, '0000-00-00 00:00:00', '0000-00-00 00:00:00'),
(503, 'R++', 1, '0000-00-00 00:00:00', '0000-00-00 00:00:00'),
(504, 'Racket', 1, '0000-00-00 00:00:00', '0000-00-00 00:00:00'),
(505, 'RAPID', 1, '0000-00-00 00:00:00', '0000-00-00 00:00:00'),
(506, 'Rapira', 1, '0000-00-00 00:00:00', '0000-00-00 00:00:00'),
(507, 'Ratfiv', 1, '0000-00-00 00:00:00', '0000-00-00 00:00:00'),
(508, 'Ratfor', 1, '0000-00-00 00:00:00', '0000-00-00 00:00:00'),
(509, 'rc', 1, '0000-00-00 00:00:00', '0000-00-00 00:00:00'),
(510, 'REBOL', 1, '0000-00-00 00:00:00', '0000-00-00 00:00:00'),
(511, 'Redcode', 1, '0000-00-00 00:00:00', '0000-00-00 00:00:00'),
(512, 'REFAL', 1, '0000-00-00 00:00:00', '0000-00-00 00:00:00'),
(513, 'Reia', 1, '0000-00-00 00:00:00', '0000-00-00 00:00:00'),
(514, 'Revolution', 1, '0000-00-00 00:00:00', '0000-00-00 00:00:00'),
(515, 'rex', 1, '0000-00-00 00:00:00', '0000-00-00 00:00:00'),
(516, 'REXX', 1, '0000-00-00 00:00:00', '0000-00-00 00:00:00'),
(517, 'Rlab', 1, '0000-00-00 00:00:00', '0000-00-00 00:00:00'),
(518, 'ROOP', 1, '0000-00-00 00:00:00', '0000-00-00 00:00:00'),
(519, 'RPG', 1, '0000-00-00 00:00:00', '0000-00-00 00:00:00'),
(520, 'RPL', 1, '0000-00-00 00:00:00', '0000-00-00 00:00:00'),
(521, 'RSL', 1, '0000-00-00 00:00:00', '0000-00-00 00:00:00'),
(522, 'RTL/2', 1, '0000-00-00 00:00:00', '0000-00-00 00:00:00'),
(523, 'Ruby', 1, '0000-00-00 00:00:00', '0000-00-00 00:00:00'),
(524, 'Rust', 1, '0000-00-00 00:00:00', '0000-00-00 00:00:00'),
(525, 'S', 1, '0000-00-00 00:00:00', '0000-00-00 00:00:00'),
(526, 'S2', 1, '0000-00-00 00:00:00', '0000-00-00 00:00:00'),
(527, 'S3', 1, '0000-00-00 00:00:00', '0000-00-00 00:00:00'),
(528, 'S-Lang', 1, '0000-00-00 00:00:00', '0000-00-00 00:00:00'),
(529, 'S-PLUS', 1, '0000-00-00 00:00:00', '0000-00-00 00:00:00'),
(530, 'SA-C', 1, '0000-00-00 00:00:00', '0000-00-00 00:00:00'),
(531, 'SabreTalk', 1, '0000-00-00 00:00:00', '0000-00-00 00:00:00'),
(532, 'SAIL', 1, '0000-00-00 00:00:00', '0000-00-00 00:00:00'),
(533, 'SALSA', 1, '0000-00-00 00:00:00', '0000-00-00 00:00:00'),
(534, 'SAM76', 1, '0000-00-00 00:00:00', '0000-00-00 00:00:00'),
(535, 'SAS', 1, '0000-00-00 00:00:00', '0000-00-00 00:00:00'),
(536, 'SASL', 1, '0000-00-00 00:00:00', '0000-00-00 00:00:00'),
(537, 'Sather', 1, '0000-00-00 00:00:00', '0000-00-00 00:00:00'),
(538, 'Sawzall', 1, '0000-00-00 00:00:00', '0000-00-00 00:00:00'),
(539, 'SBL', 1, '0000-00-00 00:00:00', '0000-00-00 00:00:00'),
(540, 'Scala', 1, '0000-00-00 00:00:00', '0000-00-00 00:00:00'),
(541, 'Scheme', 1, '0000-00-00 00:00:00', '0000-00-00 00:00:00'),
(542, 'Scilab', 1, '0000-00-00 00:00:00', '0000-00-00 00:00:00'),
(543, 'Scratch', 1, '0000-00-00 00:00:00', '0000-00-00 00:00:00'),
(544, 'Script.NET', 1, '0000-00-00 00:00:00', '0000-00-00 00:00:00'),
(545, 'Sed', 1, '0000-00-00 00:00:00', '0000-00-00 00:00:00'),
(546, 'Self', 1, '0000-00-00 00:00:00', '0000-00-00 00:00:00'),
(547, 'SenseTalk', 1, '0000-00-00 00:00:00', '0000-00-00 00:00:00'),
(548, 'SETL', 1, '0000-00-00 00:00:00', '0000-00-00 00:00:00'),
(549, 'Shift Script', 1, '0000-00-00 00:00:00', '0000-00-00 00:00:00'),
(550, 'SiMPLE', 1, '0000-00-00 00:00:00', '0000-00-00 00:00:00'),
(551, 'SIMPOL', 1, '0000-00-00 00:00:00', '0000-00-00 00:00:00'),
(552, 'SIMSCRIPT', 1, '0000-00-00 00:00:00', '0000-00-00 00:00:00'),
(553, 'Simula', 1, '0000-00-00 00:00:00', '0000-00-00 00:00:00'),
(554, 'Simulink', 1, '0000-00-00 00:00:00', '0000-00-00 00:00:00'),
(555, 'SISAL', 1, '0000-00-00 00:00:00', '0000-00-00 00:00:00'),
(556, 'SLIP', 1, '0000-00-00 00:00:00', '0000-00-00 00:00:00'),
(557, 'SMALL', 1, '0000-00-00 00:00:00', '0000-00-00 00:00:00'),
(558, 'Smalltalk', 1, '0000-00-00 00:00:00', '0000-00-00 00:00:00'),
(559, 'Small Basic', 1, '0000-00-00 00:00:00', '0000-00-00 00:00:00'),
(560, 'SML', 1, '0000-00-00 00:00:00', '0000-00-00 00:00:00'),
(561, 'SNOBOL(SPITBOL)', 1, '0000-00-00 00:00:00', '0000-00-00 00:00:00'),
(562, 'Snowball', 1, '0000-00-00 00:00:00', '0000-00-00 00:00:00'),
(563, 'SOL', 1, '0000-00-00 00:00:00', '0000-00-00 00:00:00'),
(564, 'Span', 1, '0000-00-00 00:00:00', '0000-00-00 00:00:00'),
(565, 'SPARK', 1, '0000-00-00 00:00:00', '0000-00-00 00:00:00'),
(566, 'SPIN', 1, '0000-00-00 00:00:00', '0000-00-00 00:00:00'),
(567, 'SP/k', 1, '0000-00-00 00:00:00', '0000-00-00 00:00:00'),
(568, 'SPS', 1, '0000-00-00 00:00:00', '0000-00-00 00:00:00'),
(569, 'Squeak', 1, '0000-00-00 00:00:00', '0000-00-00 00:00:00'),
(570, 'Squirrel', 1, '0000-00-00 00:00:00', '0000-00-00 00:00:00'),
(571, 'SR', 1, '0000-00-00 00:00:00', '0000-00-00 00:00:00'),
(572, 'S/SL', 1, '0000-00-00 00:00:00', '0000-00-00 00:00:00'),
(573, 'Strand', 1, '0000-00-00 00:00:00', '0000-00-00 00:00:00'),
(574, 'STATA', 1, '0000-00-00 00:00:00', '0000-00-00 00:00:00'),
(575, 'Stateflow', 1, '0000-00-00 00:00:00', '0000-00-00 00:00:00'),
(576, 'Subtext', 1, '0000-00-00 00:00:00', '0000-00-00 00:00:00'),
(577, 'Suneido', 1, '0000-00-00 00:00:00', '0000-00-00 00:00:00'),
(578, 'SuperCollider', 1, '0000-00-00 00:00:00', '0000-00-00 00:00:00'),
(579, 'SuperTalk', 1, '0000-00-00 00:00:00', '0000-00-00 00:00:00'),
(580, 'SYMPL', 1, '0000-00-00 00:00:00', '0000-00-00 00:00:00'),
(581, 'SyncCharts', 1, '0000-00-00 00:00:00', '0000-00-00 00:00:00'),
(582, 'SystemVerilog', 1, '0000-00-00 00:00:00', '0000-00-00 00:00:00'),
(583, 'T', 1, '0000-00-00 00:00:00', '0000-00-00 00:00:00'),
(584, 'TACL', 1, '0000-00-00 00:00:00', '0000-00-00 00:00:00'),
(585, 'TACPOL', 1, '0000-00-00 00:00:00', '0000-00-00 00:00:00'),
(586, 'TADS', 1, '0000-00-00 00:00:00', '0000-00-00 00:00:00'),
(587, 'TAL', 1, '0000-00-00 00:00:00', '0000-00-00 00:00:00'),
(588, 'Tcl', 1, '0000-00-00 00:00:00', '0000-00-00 00:00:00'),
(589, 'Tea', 1, '0000-00-00 00:00:00', '0000-00-00 00:00:00'),
(590, 'TECO', 1, '0000-00-00 00:00:00', '0000-00-00 00:00:00'),
(591, 'TELCOMP', 1, '0000-00-00 00:00:00', '0000-00-00 00:00:00'),
(592, 'TeX', 1, '0000-00-00 00:00:00', '0000-00-00 00:00:00'),
(593, 'TEX', 1, '0000-00-00 00:00:00', '0000-00-00 00:00:00'),
(594, 'TIE', 1, '0000-00-00 00:00:00', '0000-00-00 00:00:00'),
(595, 'Timber', 1, '0000-00-00 00:00:00', '0000-00-00 00:00:00'),
(596, 'TMG', 1, '0000-00-00 00:00:00', '0000-00-00 00:00:00'),
(597, 'Tom', 1, '0000-00-00 00:00:00', '0000-00-00 00:00:00'),
(598, 'TOM', 1, '0000-00-00 00:00:00', '0000-00-00 00:00:00'),
(599, 'Topspeed', 1, '0000-00-00 00:00:00', '0000-00-00 00:00:00'),
(600, 'TPU', 1, '0000-00-00 00:00:00', '0000-00-00 00:00:00'),
(601, 'Trac', 1, '0000-00-00 00:00:00', '0000-00-00 00:00:00'),
(602, 'T-SQL', 1, '0000-00-00 00:00:00', '0000-00-00 00:00:00'),
(603, 'TTCN', 1, '0000-00-00 00:00:00', '0000-00-00 00:00:00'),
(604, 'Turing', 1, '0000-00-00 00:00:00', '0000-00-00 00:00:00'),
(605, 'TUTOR', 1, '0000-00-00 00:00:00', '0000-00-00 00:00:00'),
(606, 'TXL', 1, '0000-00-00 00:00:00', '0000-00-00 00:00:00'),
(607, 'Ubercode', 1, '0000-00-00 00:00:00', '0000-00-00 00:00:00'),
(608, 'UCSD Pascal', 1, '0000-00-00 00:00:00', '0000-00-00 00:00:00'),
(609, 'Unicon', 1, '0000-00-00 00:00:00', '0000-00-00 00:00:00'),
(610, 'Uniface', 1, '0000-00-00 00:00:00', '0000-00-00 00:00:00'),
(611, 'UNITY', 1, '0000-00-00 00:00:00', '0000-00-00 00:00:00'),
(612, 'Unix shell', 1, '0000-00-00 00:00:00', '0000-00-00 00:00:00'),
(613, 'UnrealScript', 1, '0000-00-00 00:00:00', '0000-00-00 00:00:00'),
(614, 'Vala', 1, '0000-00-00 00:00:00', '0000-00-00 00:00:00'),
(615, 'VBA', 1, '0000-00-00 00:00:00', '0000-00-00 00:00:00'),
(616, 'VBScript', 1, '0000-00-00 00:00:00', '0000-00-00 00:00:00'),
(617, 'Verilog', 1, '0000-00-00 00:00:00', '0000-00-00 00:00:00'),
(618, 'VHDL', 1, '0000-00-00 00:00:00', '0000-00-00 00:00:00'),
(619, 'Visual Basic', 1, '0000-00-00 00:00:00', '0000-00-00 00:00:00'),
(620, 'Visual Basic .NET', 1, '0000-00-00 00:00:00', '0000-00-00 00:00:00'),
(621, 'Visual C#', 1, '0000-00-00 00:00:00', '0000-00-00 00:00:00'),
(622, 'Visual DataFlex', 1, '0000-00-00 00:00:00', '0000-00-00 00:00:00'),
(623, 'Visual DialogScript', 1, '0000-00-00 00:00:00', '0000-00-00 00:00:00'),
(624, 'Visual FoxPro', 1, '0000-00-00 00:00:00', '0000-00-00 00:00:00'),
(625, 'Visual J++', 1, '0000-00-00 00:00:00', '0000-00-00 00:00:00'),
(626, 'Visual J#', 1, '0000-00-00 00:00:00', '0000-00-00 00:00:00'),
(627, 'Visual Objects', 1, '0000-00-00 00:00:00', '0000-00-00 00:00:00'),
(628, 'VSXu', 1, '0000-00-00 00:00:00', '0000-00-00 00:00:00'),
(629, 'Vvvv', 1, '0000-00-00 00:00:00', '0000-00-00 00:00:00'),
(630, 'WATFIV, WATFOR', 1, '0000-00-00 00:00:00', '0000-00-00 00:00:00'),
(631, 'WebDNA', 1, '0000-00-00 00:00:00', '0000-00-00 00:00:00'),
(632, 'WebQL', 1, '0000-00-00 00:00:00', '0000-00-00 00:00:00'),
(633, 'Winbatch', 1, '0000-00-00 00:00:00', '0000-00-00 00:00:00'),
(634, 'X++', 1, '0000-00-00 00:00:00', '0000-00-00 00:00:00'),
(635, 'X10', 1, '0000-00-00 00:00:00', '0000-00-00 00:00:00'),
(636, 'XBL', 1, '0000-00-00 00:00:00', '0000-00-00 00:00:00'),
(637, 'XC (exploits XMOS architecture)', 1, '0000-00-00 00:00:00', '0000-00-00 00:00:00'),
(638, 'xHarbour', 1, '0000-00-00 00:00:00', '0000-00-00 00:00:00'),
(639, 'XL', 1, '0000-00-00 00:00:00', '0000-00-00 00:00:00'),
(640, 'XOTcl', 1, '0000-00-00 00:00:00', '0000-00-00 00:00:00'),
(641, 'XPL', 1, '0000-00-00 00:00:00', '0000-00-00 00:00:00'),
(642, 'XPL0', 1, '0000-00-00 00:00:00', '0000-00-00 00:00:00'),
(643, 'XQuery', 1, '0000-00-00 00:00:00', '0000-00-00 00:00:00'),
(644, 'XSB', 1, '0000-00-00 00:00:00', '0000-00-00 00:00:00'),
(645, 'XSLT - See XPath', 1, '0000-00-00 00:00:00', '0000-00-00 00:00:00'),
(646, 'Yorick', 1, '0000-00-00 00:00:00', '0000-00-00 00:00:00'),
(647, 'YQL', 1, '0000-00-00 00:00:00', '0000-00-00 00:00:00'),
(648, 'Yoix', 1, '0000-00-00 00:00:00', '0000-00-00 00:00:00'),
(649, 'Z notation', 1, '0000-00-00 00:00:00', '0000-00-00 00:00:00'),
(650, 'Zeno', 1, '0000-00-00 00:00:00', '0000-00-00 00:00:00'),
(651, 'ZOPL', 1, '0000-00-00 00:00:00', '0000-00-00 00:00:00'),
(652, 'ZPL', 1, '0000-00-00 00:00:00', '0000-00-00 00:00:00'),
(653, 'ZZT-oop', 1, '0000-00-00 00:00:00', '0000-00-00 00:00:00');

-- --------------------------------------------------------

--
-- Estructura de tabla para la tabla `programming_languages_user`
--

CREATE TABLE `programming_languages_user` (
  `id` int(10) UNSIGNED NOT NULL,
  `user_id` int(11) NOT NULL,
  `programming_languages_id` int(11) NOT NULL,
  `created_at` datetime NOT NULL,
  `updated_at` datetime NOT NULL
) ENGINE=InnoDB DEFAULT CHARSET=latin1;

-- --------------------------------------------------------

--
-- Estructura de tabla para la tabla `rbac_menus`
--

CREATE TABLE `rbac_menus` (
  `id` int(11) NOT NULL,
  `descripcion` varchar(100) CHARACTER SET latin1 NOT NULL,
  `url` varchar(255) CHARACTER SET latin1 DEFAULT NULL,
  `url_tipo` smallint(6) DEFAULT NULL,
  `categoria` varchar(20) CHARACTER SET latin1 DEFAULT NULL,
  `estatus` smallint(6) NOT NULL DEFAULT '1',
  `orden` smallint(6) NOT NULL,
  `icono` varchar(70) COLLATE utf8_spanish_ci DEFAULT NULL,
  `modulo` varchar(30) CHARACTER SET latin1 NOT NULL,
  `jerarquia` int(11) NOT NULL DEFAULT '0',
  `registro_fecha` date NOT NULL,
  `registro_hora` time DEFAULT NULL,
  `modificado_fecha` date NOT NULL,
  `modificado_hora` time DEFAULT NULL,
  `secuencia` smallint(6) NOT NULL DEFAULT '1'
) ENGINE=InnoDB DEFAULT CHARSET=utf8 COLLATE=utf8_spanish_ci;

--
-- Volcado de datos para la tabla `rbac_menus`
--

INSERT INTO `rbac_menus` (`id`, `descripcion`, `url`, `url_tipo`, `categoria`, `estatus`, `orden`, `icono`, `modulo`, `jerarquia`, `registro_fecha`, `registro_hora`, `modificado_fecha`, `modificado_hora`, `secuencia`) VALUES
(1, 'Raíz', 'site/index', 0, 'main', 1, 1, '<i class=\"fa fa-home\"></i>', 'home', 0, '2015-08-26', '12:00:00', '2015-08-26', '12:00:00', 1),
(2, 'Usuarios', 'roles/usuarios', 0, 'main', 1, 7, '<i class=\"fa fa-cog\"></i>', 'usuarios', 0, '2015-08-26', '12:00:00', '2015-08-26', '12:00:00', 1),
(6, 'Descargas & Utiltarios', 'filesmanage/Downloads/index', 0, 'main', 1, 6, '<i class=\"fa fa-files-o\"></i>', 'filesmanage', 0, '2015-08-26', '12:00:00', '2015-08-26', '12:00:00', 1),
(8, 'Mi Cuenta', 'micuenta', 0, 'main', 0, 6, NULL, 'usuarios', 0, '2015-08-26', '12:00:00', '2015-08-26', '12:00:00', 1),
(10, 'Roles', 'roles/roles', 0, 'main', 1, 2, '<i class=\"fa fa-unlock\"></i>', 'roles', 36, '2015-08-26', '12:00:00', '2015-08-26', '12:00:00', 1),
(19, 'Archivos Desarrollador', 'filesmanage/default/developers', 0, 'main', 0, 1, '<i class=\"fa fa-arrow-down\"></i>', 'filesmanage', 6, '2015-08-26', '12:00:00', '2015-08-26', '12:00:00', 1),
(32, 'Perfil', 'perfil', 0, 'main', 0, 8, NULL, 'perfil', 8, '2015-08-26', '12:00:00', '2015-08-26', '12:00:00', 1),
(33, 'Cambio de Contraseña', 'cambio', 0, 'main', 0, 8, NULL, 'perfil_cambio_clave', 8, '2015-08-26', '12:00:00', '2015-08-26', '12:00:00', 1),
(34, 'Cerrar Sesión', 'site/logout', 0, 'main', 1, 10, NULL, 'ccerrar_sesion', 0, '2015-08-26', '12:00:00', '2015-08-26', '12:00:00', 1),
(35, 'Casas de software integradas', 'softwarehouses/softwarehouses', 0, 'main', 1, 5, '<i class=\"fa fa-gears\"></i>', 'softwarehouses', 0, '2015-10-24', '12:00:00', '2015-10-24', '01:00:00', 1),
(36, 'Configuración', 'roles/menus', 0, 'main', 1, 8, '<i class=\"fa fa-reorder\"></i>', 'roles', 0, '2015-10-28', '16:27:16', '2015-10-28', '16:27:16', 1),
(37, 'Menu Items', 'roles/menus', 0, 'main', 1, 1, '<i class=\"fa   fa-sitemap\"></i>', 'roles', 36, '2015-10-28', '16:44:25', '2015-10-28', '16:44:25', 1),
(38, 'Menu Acciones', 'roles/menuOpciones', 0, 'main', 1, 3, '<i class=\"fa    fa-bolt\"></i>', 'roles', 36, '2015-10-29', '09:16:15', '2015-10-29', '09:16:15', 1),
(39, 'Rol Menu Acciones', 'roles/rolesOpciones', 0, 'main', 1, 4, '<i class=\"fa fa-edit\"></i>', 'roles', 36, '2015-10-29', '09:55:30', '2015-10-29', '09:55:30', 1),
(40, 'Rol Usuario Accion', 'roles/rolesOpcionesUsuarios', 0, 'main', 1, 5, '<i class=\"fa fa-user\"></i>', 'roles', 36, '2015-10-29', '10:13:35', '2015-10-29', '10:13:35', 1),
(41, 'Operaciones Fiscales', 'fiscalizacion/operations/create', 0, 'main', 1, 4, '<i class=\"fa fa-user\"></i>', 'operations', 0, '2015-10-29', '10:13:35', '2015-10-29', '10:13:35', 1),
(43, 'Maquinas', 'seriales/machines/index', 0, 'main', 1, 3, '<i class=\"fa fa-print\"></i>', 'seriales', 0, '2015-10-29', '10:13:35', '2015-10-29', '10:13:35', 1),
(44, 'Reportes', 'fiscalizacion/FicalizedMachines/index', 0, 'main', 1, 2, '<i class=\"fa fa-bar-chart\"></i>', 'reportes', 0, '2015-10-29', '10:13:35', '2015-10-29', '10:13:35', 1),
(45, 'Reportes Enajenaciones', 'fiscalizacion/FicalizedMachines', 0, 'main', 1, 1, '<i class=\"fa fa-unlock\"></i>', 'reporteEnajenacion', 44, '2015-08-26', '12:00:00', '2015-08-26', '12:00:00', 1),
(46, 'Reportes Distribuidores', 'reportes/Distribuidores', 0, 'main', 1, 2, '<i class=\"fa fa-file\"></i>', 'reporteDistribuidores', 44, '2015-08-26', '12:00:00', '2015-08-26', '12:00:00', 1),
(47, 'Reportes Técnicos', 'reportes/Tecnicos', 0, 'main', 1, 3, '<i class=\"fa fa-briefcase\"></i>', 'reporteTecnicos', 44, '2015-08-26', '12:00:00', '2015-08-26', '12:00:00', 1),
(48, 'Servicio Tecnico', 'servicioTecnico', 0, 'main', 1, 9, '<i class=\"glyphicon glyphicon-wrench\"></i>', 'serviciotecnico', 0, '2016-09-05', '04:22:00', '2016-09-04', '04:22:00', 1),
(49, 'Accesorios', 'servicioTecnico/accesorios', 0, 'main', 1, 2, '<i class=\"fa fa-puzzle-piece\"></i>', 'serviciotecnico', 48, '2016-09-05', '04:22:00', '2016-09-04', '04:22:00', 1),
(50, 'Estatus', 'servicioTecnico/estatus', 0, 'main', 1, 3, '<i class=\"fa fa-spinner\"></i>', 'serviciotecnico', 48, '2016-09-07', '13:51:11', '2016-09-07', '13:51:11', 1),
(51, 'Fallas', 'servicioTecnico/fallas', 0, 'main', 1, 4, '<i class=\"glyphicon glyphicon-warning-sign\"></i>', 'serviciotecnico', 48, '2016-09-07', '15:49:18', '2016-09-07', '15:49:18', 1),
(52, 'Modo Envio', 'servicioTecnico/ModoEnvio', 0, 'main', 0, 8, '<i class=\"fa fa-plane\"></i>', 'serviciotecnico', 48, '2016-09-14', '16:29:00', '2016-09-14', '16:29:00', 1),
(53, 'Orden de Servicio', 'servicioTecnico/OrdenServicio', 0, 'main', 1, 7, '<i class=\"fa fa-file-text-o\"></i>', 'serviciotecnico', 48, '2016-09-15', '14:45:00', '2016-09-15', '14:45:00', 1),
(54, 'Garantia', 'servicioTecnico/garantia', 0, 'main', 1, 6, '<i class=\"fa fa-certificate\" aria-hidden=\"true\"></i>', 'serviciotecnico', 48, '2016-09-07', '15:49:18', '2016-09-07', '15:49:18', 1),
(55, 'Repuestos', 'servicioTecnico/repuestos', 0, 'main', 1, 5, '<i class=\"fa fa-wrench\" aria-hidden=\"true\"></i>', 'serviciotecnico', 48, '2016-09-07', '15:49:18', '2016-09-07', '15:49:18', 1),
(56, 'Vendidas', 'seriales/machinesSold/index', 0, 'main', 1, 2, '<i class=\"fa fa-money\" aria-hidden=\"true\"></i>', 'seriales', 43, '2017-07-18', '02:00:00', '2017-07-18', '02:00:00', 1),
(57, 'Inventario', 'seriales/machines/index', 0, 'main', 1, 1, '<i class=\"fa fa-tasks\" aria-hidden=\"true\"></i>', 'seriales', 43, '2017-07-13', '07:45:03', '2017-07-13', '07:45:03', 1),
(58, 'inventario2', 'seriales/machines/index', 0, 'main', 1, 1, '<i class=\"fa fa-tasks\" aria-hidden=\"true\"></i>', '3', 434444667, '2017-08-07', '09:32:16', '2017-08-07', '09:32:16', 1);

-- --------------------------------------------------------

--
-- Estructura de tabla para la tabla `rbac_menu_opciones`
--

CREATE TABLE `rbac_menu_opciones` (
  `id` int(11) NOT NULL,
  `menu_id` int(11) NOT NULL,
  `descripcion` varchar(100) CHARACTER SET latin1 NOT NULL,
  `opcion` varchar(100) CHARACTER SET latin1 NOT NULL,
  `url` varchar(255) CHARACTER SET latin1 DEFAULT NULL,
  `url_tipo` smallint(6) DEFAULT NULL,
  `categoria` varchar(20) CHARACTER SET latin1 DEFAULT NULL,
  `estatus` smallint(6) NOT NULL DEFAULT '1',
  `orden` smallint(6) NOT NULL,
  `icono` varchar(50) CHARACTER SET latin1 DEFAULT NULL,
  `jerarquia` int(11) NOT NULL DEFAULT '0',
  `registro_fecha` date NOT NULL,
  `registro_hora` time DEFAULT NULL,
  `modificado_fecha` date NOT NULL,
  `modificado_hora` time DEFAULT NULL,
  `secuencia` smallint(6) NOT NULL DEFAULT '1'
) ENGINE=InnoDB DEFAULT CHARSET=utf8 COLLATE=utf8_spanish_ci;

--
-- Volcado de datos para la tabla `rbac_menu_opciones`
--

INSERT INTO `rbac_menu_opciones` (`id`, `menu_id`, `descripcion`, `opcion`, `url`, `url_tipo`, `categoria`, `estatus`, `orden`, `icono`, `jerarquia`, `registro_fecha`, `registro_hora`, `modificado_fecha`, `modificado_hora`, `secuencia`) VALUES
(1, 1, 'Inicio', 'index', NULL, NULL, 'main', 1, 1, NULL, 1, '2015-08-26', '12:00:00', '2015-08-26', '12:00:00', 1),
(2, 2, 'Administracion', 'index', NULL, NULL, 'main', 1, 1, NULL, 1, '2015-08-26', '12:00:00', '2015-08-26', '12:00:00', 1),
(6, 6, 'Archivos', 'index', NULL, NULL, 'main', 1, 1, NULL, 1, '2015-08-26', '12:00:00', '2015-08-26', '12:00:00', 1),
(8, 8, 'Mi Cuenta', 'index', NULL, NULL, 'main', 1, 1, NULL, 1, '2015-08-26', '12:00:00', '2015-08-26', '12:00:00', 1),
(10, 10, 'Roles', 'index', NULL, NULL, 'main', 1, 1, NULL, 1, '2015-08-26', '12:00:00', '2015-08-26', '12:00:00', 1),
(19, 19, 'Subir archivos', 'index', NULL, NULL, 'main', 1, 1, NULL, 1, '2015-08-26', '12:00:00', '2015-08-26', '12:00:00', 1),
(32, 32, 'Perfil', 'index', NULL, NULL, 'main', 1, 1, NULL, 1, '2015-08-26', '12:00:00', '2015-08-26', '12:00:00', 1),
(33, 33, 'Cambio de Contraseña', 'cambio_clave', NULL, NULL, 'main', 1, 1, NULL, 1, '2015-08-26', '12:00:00', '2015-08-26', '12:00:00', 1),
(34, 34, 'Cerrar Sesion', 'cerrar_sesion', NULL, NULL, 'main', 1, 1, NULL, 1, '2015-08-26', '12:00:00', '2015-08-26', '12:00:00', 1),
(35, 35, 'Software Houses', 'index', '', NULL, 'main', 1, 1, '', 1, '2015-10-24', '12:00:00', '2015-10-24', '12:00:00', 1),
(36, 36, 'Configuracion', 'index', '', NULL, 'main', 1, 1, '', 1, '2015-10-28', '16:30:03', '2015-10-28', '16:30:03', 1),
(37, 37, 'menu_items', 'index', 'roles/menus', NULL, 'main', 1, 1, '', 1, '2015-10-28', '16:30:03', '2015-10-28', '16:30:03', 1),
(38, 38, 'menu_acciones', 'index', 'roles/menuOpciones', NULL, 'main', 1, 2, '', 1, '2015-10-29', '09:19:36', '2015-10-29', '09:19:36', 1),
(39, 39, 'rol_menu_acciones', 'index', 'roles/rolesOpciones', NULL, 'main', 1, 3, '', 1, '2015-10-29', '09:56:58', '2015-10-29', '09:56:58', 1),
(40, 40, 'rol_usuario_accion', 'index', 'roles/rolesOpcionesUsuarios', NULL, 'main', 1, 4, '', 1, '2015-10-29', '10:15:14', '2015-10-29', '10:15:14', 1),
(41, 2, 'Registrar', 'create', NULL, NULL, 'main', 1, 1, NULL, 0, '2015-08-26', '12:00:00', '2015-08-26', '12:00:00', 1),
(42, 2, 'Editar', 'update', NULL, NULL, 'main', 1, 1, NULL, 0, '2015-08-26', '12:00:00', '2015-08-26', '12:00:00', 1),
(43, 2, 'Accesos', 'menu', NULL, NULL, 'main', 1, 1, NULL, 0, '2015-08-26', '12:00:00', '2015-08-26', '12:00:00', 1),
(44, 2, 'Eliminar', 'delete', NULL, NULL, 'main', 1, 1, NULL, 0, '2015-08-26', '12:00:00', '2015-08-26', '12:00:00', 1),
(45, 2, 'Detalle', 'view', NULL, NULL, 'main', 1, 1, NULL, 0, '2015-08-26', '12:00:00', '2015-08-26', '12:00:00', 1),
(46, 10, 'Registrar', 'create', NULL, NULL, 'main', 1, 1, NULL, 0, '2015-08-26', '12:00:00', '2015-08-26', '12:00:00', 1),
(47, 10, 'Editar', 'update', NULL, NULL, 'main', 1, 1, NULL, 0, '2015-08-26', '12:00:00', '2015-08-26', '12:00:00', 1),
(48, 10, 'Accesos', 'menu', NULL, NULL, 'main', 1, 1, NULL, 0, '2015-08-26', '12:00:00', '2015-08-26', '12:00:00', 1),
(49, 10, 'Eliminar', 'delete', NULL, NULL, 'main', 1, 1, NULL, 0, '2015-08-26', '12:00:00', '2015-08-26', '12:00:00', 1),
(50, 10, 'Detalle', 'view', NULL, NULL, 'main', 1, 1, NULL, 0, '2015-08-26', '12:00:00', '2015-08-26', '12:00:00', 1),
(51, 6, 'Registrar', 'create', NULL, NULL, 'main', 1, 1, NULL, 0, '2015-08-26', '12:00:00', '2015-08-26', '12:00:00', 1),
(52, 6, 'Editar', 'update', NULL, NULL, 'main', 1, 1, NULL, 0, '2015-08-26', '12:00:00', '2015-08-26', '12:00:00', 1),
(53, 6, 'Accesos', 'menu', NULL, NULL, 'main', 1, 1, NULL, 0, '2015-08-26', '12:00:00', '2015-08-26', '12:00:00', 1),
(54, 6, 'Eliminar', 'delete', NULL, NULL, 'main', 1, 1, NULL, 0, '2015-08-26', '12:00:00', '2015-08-26', '12:00:00', 1),
(55, 6, 'Detalle', 'view', NULL, NULL, 'main', 1, 1, NULL, 0, '2015-08-26', '12:00:00', '2015-08-26', '12:00:00', 1),
(56, 37, 'Registrar', 'create', NULL, NULL, 'main', 1, 1, NULL, 0, '2015-08-26', '12:00:00', '2015-08-26', '12:00:00', 1),
(57, 37, 'Editar', 'update', NULL, NULL, 'main', 1, 1, NULL, 0, '2015-08-26', '12:00:00', '2015-08-26', '12:00:00', 1),
(58, 37, 'Accesos', 'menu', NULL, NULL, 'main', 1, 1, NULL, 0, '2015-08-26', '12:00:00', '2015-08-26', '12:00:00', 1),
(59, 37, 'Eliminar', 'delete', NULL, NULL, 'main', 1, 1, NULL, 0, '2015-08-26', '12:00:00', '2015-08-26', '12:00:00', 1),
(60, 37, 'Detalle', 'view', NULL, NULL, 'main', 1, 1, NULL, 0, '2015-08-26', '12:00:00', '2015-08-26', '12:00:00', 1),
(61, 38, 'Registrar', 'create', NULL, NULL, 'main', 1, 1, NULL, 0, '2015-08-26', '12:00:00', '2015-08-26', '12:00:00', 1),
(62, 38, 'Editar', 'update', NULL, NULL, 'main', 1, 1, NULL, 0, '2015-08-26', '12:00:00', '2015-08-26', '12:00:00', 1),
(63, 38, 'Accesos', 'menu', NULL, NULL, 'main', 1, 1, NULL, 0, '2015-08-26', '12:00:00', '2015-08-26', '12:00:00', 1),
(64, 38, 'Eliminar', 'delete', NULL, NULL, 'main', 1, 1, NULL, 0, '2015-08-26', '12:00:00', '2015-08-26', '12:00:00', 1),
(65, 38, 'Detalle', 'view', NULL, NULL, 'main', 1, 1, NULL, 0, '2015-08-26', '12:00:00', '2015-08-26', '12:00:00', 1),
(66, 39, 'Registrar', 'create', NULL, NULL, 'main', 1, 1, NULL, 0, '2015-08-26', '12:00:00', '2015-08-26', '12:00:00', 1),
(67, 39, 'Editar', 'update', NULL, NULL, 'main', 1, 1, NULL, 0, '2015-08-26', '12:00:00', '2015-08-26', '12:00:00', 1),
(68, 39, 'Accesos', 'menu', NULL, NULL, 'main', 1, 1, NULL, 0, '2015-08-26', '12:00:00', '2015-08-26', '12:00:00', 1),
(69, 39, 'Eliminar', 'delete', NULL, NULL, 'main', 1, 1, NULL, 0, '2015-08-26', '12:00:00', '2015-08-26', '12:00:00', 1),
(70, 39, 'Detalle', 'view', NULL, NULL, 'main', 1, 1, NULL, 0, '2015-08-26', '12:00:00', '2015-08-26', '12:00:00', 1),
(71, 40, 'Registrar', 'create', NULL, NULL, 'main', 1, 1, NULL, 0, '2015-08-26', '12:00:00', '2015-08-26', '12:00:00', 1),
(72, 40, 'Editar', 'update', NULL, NULL, 'main', 1, 1, NULL, 0, '2015-08-26', '12:00:00', '2015-08-26', '12:00:00', 1),
(73, 40, 'Accesos', 'menu', NULL, NULL, 'main', 1, 1, NULL, 0, '2015-08-26', '12:00:00', '2015-08-26', '12:00:00', 1),
(74, 40, 'Eliminar', 'delete', NULL, NULL, 'main', 1, 1, NULL, 0, '2015-08-26', '12:00:00', '2015-08-26', '12:00:00', 1),
(75, 40, 'Detalle', 'view', NULL, NULL, 'main', 1, 1, NULL, 0, '2015-08-26', '12:00:00', '2015-08-26', '12:00:00', 1),
(76, 35, 'Registrar', 'create', NULL, NULL, 'main', 1, 1, NULL, 0, '2015-08-26', '12:00:00', '2015-08-26', '12:00:00', 1),
(77, 35, 'Editar', 'update', NULL, NULL, 'main', 1, 1, NULL, 0, '2015-08-26', '12:00:00', '2015-08-26', '12:00:00', 1),
(78, 35, 'Accesos', 'menu', NULL, NULL, 'main', 1, 1, NULL, 0, '2015-08-26', '12:00:00', '2015-08-26', '12:00:00', 1),
(79, 35, 'Eliminar', 'delete', NULL, NULL, 'main', 1, 1, NULL, 0, '2015-08-26', '12:00:00', '2015-08-26', '12:00:00', 1),
(80, 35, 'Detalle', 'view', NULL, NULL, 'main', 1, 1, NULL, 0, '2015-08-26', '12:00:00', '2015-08-26', '12:00:00', 1),
(86, 19, 'Registrar', 'create', NULL, NULL, 'main', 1, 1, NULL, 0, '2015-08-26', '12:00:00', '2015-08-26', '12:00:00', 1),
(87, 19, 'Editar', 'update', NULL, NULL, 'main', 1, 1, NULL, 0, '2015-08-26', '12:00:00', '2015-08-26', '12:00:00', 1),
(88, 19, 'Accesos', 'menu', NULL, NULL, 'main', 1, 1, NULL, 0, '2015-08-26', '12:00:00', '2015-08-26', '12:00:00', 1),
(89, 19, 'Eliminar', 'delete', NULL, NULL, 'main', 1, 1, NULL, 0, '2015-08-26', '12:00:00', '2015-08-26', '12:00:00', 1),
(90, 19, 'Detalle', 'view', NULL, NULL, 'main', 1, 1, NULL, 0, '2015-08-26', '12:00:00', '2015-08-26', '12:00:00', 1),
(91, 6, 'Subir Archivo', 'upload', NULL, NULL, 'main', 1, 1, NULL, 0, '2015-08-26', '12:00:00', '2015-08-26', '12:00:00', 1),
(92, 6, 'Descargar Archivo', 'download', NULL, NULL, 'main', 1, 1, NULL, 0, '2015-08-26', '12:00:00', '2015-08-26', '12:00:00', 1),
(93, 1, 'Icono Home', 'home', NULL, NULL, 'main', 1, 1, NULL, 0, '2015-08-26', '12:00:00', '2015-08-26', '12:00:00', 1),
(94, 1, 'Icono Usuario', 'usuario', NULL, NULL, 'main', 1, 1, NULL, 0, '2015-08-26', '12:00:00', '2015-08-26', '12:00:00', 1),
(95, 1, 'Archivos Utilitarios', 'archivos', NULL, NULL, 'main', 1, 1, NULL, 0, '2015-08-26', '12:00:00', '2015-08-26', '12:00:00', 1),
(96, 1, 'Archivos Utilitarios', 'utilitarios', NULL, NULL, 'main', 1, 1, NULL, 0, '2015-08-26', '12:00:00', '2015-08-26', '12:00:00', 1),
(97, 1, 'Archivos desarrollador', 'desarrolladores', NULL, NULL, 'main', 1, 1, NULL, 0, '2015-08-26', '12:00:00', '2015-08-26', '12:00:00', 1),
(98, 1, 'Configuracion', 'configuracion', NULL, NULL, 'main', 1, 1, NULL, 0, '2015-08-26', '12:00:00', '2015-08-26', '12:00:00', 1),
(99, 1, 'Casas Software', 'casasSoftware', NULL, NULL, 'main', 1, 1, NULL, 0, '2015-08-26', '12:00:00', '2015-08-26', '12:00:00', 1),
(100, 1, 'Administracion', 'administracion', NULL, NULL, 'main', 1, 1, NULL, 0, '2015-08-26', '12:00:00', '2015-08-26', '12:00:00', 1),
(101, 1, 'Roles', 'roles', NULL, NULL, 'main', 1, 1, NULL, 0, '2015-08-26', '12:00:00', '2015-08-26', '12:00:00', 1),
(102, 6, 'Estatus', 'estatus', NULL, NULL, 'main', 1, 1, NULL, 0, '2015-08-26', '12:00:00', '2015-08-26', '12:00:00', 1),
(117, 41, 'Operaciones Fiscales', 'index', NULL, NULL, 'main', 1, 1, NULL, 1, '2015-08-26', '12:00:00', '2015-08-26', '12:00:00', 1),
(119, 41, 'Registrar', 'create', NULL, NULL, 'main', 1, 1, NULL, 0, '2015-08-26', '12:00:00', '2015-08-26', '12:00:00', 1),
(120, 41, 'Editar', 'update', NULL, NULL, 'main', 1, 1, NULL, 0, '2015-08-26', '12:00:00', '2015-08-26', '12:00:00', 1),
(121, 41, 'Accesos', 'menu', NULL, NULL, 'main', 1, 1, NULL, 0, '2015-08-26', '12:00:00', '2015-08-26', '12:00:00', 1),
(122, 41, 'Eliminar', 'delete', NULL, NULL, 'main', 1, 1, NULL, 0, '2015-08-26', '12:00:00', '2015-08-26', '12:00:00', 1),
(123, 41, 'Detalle', 'view', NULL, NULL, 'main', 1, 1, NULL, 0, '2015-08-26', '12:00:00', '2015-08-26', '12:00:00', 1),
(124, 43, 'Maquinas', 'index', NULL, NULL, 'main', 1, 1, NULL, 1, '2015-08-26', '12:00:00', '2015-08-26', '12:00:00', 1),
(126, 56, 'Registrar', 'create', NULL, NULL, 'main', 1, 1, NULL, 0, '2015-08-26', '12:00:00', '2015-08-26', '12:00:00', 1),
(127, 1, 'Maquinas', 'maquinas', NULL, NULL, 'main', 1, 1, NULL, 0, '2015-08-26', '12:00:00', '2015-08-26', '12:00:00', 1),
(128, 1, 'Operaciones Fiscales', 'operacionesFiscales', NULL, NULL, 'main', 1, 1, NULL, 0, '2015-08-26', '12:00:00', '2015-08-26', '12:00:00', 1),
(129, 44, 'Reportes', 'index', NULL, NULL, 'main', 1, 1, NULL, 1, '2015-08-26', '12:00:00', '2015-08-26', '12:00:00', 1),
(130, 45, 'Reporte Enajenaciones', 'index', NULL, NULL, 'main', 1, 1, NULL, 1, '2015-08-26', '12:00:00', '2015-08-26', '12:00:00', 1),
(131, 1, 'Reporte Enajenaciones', 'reporteenajenaciones', NULL, NULL, 'main', 1, 1, NULL, 0, '2015-08-26', '12:00:00', '2015-08-26', '12:00:00', 1),
(132, 46, 'Reporte Distribuidores', 'index', NULL, NULL, 'main', 1, 1, NULL, 1, '2015-08-26', '12:00:00', '2015-08-26', '12:00:00', 1),
(133, 1, 'Reporte Distribuidores', 'reportedistribuidores', NULL, NULL, 'main', 1, 1, NULL, 0, '2015-08-26', '12:00:00', '2015-08-26', '12:00:00', 1),
(134, 46, 'Registrar', 'create', NULL, NULL, 'main', 1, 1, NULL, 0, '2015-08-26', '12:00:00', '2015-08-26', '12:00:00', 1),
(135, 46, 'Editar', 'update', NULL, NULL, 'main', 1, 1, NULL, 0, '2015-08-26', '12:00:00', '2015-08-26', '12:00:00', 1),
(136, 46, 'Accesos', 'menu', NULL, NULL, 'main', 1, 1, NULL, 0, '2015-08-26', '12:00:00', '2015-08-26', '12:00:00', 1),
(137, 46, 'Eliminar', 'delete', NULL, NULL, 'main', 1, 1, NULL, 0, '2015-08-26', '12:00:00', '2015-08-26', '12:00:00', 1),
(138, 46, 'Detalle', 'view', NULL, NULL, 'main', 1, 1, NULL, 0, '2015-08-26', '12:00:00', '2015-08-26', '12:00:00', 1),
(139, 47, 'Reporte Técnicos', 'index', NULL, NULL, 'main', 1, 1, NULL, 1, '2015-08-26', '12:00:00', '2015-08-26', '12:00:00', 1),
(140, 47, 'Registrar', 'create', NULL, NULL, 'main', 1, 1, NULL, 0, '2015-08-26', '12:00:00', '2015-08-26', '12:00:00', 1),
(141, 47, 'Editar', 'update', NULL, NULL, 'main', 1, 1, NULL, 0, '2015-08-26', '12:00:00', '2015-08-26', '12:00:00', 1),
(142, 47, 'Accesos', 'menu', NULL, NULL, 'main', 1, 1, NULL, 0, '2015-08-26', '12:00:00', '2015-08-26', '12:00:00', 1),
(143, 47, 'Eliminar', 'delete', NULL, NULL, 'main', 1, 1, NULL, 0, '2015-08-26', '12:00:00', '2015-08-26', '12:00:00', 1),
(144, 47, 'Detalle', 'view', NULL, NULL, 'main', 1, 1, NULL, 0, '2015-08-26', '12:00:00', '2015-08-26', '12:00:00', 1),
(145, 48, 'Servicio Tecnico', 'index', '', NULL, 'main', 1, 1, '', 1, '2016-09-05', '16:01:15', '2016-09-05', '16:01:15', 1),
(146, 49, 'Accesorios', 'index', '', NULL, 'main', 1, 2, '', 1, '2016-09-05', '16:02:24', '2016-09-05', '16:02:24', 1),
(147, 49, 'Registar', 'create', NULL, NULL, 'main', 1, 1, NULL, 0, '2016-09-06', '03:26:26', '2016-09-06', '03:26:26', 1),
(148, 49, 'Editar', 'update', '', NULL, 'main', 1, 1, '', 0, '2016-09-06', '15:04:41', '2016-09-06', '15:04:41', 1),
(149, 49, 'Eliminar', 'delete', '', NULL, 'main', 1, 1, '', 0, '2016-09-06', '15:05:24', '2016-09-06', '15:05:24', 1),
(150, 49, 'Detalle', 'view', '', NULL, 'main', 1, 1, '', 0, '2016-09-06', '15:06:48', '2016-09-06', '15:06:48', 1),
(151, 50, 'Estatus', 'index', '', NULL, 'main', 1, 3, '', 1, '2016-09-07', '13:52:44', '2016-09-07', '13:52:44', 1),
(152, 50, 'Editar', 'update', '', NULL, 'main', 1, 1, '', 0, '2016-09-07', '13:54:27', '2016-09-07', '13:54:27', 1),
(153, 50, 'Registrar', 'create', '', NULL, 'main', 1, 1, '', 0, '2016-09-07', '13:55:25', '2016-09-07', '13:55:25', 1),
(154, 50, 'Eliminar', 'delete', '', NULL, 'main', 1, 1, '', 0, '2016-09-07', '13:55:58', '2016-09-07', '13:55:58', 1),
(155, 50, 'Detalle', 'view', '', NULL, 'main', 1, 1, '', 0, '2016-09-07', '13:56:22', '2016-09-07', '13:56:22', 1),
(156, 51, 'Fallas', 'index', '', NULL, 'main', 1, 4, '', 1, '2016-09-07', '15:51:51', '2016-09-07', '15:51:51', 1),
(157, 51, 'Registrar', 'create', '', NULL, 'main', 1, 1, '', 0, '2016-09-07', '15:52:40', '2016-09-07', '15:52:40', 1),
(158, 51, 'Eliminar', 'delete', '', NULL, 'main', 1, 1, '', 0, '2016-09-07', '15:53:21', '2016-09-07', '15:53:21', 1),
(159, 51, 'Editar', 'update', '', NULL, 'main', 1, 1, '', 0, '2016-09-07', '15:53:51', '2016-09-07', '15:53:51', 1),
(160, 51, 'Detalle', 'view', '', NULL, 'main', 1, 1, '', 0, '2016-09-07', '15:54:26', '2016-09-07', '15:54:26', 1),
(161, 52, 'Metodo Envio', 'index', NULL, NULL, 'main', 1, 5, '', 1, '2016-09-14', '16:30:26', '2016-09-14', '16:30:26', 1),
(162, 52, 'Registrar', 'create', NULL, NULL, 'main', 1, 1, NULL, 0, '2016-09-14', '16:30:26', '2016-09-14', '16:30:26', 1),
(163, 52, 'Eliminar', 'delete', NULL, NULL, 'main', 1, 1, NULL, 0, '2016-09-14', '16:30:26', '2016-09-14', '16:30:26', 1),
(164, 52, 'Editar', 'update', NULL, NULL, 'main', 1, 1, NULL, 0, '2016-09-14', '16:30:26', '2016-09-14', '16:30:26', 1),
(165, 52, 'Detalle', 'view', NULL, NULL, 'main', 1, 1, NULL, 0, '2016-09-14', '16:30:26', '2016-09-14', '16:30:26', 1),
(166, 53, 'Orden de Servicio', 'index', NULL, NULL, 'main', 1, 6, NULL, 1, '2016-09-15', '16:30:26', '2016-09-15', '16:30:26', 1),
(167, 53, 'Registrar', 'create', NULL, NULL, 'main', 1, 1, NULL, 0, '2016-09-15', '16:30:26', '2016-09-15', '16:30:26', 1),
(168, 53, 'Eliminar', 'delete', NULL, NULL, 'main', 1, 1, NULL, 0, '2016-09-15', '16:30:26', '2016-09-15', '16:30:26', 1),
(169, 53, 'Editar', 'update', NULL, NULL, 'main', 1, 1, NULL, 0, '2016-09-15', '16:30:26', '2016-09-15', '16:30:26', 1),
(170, 53, 'Detalle', 'view', NULL, NULL, 'main', 1, 1, NULL, 0, '2016-09-15', '16:30:26', '2016-09-15', '16:30:26', 1),
(171, 56, 'Inventario', 'index', '', NULL, 'main', 1, 2, '', 0, '2017-07-13', '07:55:02', '2017-07-13', '07:55:02', 1),
(172, 57, 'Registrar', 'create', NULL, NULL, 'main', 1, 1, NULL, 0, '2015-08-26', '12:00:00', '2015-08-26', '12:00:00', 1),
(173, 57, 'Vendidas', 'index', '', NULL, 'main', 1, 3, '', 0, '2017-07-13', '07:55:02', '2017-07-13', '07:55:02', 1),
(174, 55, 'Repuestos', 'index', '', NULL, 'main', 1, 4, '', 1, '2016-09-07', '15:51:51', '2016-09-07', '15:51:51', 1),
(175, 54, 'Garantia', 'index', '', NULL, 'main', 1, 5, '', 1, '2016-09-07', '15:51:51', '2016-09-07', '15:51:51', 1),
(176, 54, 'Registrar', 'create', '', NULL, 'main', 1, 1, '', 0, '2016-09-07', '15:52:40', '2016-09-07', '15:52:40', 1),
(177, 54, 'Eliminar', 'delete', '', NULL, 'main', 1, 1, '', 0, '2016-09-07', '15:53:21', '2016-09-07', '15:53:21', 1),
(178, 54, 'Editar', 'update', '', NULL, 'main', 1, 1, '', 0, '2016-09-07', '15:53:51', '2016-09-07', '15:53:51', 1),
(179, 54, 'Detalle', 'view', '', NULL, 'main', 1, 1, '', 0, '2016-09-07', '15:54:26', '2016-09-07', '15:54:26', 1);

-- --------------------------------------------------------

--
-- Estructura de tabla para la tabla `rbac_roles`
--

CREATE TABLE `rbac_roles` (
  `id` int(11) NOT NULL,
  `descripcion` varchar(100) CHARACTER SET latin1 NOT NULL,
  `estatus` smallint(6) NOT NULL DEFAULT '1',
  `registro_fecha` date NOT NULL,
  `registro_hora` time DEFAULT NULL,
  `registro_usuario_id` int(11) NOT NULL,
  `modificado_fecha` date NOT NULL,
  `modificado_hora` time DEFAULT NULL,
  `modificado_usuario_id` int(11) NOT NULL,
  `principal` smallint(6) NOT NULL DEFAULT '0',
  `secuencia` smallint(6) NOT NULL DEFAULT '1'
) ENGINE=InnoDB DEFAULT CHARSET=utf8 COLLATE=utf8_spanish_ci;

--
-- Volcado de datos para la tabla `rbac_roles`
--

INSERT INTO `rbac_roles` (`id`, `descripcion`, `estatus`, `registro_fecha`, `registro_hora`, `registro_usuario_id`, `modificado_fecha`, `modificado_hora`, `modificado_usuario_id`, `principal`, `secuencia`) VALUES
(1, 'ROOT', 1, '2015-08-13', '11:00:00', 4, '2015-08-13', '11:00:00', 1, 1, 1),
(2, 'Super Administrador', 1, '2015-08-13', '11:00:00', 4, '2015-08-13', '11:00:00', 1, 0, 1),
(3, 'Distribuidor', 1, '2015-08-13', '11:00:00', 4, '2015-08-13', '11:00:00', 1, 0, 1),
(4, 'Soporte', 1, '2015-08-13', '11:00:00', 4, '2015-08-13', '11:00:00', 1, 0, 1),
(5, 'Distribuidor/Programador', 1, '2015-08-13', '11:00:00', 4, '2015-08-13', '11:00:00', 1, 1, 1),
(6, 'Programador', 1, '2015-10-17', '10:33:10', 4, '2015-10-17', '10:33:10', 1, 1, 1),
(7, 'Prueba', 1, '2015-11-03', '08:28:30', 16, '2015-11-03', '08:28:30', 16, 1, 1),
(8, 'Técnico', 1, '2015-11-03', '08:28:30', 4, '2015-11-03', '08:28:30', 1, 1, 1),
(9, 'Servicio Técnico (interno TFHKA)', 1, '2016-09-27', '04:47:00', 157, '2016-09-27', '04:47:00', 157, 1, 1),
(10, 'hola', 1, '2017-08-07', '10:05:07', 170, '2017-08-07', '10:05:07', 170, 1, 1);

-- --------------------------------------------------------

--
-- Estructura de tabla para la tabla `rbac_roles_opciones`
--

CREATE TABLE `rbac_roles_opciones` (
  `id` int(11) NOT NULL,
  `rol_id` int(11) NOT NULL,
  `menu_opcion_id` int(11) NOT NULL,
  `estatus` smallint(6) NOT NULL DEFAULT '1',
  `registro_fecha` date NOT NULL,
  `registro_hora` time DEFAULT NULL,
  `registro_usuario_id` int(11) NOT NULL,
  `modificado_fecha` date NOT NULL,
  `modificado_hora` time DEFAULT NULL,
  `modificado_usuario_id` int(11) NOT NULL,
  `secuencia` smallint(6) NOT NULL DEFAULT '1'
) ENGINE=InnoDB DEFAULT CHARSET=utf8 COLLATE=utf8_spanish_ci;

--
-- Volcado de datos para la tabla `rbac_roles_opciones`
--

INSERT INTO `rbac_roles_opciones` (`id`, `rol_id`, `menu_opcion_id`, `estatus`, `registro_fecha`, `registro_hora`, `registro_usuario_id`, `modificado_fecha`, `modificado_hora`, `modificado_usuario_id`, `secuencia`) VALUES
(236, 2, 1, 1, '2015-08-26', '15:21:59', 1, '2016-09-07', '14:01:28', 1, 1),
(237, 2, 2, 1, '2015-08-26', '15:21:59', 1, '2016-09-07', '14:01:28', 1, 1),
(239, 2, 10, 1, '2015-08-26', '15:21:59', 1, '2016-09-07', '14:01:28', 1, 1),
(240, 2, 6, 1, '2015-08-26', '15:21:59', 1, '2016-09-07', '14:01:28', 1, 1),
(241, 2, 19, 0, '2015-08-26', '15:21:59', 1, '2016-09-07', '14:01:28', 1, 1),
(243, 2, 8, 0, '2015-08-26', '15:21:59', 1, '2016-09-07', '14:01:28', 1, 1),
(244, 2, 32, 0, '2015-08-26', '15:21:59', 1, '2016-09-07', '14:01:28', 1, 1),
(245, 2, 33, 0, '2015-08-26', '15:21:59', 1, '2016-09-07', '14:01:28', 1, 1),
(246, 2, 34, 1, '2015-08-26', '15:21:59', 1, '2016-09-07', '14:01:28', 1, 1),
(247, 2, 35, 1, '2015-08-26', '15:21:59', 1, '2016-09-07', '14:01:28', 1, 1),
(248, 2, 36, 1, '2015-10-28', '16:33:21', 1, '2016-09-07', '14:01:28', 1, 1),
(249, 2, 37, 1, '2015-10-28', '16:33:21', 1, '2016-09-07', '14:01:28', 1, 1),
(250, 2, 38, 1, '2015-10-29', '09:20:38', 1, '2016-09-07', '14:01:28', 1, 1),
(251, 2, 39, 1, '2015-10-29', '09:57:57', 1, '2016-09-07', '14:01:28', 1, 1),
(252, 2, 40, 1, '2015-10-29', '10:16:28', 1, '2016-09-07', '14:01:28', 1, 1),
(253, 7, 6, 1, '2015-11-03', '08:29:17', 1, '2015-11-03', '08:29:17', 1, 1),
(254, 7, 19, 1, '2015-11-03', '08:29:17', 1, '2015-11-03', '08:29:17', 1, 1),
(256, 7, 34, 1, '2015-11-03', '08:29:17', 1, '2015-11-03', '08:29:17', 1, 1),
(257, 4, 1, 1, '2015-11-03', '14:46:18', 1, '2017-05-19', '11:34:11', 1, 1),
(258, 2, 41, 1, '2015-11-06', '11:04:08', 1, '2016-09-07', '14:01:28', 1, 1),
(259, 2, 42, 1, '2015-11-06', '11:04:08', 1, '2016-09-07', '14:01:28', 1, 1),
(260, 2, 43, 1, '2015-11-06', '11:04:08', 1, '2016-09-07', '14:01:28', 1, 1),
(261, 2, 44, 1, '2015-11-06', '11:04:08', 1, '2016-09-07', '14:01:28', 1, 1),
(262, 2, 45, 1, '2015-11-06', '11:04:08', 1, '2016-09-07', '14:01:28', 1, 1),
(263, 2, 48, 1, '2015-11-06', '11:04:08', 1, '2016-09-07', '14:01:28', 1, 1),
(264, 2, 49, 1, '2015-11-06', '11:04:08', 1, '2016-09-07', '14:01:28', 1, 1),
(265, 2, 50, 1, '2015-11-06', '11:04:08', 1, '2016-09-07', '14:01:28', 1, 1),
(266, 2, 46, 1, '2015-11-06', '11:04:08', 1, '2016-09-07', '14:01:28', 1, 1),
(267, 2, 47, 1, '2015-11-06', '11:04:08', 1, '2016-09-07', '14:01:28', 1, 1),
(268, 2, 51, 1, '2015-11-06', '11:04:08', 1, '2016-09-07', '14:01:28', 1, 1),
(269, 2, 52, 1, '2015-11-06', '11:04:08', 1, '2016-09-07', '14:01:28', 1, 1),
(270, 2, 53, 1, '2015-11-06', '11:04:08', 1, '2016-09-07', '14:01:28', 1, 1),
(271, 2, 54, 1, '2015-11-06', '11:04:08', 1, '2016-09-07', '14:01:28', 1, 1),
(272, 2, 55, 1, '2015-11-06', '11:04:08', 1, '2016-09-07', '14:01:28', 1, 1),
(273, 2, 90, 0, '2015-11-06', '11:04:08', 1, '2016-09-07', '14:01:28', 1, 1),
(274, 2, 86, 0, '2015-11-06', '11:04:08', 1, '2016-09-07', '14:01:28', 1, 1),
(275, 2, 87, 0, '2015-11-06', '11:04:08', 1, '2016-09-07', '14:01:28', 1, 1),
(276, 2, 88, 0, '2015-11-06', '11:04:08', 1, '2016-09-07', '14:01:28', 1, 1),
(277, 2, 89, 0, '2015-11-06', '11:04:08', 1, '2016-09-07', '14:01:28', 1, 1),
(283, 2, 56, 1, '2015-11-06', '11:04:08', 1, '2016-09-07', '14:01:28', 1, 1),
(284, 2, 57, 1, '2015-11-06', '11:04:08', 1, '2016-09-07', '14:01:28', 1, 1),
(285, 2, 58, 1, '2015-11-06', '11:04:08', 1, '2016-09-07', '14:01:28', 1, 1),
(286, 2, 59, 1, '2015-11-06', '11:04:08', 1, '2016-09-07', '14:01:28', 1, 1),
(287, 2, 60, 1, '2015-11-06', '11:04:08', 1, '2016-09-07', '14:01:28', 1, 1),
(288, 2, 63, 1, '2015-11-06', '11:04:08', 1, '2016-09-07', '14:01:28', 1, 1),
(289, 2, 64, 1, '2015-11-06', '11:04:08', 1, '2016-09-07', '14:01:28', 1, 1),
(290, 2, 65, 1, '2015-11-06', '11:04:08', 1, '2016-09-07', '14:01:28', 1, 1),
(291, 2, 61, 1, '2015-11-06', '11:04:08', 1, '2016-09-07', '14:01:28', 1, 1),
(292, 2, 62, 1, '2015-11-06', '11:04:08', 1, '2016-09-07', '14:01:28', 1, 1),
(293, 2, 70, 1, '2015-11-06', '11:04:08', 1, '2016-09-07', '14:01:28', 1, 1),
(294, 2, 66, 1, '2015-11-06', '11:04:08', 1, '2016-09-07', '14:01:28', 1, 1),
(295, 2, 67, 1, '2015-11-06', '11:04:08', 1, '2016-09-07', '14:01:28', 1, 1),
(296, 2, 68, 1, '2015-11-06', '11:04:08', 1, '2016-09-07', '14:01:28', 1, 1),
(297, 2, 69, 1, '2015-11-06', '11:04:08', 1, '2016-09-07', '14:01:28', 1, 1),
(298, 2, 71, 1, '2015-11-06', '11:04:08', 1, '2016-09-07', '14:01:28', 1, 1),
(299, 2, 72, 1, '2015-11-06', '11:04:08', 1, '2016-09-07', '14:01:28', 1, 1),
(300, 2, 73, 1, '2015-11-06', '11:04:08', 1, '2016-09-07', '14:01:28', 1, 1),
(301, 2, 74, 1, '2015-11-06', '11:04:08', 1, '2016-09-07', '14:01:28', 1, 1),
(302, 2, 75, 1, '2015-11-06', '11:04:08', 1, '2016-09-07', '14:01:28', 1, 1),
(303, 2, 76, 1, '2015-11-06', '11:04:08', 1, '2016-09-07', '14:01:28', 1, 1),
(304, 2, 77, 1, '2015-11-06', '11:04:08', 1, '2016-09-07', '14:01:28', 1, 1),
(305, 2, 78, 1, '2015-11-06', '11:04:08', 1, '2016-09-07', '14:01:28', 1, 1),
(306, 2, 79, 1, '2015-11-06', '11:04:08', 1, '2016-09-07', '14:01:28', 1, 1),
(307, 2, 80, 1, '2015-11-06', '11:04:08', 1, '2016-09-07', '14:01:28', 1, 1),
(308, 2, 91, 1, '2015-11-06', '15:30:49', 1, '2016-09-07', '14:01:28', 1, 1),
(309, 2, 92, 1, '2015-11-06', '15:30:49', 1, '2016-09-07', '14:01:28', 1, 1),
(310, 2, 100, 1, '2015-11-11', '11:59:05', 1, '2016-09-07', '14:01:28', 1, 1),
(311, 2, 93, 1, '2015-11-11', '11:59:05', 1, '2016-09-07', '14:01:28', 1, 1),
(312, 2, 101, 1, '2015-11-11', '11:59:05', 1, '2016-09-07', '14:01:28', 1, 1),
(313, 2, 94, 1, '2015-11-11', '11:59:05', 1, '2016-09-07', '14:01:28', 1, 1),
(314, 2, 95, 1, '2015-11-11', '11:59:05', 1, '2016-09-07', '14:01:28', 1, 1),
(315, 2, 96, 1, '2015-11-11', '11:59:05', 1, '2016-09-07', '14:01:28', 1, 1),
(316, 2, 97, 1, '2015-11-11', '11:59:05', 1, '2016-09-07', '14:01:28', 1, 1),
(317, 2, 98, 1, '2015-11-11', '11:59:05', 1, '2016-09-07', '14:01:28', 1, 1),
(318, 2, 99, 1, '2015-11-11', '11:59:05', 1, '2016-09-07', '14:01:28', 1, 1),
(319, 4, 95, 1, '2015-11-16', '09:02:21', 1, '2017-05-19', '11:34:11', 1, 1),
(320, 4, 96, 1, '2015-11-16', '09:02:21', 1, '2017-05-19', '11:34:11', 1, 1),
(321, 4, 97, 1, '2015-11-16', '09:02:21', 1, '2017-05-19', '11:34:11', 1, 1),
(322, 4, 6, 1, '2015-11-16', '09:02:21', 1, '2017-05-19', '11:34:11', 1, 1),
(323, 4, 55, 1, '2015-11-16', '09:02:21', 1, '2017-05-19', '11:34:11', 1, 1),
(324, 4, 51, 1, '2015-11-16', '09:02:21', 1, '2017-05-19', '11:34:11', 1, 1),
(325, 4, 53, 1, '2015-11-16', '09:02:21', 1, '2017-05-19', '11:34:11', 1, 1),
(326, 4, 19, 0, '2015-11-16', '09:02:21', 1, '2017-05-19', '11:34:11', 1, 1),
(327, 4, 88, 0, '2015-11-16', '09:02:21', 1, '2017-05-19', '11:34:11', 1, 1),
(328, 4, 90, 0, '2015-11-16', '09:02:21', 1, '2017-05-19', '11:34:11', 1, 1),
(329, 4, 86, 0, '2015-11-16', '09:02:21', 1, '2017-05-19', '11:34:11', 1, 1),
(332, 4, 91, 1, '2015-11-16', '09:02:21', 1, '2017-05-19', '11:34:11', 1, 1),
(333, 4, 92, 1, '2015-11-16', '09:02:21', 1, '2017-05-19', '11:34:11', 1, 1),
(335, 4, 35, 1, '2015-11-16', '09:02:21', 1, '2017-05-19', '11:34:11', 1, 1),
(336, 4, 78, 0, '2015-11-16', '09:02:21', 1, '2017-05-19', '11:34:11', 1, 1),
(337, 4, 80, 1, '2015-11-16', '09:02:21', 1, '2017-05-19', '11:34:11', 1, 1),
(338, 4, 76, 1, '2015-11-16', '09:02:21', 1, '2017-05-19', '11:34:11', 1, 1),
(339, 4, 34, 1, '2015-11-16', '09:02:21', 1, '2017-05-19', '11:34:11', 1, 1),
(340, 4, 99, 1, '2016-02-11', '15:30:22', 1, '2017-05-19', '11:34:11', 1, 1),
(341, 4, 41, 1, '2016-02-11', '15:30:22', 1, '2017-05-19', '11:34:11', 1, 1),
(342, 4, 42, 1, '2016-02-11', '15:30:22', 1, '2017-05-19', '11:34:11', 1, 1),
(343, 4, 45, 1, '2016-02-11', '15:30:22', 1, '2017-05-19', '11:34:11', 1, 1),
(344, 4, 77, 1, '2016-02-11', '15:30:22', 1, '2017-05-19', '11:34:11', 1, 1),
(345, 4, 93, 1, '2016-02-11', '15:36:56', 1, '2017-05-19', '11:34:11', 1, 1),
(346, 4, 94, 1, '2016-02-11', '15:36:56', 1, '2017-05-19', '11:34:11', 1, 1),
(348, 3, 95, 1, '2016-02-11', '15:42:14', 1, '2017-07-18', '10:18:20', 1, 1),
(349, 3, 96, 1, '2016-02-11', '15:42:14', 1, '2017-07-18', '10:18:20', 1, 1),
(350, 3, 93, 1, '2016-02-11', '15:42:14', 1, '2017-07-18', '10:18:20', 1, 1),
(351, 3, 55, 0, '2016-02-11', '15:42:14', 1, '2017-07-18', '10:18:20', 1, 1),
(352, 3, 34, 1, '2016-02-11', '15:42:14', 1, '2017-07-18', '10:18:20', 1, 1),
(353, 4, 2, 1, '2016-02-11', '17:04:47', 1, '2017-05-19', '11:34:11', 1, 1),
(354, 3, 1, 1, '2016-02-12', '08:44:17', 1, '2017-07-18', '10:18:20', 1, 1),
(355, 3, 6, 1, '2016-02-12', '08:44:17', 1, '2017-07-18', '10:18:20', 1, 1),
(357, 3, 92, 1, '2016-02-12', '08:44:17', 1, '2017-07-18', '10:18:20', 1, 1),
(358, 6, 1, 1, '2016-02-12', '08:44:57', 1, '2016-03-30', '11:31:48', 1, 1),
(359, 6, 93, 1, '2016-02-12', '08:44:57', 1, '2016-03-30', '11:31:48', 1, 1),
(360, 6, 97, 1, '2016-02-12', '08:44:57', 1, '2016-03-30', '11:31:48', 1, 1),
(361, 6, 34, 1, '2016-02-12', '08:44:57', 1, '2016-03-30', '11:31:48', 1, 1),
(362, 5, 1, 1, '2016-02-12', '08:45:45', 1, '2016-04-12', '09:31:11', 1, 1),
(363, 5, 93, 1, '2016-02-12', '08:45:45', 1, '2016-04-12', '09:31:11', 1, 1),
(364, 5, 95, 1, '2016-02-12', '08:45:45', 1, '2016-04-12', '09:31:11', 1, 1),
(365, 5, 96, 1, '2016-02-12', '08:45:45', 1, '2016-04-12', '09:31:11', 1, 1),
(366, 5, 97, 1, '2016-02-12', '08:45:45', 1, '2016-04-12', '09:31:11', 1, 1),
(367, 5, 2, 1, '2016-02-12', '08:45:45', 1, '2016-04-12', '09:31:11', 1, 1),
(369, 5, 41, 1, '2016-02-12', '08:45:45', 1, '2016-04-12', '09:31:11', 1, 1),
(370, 5, 42, 1, '2016-02-12', '08:45:45', 1, '2016-04-12', '09:31:11', 1, 1),
(371, 5, 45, 1, '2016-02-12', '08:45:45', 1, '2016-04-12', '09:31:11', 1, 1),
(372, 5, 34, 1, '2016-02-12', '08:45:45', 1, '2016-04-12', '09:31:11', 1, 1),
(373, 5, 94, 1, '2016-02-12', '11:48:44', 1, '2016-04-12', '09:31:11', 1, 1),
(375, 5, 92, 1, '2016-02-12', '11:48:44', 1, '2016-04-12', '09:31:11', 1, 1),
(377, 3, 97, 1, '2016-02-12', '11:49:58', 1, '2017-07-18', '10:18:20', 1, 1),
(378, 3, 99, 0, '2016-02-12', '11:49:58', 1, '2017-07-18', '10:18:20', 1, 1),
(379, 3, 100, 0, '2016-02-12', '11:49:58', 1, '2017-07-18', '10:18:20', 1, 1),
(380, 3, 94, 1, '2016-02-12', '11:49:58', 1, '2017-07-18', '10:18:20', 1, 1),
(381, 3, 2, 1, '2016-02-12', '11:49:58', 1, '2017-07-18', '10:18:20', 1, 1),
(383, 3, 42, 1, '2016-02-12', '11:49:58', 1, '2017-07-18', '10:18:20', 1, 1),
(384, 3, 45, 1, '2016-02-12', '11:49:58', 1, '2017-07-18', '10:18:20', 1, 1),
(385, 3, 41, 1, '2016-02-12', '11:49:58', 1, '2017-07-18', '10:18:20', 1, 1),
(386, 6, 96, 1, '2016-02-16', '11:58:00', 1, '2016-03-30', '11:31:48', 1, 1),
(387, 6, 6, 1, '2016-02-16', '11:58:00', 1, '2016-03-30', '11:31:48', 1, 1),
(388, 6, 55, 1, '2016-02-16', '11:58:00', 1, '2016-03-30', '11:31:48', 1, 1),
(390, 6, 92, 1, '2016-02-16', '11:58:00', 1, '2016-03-30', '11:31:48', 1, 1),
(391, 5, 6, 1, '2016-02-17', '15:54:02', 1, '2016-04-12', '09:31:11', 1, 1),
(392, 5, 55, 1, '2016-02-17', '15:54:02', 1, '2016-04-12', '09:31:11', 1, 1),
(393, 8, 1, 1, '2016-02-17', '15:57:14', 1, '2017-07-18', '10:17:36', 1, 1),
(394, 8, 95, 1, '2016-02-17', '15:57:14', 1, '2017-07-18', '10:17:36', 1, 1),
(395, 8, 96, 1, '2016-02-17', '15:57:14', 1, '2017-07-18', '10:17:36', 1, 1),
(396, 8, 93, 1, '2016-02-17', '15:57:14', 1, '2017-07-18', '10:17:36', 1, 1),
(397, 8, 6, 1, '2016-02-17', '15:57:14', 1, '2017-07-18', '10:17:36', 1, 1),
(399, 8, 92, 1, '2016-02-17', '15:57:14', 1, '2017-07-18', '10:17:36', 1, 1),
(401, 8, 34, 1, '2016-02-17', '15:57:14', 1, '2017-07-18', '10:17:36', 1, 1),
(402, 2, 102, 1, '2016-03-11', '11:19:54', 1, '2016-09-07', '14:01:28', 1, 1),
(403, 2, 117, 1, '2015-11-06', '11:04:08', 1, '2016-09-07', '14:01:28', 1, 1),
(405, 2, 119, 1, '2016-03-11', '14:28:54', 1, '2016-09-07', '14:01:28', 1, 1),
(406, 2, 120, 0, '2016-03-11', '14:28:54', 1, '2016-09-07', '14:01:28', 1, 1),
(407, 2, 121, 1, '2016-03-11', '14:28:54', 1, '2016-09-07', '14:01:28', 1, 1),
(408, 2, 122, 0, '2016-03-11', '14:28:54', 1, '2016-09-07', '14:01:28', 1, 1),
(409, 2, 123, 1, '2016-03-11', '14:28:54', 1, '2016-09-07', '14:01:28', 1, 1),
(410, 5, 117, 1, '2016-03-17', '13:55:09', 1, '2016-04-12', '09:31:11', 1, 1),
(412, 5, 120, 0, '2016-03-17', '13:55:09', 1, '2016-04-12', '09:31:11', 1, 1),
(413, 5, 121, 0, '2016-03-17', '13:55:09', 1, '2016-04-12', '09:31:11', 1, 1),
(414, 5, 123, 1, '2016-03-17', '13:55:09', 1, '2016-04-12', '09:31:11', 1, 1),
(415, 5, 119, 1, '2016-03-17', '13:55:09', 1, '2016-04-12', '09:31:11', 1, 1),
(416, 4, 117, 1, '2016-03-17', '13:55:40', 1, '2017-05-19', '11:34:11', 1, 1),
(418, 4, 123, 1, '2016-03-17', '13:55:40', 1, '2017-05-19', '11:34:11', 1, 1),
(419, 4, 119, 1, '2016-03-17', '13:55:40', 1, '2017-05-19', '11:34:11', 1, 1),
(420, 3, 117, 1, '2016-03-17', '13:56:40', 1, '2017-07-18', '10:18:20', 1, 1),
(422, 3, 123, 1, '2016-03-17', '13:56:40', 1, '2017-07-18', '10:18:20', 1, 1),
(423, 3, 119, 1, '2016-03-17', '13:56:40', 1, '2017-07-18', '10:18:20', 1, 1),
(424, 2, 124, 1, '2016-03-17', '15:12:58', 1, '2016-09-07', '14:01:28', 1, 1),
(426, 2, 126, 1, '2016-03-28', '15:25:55', 1, '2016-09-07', '14:01:28', 1, 1),
(427, 8, 117, 1, '2016-03-29', '14:29:40', 1, '2017-07-18', '10:17:36', 1, 1),
(428, 8, 123, 1, '2016-03-29', '14:29:40', 1, '2017-07-18', '10:17:36', 1, 1),
(429, 8, 119, 1, '2016-03-29', '14:29:40', 1, '2017-07-18', '10:17:36', 1, 1),
(430, 2, 127, 1, '2016-03-30', '11:08:32', 1, '2016-09-07', '14:01:28', 1, 1),
(431, 2, 128, 1, '2016-03-30', '11:08:32', 1, '2016-09-07', '14:01:28', 1, 1),
(432, 4, 127, 1, '2016-03-30', '11:31:22', 1, '2017-05-19', '11:34:11', 1, 1),
(433, 4, 128, 1, '2016-03-30', '11:31:22', 1, '2017-05-19', '11:34:11', 1, 1),
(434, 6, 128, 1, '2016-03-30', '11:31:48', 1, '2016-03-30', '11:31:48', 1, 1),
(435, 4, 124, 1, '2016-03-30', '11:33:06', 1, '2017-05-19', '11:34:11', 1, 1),
(436, 4, 126, 1, '2016-03-30', '11:33:06', 1, '2017-05-19', '11:34:11', 1, 1),
(437, 8, 128, 1, '2016-03-30', '11:39:04', 1, '2017-07-18', '10:17:36', 1, 1),
(438, 3, 128, 1, '2016-03-30', '11:39:37', 1, '2017-07-18', '10:18:20', 1, 1),
(439, 5, 128, 1, '2016-03-30', '11:39:59', 1, '2016-04-12', '09:31:11', 1, 1),
(440, 2, 129, 1, '2016-03-17', '15:12:58', 1, '2016-09-07', '14:01:28', 1, 1),
(441, 2, 130, 1, '2015-11-06', '11:04:08', 1, '2016-09-07', '14:01:28', 1, 1),
(442, 3, 129, 1, '2016-04-12', '09:28:51', 1, '2017-07-18', '10:18:20', 1, 1),
(443, 3, 130, 1, '2016-04-12', '09:28:51', 1, '2017-07-18', '10:18:20', 1, 1),
(444, 4, 129, 1, '2016-04-12', '09:30:38', 1, '2017-05-19', '11:34:11', 1, 1),
(445, 4, 130, 1, '2016-04-12', '09:30:38', 1, '2017-05-19', '11:34:11', 1, 1),
(446, 5, 129, 1, '2016-04-12', '09:31:11', 1, '2016-04-12', '09:31:11', 1, 1),
(447, 5, 130, 1, '2016-04-12', '09:31:11', 1, '2016-04-12', '09:31:11', 1, 1),
(448, 2, 131, 1, '2016-04-13', '15:55:40', 1, '2016-09-07', '14:01:28', 1, 1),
(449, 3, 131, 1, '2016-04-13', '15:56:48', 1, '2017-07-18', '10:18:20', 1, 1),
(450, 2, 133, 1, '2016-07-08', '14:25:10', 1, '2016-09-07', '14:01:28', 1, 1),
(451, 2, 132, 1, '2016-07-08', '14:25:10', 1, '2016-09-07', '14:01:28', 1, 1),
(452, 2, 134, 1, '2016-07-08', '14:25:10', 1, '2016-09-07', '14:01:28', 1, 1),
(453, 2, 135, 1, '2016-07-08', '14:25:10', 1, '2016-09-07', '14:01:28', 1, 1),
(454, 2, 136, 1, '2016-07-08', '14:25:10', 1, '2016-09-07', '14:01:28', 1, 1),
(455, 2, 137, 1, '2016-07-08', '14:25:10', 1, '2016-09-07', '14:01:28', 1, 1),
(456, 2, 138, 1, '2016-07-08', '14:25:10', 1, '2016-09-07', '14:01:28', 1, 1),
(457, 2, 139, 1, '2016-07-08', '14:25:10', 1, '2016-09-07', '14:01:28', 1, 1),
(458, 2, 140, 1, '2016-07-08', '14:25:10', 1, '2016-09-07', '14:01:28', 1, 1),
(459, 2, 141, 1, '2016-07-08', '14:25:10', 1, '2016-09-07', '14:01:28', 1, 1),
(460, 2, 142, 1, '2016-07-08', '14:25:10', 1, '2016-09-07', '14:01:28', 1, 1),
(461, 2, 143, 1, '2016-07-08', '14:25:10', 1, '2016-09-07', '14:01:28', 1, 1),
(462, 2, 144, 1, '2016-07-08', '14:25:10', 1, '2016-09-07', '14:01:28', 1, 1),
(463, 2, 145, 1, '2016-09-05', '16:03:01', 1, '2016-09-07', '14:01:28', 1, 1),
(464, 2, 146, 1, '2016-09-05', '16:03:11', 1, '2016-09-07', '14:01:28', 1, 1),
(465, 2, 147, 1, '2016-09-06', '15:08:32', 1, '2016-09-07', '14:01:28', 1, 1),
(466, 2, 148, 1, '2016-09-06', '15:08:41', 1, '2016-09-07', '14:01:28', 1, 1),
(467, 2, 149, 1, '2016-09-06', '15:08:50', 1, '2016-09-07', '14:01:28', 1, 1),
(468, 2, 150, 1, '2016-09-06', '15:08:58', 1, '2016-09-07', '14:01:28', 1, 1),
(469, 2, 151, 1, '2016-09-07', '13:57:08', 1, '2016-09-07', '14:01:28', 1, 1),
(470, 2, 152, 1, '2016-09-07', '13:57:17', 1, '2016-09-07', '14:01:28', 1, 1),
(472, 2, 153, 1, '2016-09-07', '13:57:32', 1, '2016-09-07', '14:01:28', 1, 1),
(473, 2, 154, 1, '2016-09-07', '13:57:38', 1, '2016-09-07', '14:01:28', 1, 1),
(474, 2, 155, 1, '2016-09-07', '13:57:46', 1, '2016-09-07', '14:01:28', 1, 1),
(475, 2, 156, 1, '2016-09-07', '15:56:19', 1, '2016-09-07', '15:56:19', 1, 1),
(477, 2, 158, 1, '2016-09-07', '15:56:35', 1, '2016-09-07', '15:56:35', 1, 1),
(478, 2, 159, 1, '2016-09-07', '15:56:46', 1, '2016-09-07', '15:56:46', 1, 1),
(479, 2, 160, 1, '2016-09-07', '15:56:57', 1, '2016-09-07', '15:56:57', 1, 1),
(480, 2, 157, 1, '2016-09-07', '16:03:16', 1, '2016-09-07', '16:03:16', 1, 1),
(481, 3, 145, 1, '2016-09-14', '11:22:46', 1, '2017-07-18', '10:18:20', 1, 1),
(482, 3, 146, 0, '2016-09-14', '11:22:53', 1, '2017-07-18', '10:18:20', 1, 1),
(483, 3, 147, 0, '2016-09-14', '11:23:07', 1, '2017-07-18', '10:18:20', 1, 1),
(484, 3, 148, 0, '2016-09-14', '11:23:15', 1, '2017-07-18', '10:18:20', 1, 1),
(485, 3, 149, 0, '2016-09-14', '11:23:24', 1, '2017-07-18', '10:18:20', 1, 1),
(486, 3, 150, 0, '2016-09-14', '11:23:33', 1, '2017-07-18', '10:18:20', 1, 1),
(487, 3, 151, 0, '2016-09-14', '11:23:46', 1, '2017-07-18', '10:18:20', 1, 1),
(488, 3, 154, 0, '2016-09-14', '11:23:52', 1, '2017-07-18', '10:18:20', 1, 1),
(489, 3, 155, 0, '2016-09-14', '11:24:07', 1, '2017-07-18', '10:18:20', 1, 1),
(490, 3, 156, 0, '2016-09-14', '11:24:15', 1, '2017-07-18', '10:18:20', 1, 1),
(491, 3, 157, 0, '2016-09-14', '11:24:24', 1, '2017-07-18', '10:18:20', 1, 1),
(492, 3, 157, 0, '2016-09-14', '11:24:34', 1, '2017-07-18', '10:18:20', 1, 1),
(493, 3, 158, 0, '2016-09-14', '11:24:43', 1, '2017-07-18', '10:18:20', 1, 1),
(494, 3, 159, 0, '2016-09-14', '11:24:59', 1, '2017-07-18', '10:18:20', 1, 1),
(495, 3, 160, 0, '2016-09-14', '11:25:07', 1, '2017-07-18', '10:18:20', 1, 1),
(496, 3, 153, 0, '2016-09-14', '11:25:54', 1, '2017-07-18', '10:18:20', 1, 1),
(497, 3, 152, 0, '2016-09-14', '11:26:05', 1, '2017-07-18', '10:18:20', 1, 1),
(498, 2, 161, 1, '2016-09-14', '11:26:05', 1, '2016-09-14', '11:26:05', 1, 1),
(499, 2, 162, 1, '2016-09-14', '11:26:05', 1, '2016-09-14', '11:26:05', 1, 1),
(500, 2, 163, 1, '2016-09-14', '11:26:05', 1, '2016-09-14', '11:26:05', 1, 1),
(501, 2, 164, 1, '2016-09-14', '11:26:05', 1, '2016-09-14', '11:26:05', 1, 1),
(502, 2, 165, 1, '2016-09-14', '11:26:05', 1, '2016-09-14', '11:26:05', 1, 1),
(503, 3, 161, 0, '2016-09-15', '10:39:00', 1, '2017-07-18', '10:18:20', 1, 1),
(504, 3, 162, 0, '2016-09-15', '10:39:00', 1, '2017-07-18', '10:18:20', 1, 1),
(505, 3, 163, 0, '2016-09-15', '10:39:00', 1, '2017-07-18', '10:18:20', 1, 1),
(506, 3, 164, 0, '2016-09-15', '10:39:00', 1, '2017-07-18', '10:18:20', 1, 1),
(507, 3, 165, 0, '2016-09-15', '10:39:00', 1, '2017-07-18', '10:18:20', 1, 1),
(508, 2, 166, 1, '2016-09-15', '10:39:00', 1, '2016-09-15', '10:39:00', 1, 1),
(509, 2, 167, 1, '2016-09-15', '10:39:00', 1, '2016-09-15', '10:39:00', 1, 1),
(510, 2, 168, 1, '2016-09-15', '10:39:00', 1, '2016-09-15', '10:39:00', 1, 1),
(511, 2, 169, 1, '2016-09-15', '10:39:00', 1, '2016-09-15', '10:39:00', 1, 1),
(512, 2, 170, 1, '2016-09-15', '10:39:00', 1, '2016-09-15', '10:39:00', 1, 1),
(513, 9, 146, 1, '2016-09-27', '16:20:44', 1, '2017-07-18', '10:17:03', 1, 1),
(514, 9, 147, 1, '2016-09-27', '16:20:44', 1, '2017-07-18', '10:17:03', 1, 1),
(515, 9, 148, 1, '2016-09-27', '16:20:44', 1, '2017-07-18', '10:17:03', 1, 1),
(516, 9, 149, 1, '2016-09-27', '16:20:44', 1, '2017-07-18', '10:17:03', 1, 1),
(517, 9, 150, 1, '2016-09-27', '16:20:44', 1, '2017-07-18', '10:17:03', 1, 1),
(518, 9, 151, 1, '2016-09-27', '16:20:44', 1, '2017-07-18', '10:17:03', 1, 1),
(519, 9, 154, 1, '2016-09-27', '16:20:44', 1, '2017-07-18', '10:17:03', 1, 1),
(520, 9, 155, 1, '2016-09-27', '16:20:44', 1, '2017-07-18', '10:17:03', 1, 1),
(521, 9, 152, 1, '2016-09-27', '16:20:44', 1, '2017-07-18', '10:17:03', 1, 1),
(522, 9, 153, 1, '2016-09-27', '16:20:44', 1, '2017-07-18', '10:17:03', 1, 1),
(523, 9, 157, 1, '2016-09-27', '16:20:44', 1, '2017-07-18', '10:17:03', 1, 1),
(524, 9, 158, 1, '2016-09-27', '16:20:44', 1, '2017-07-18', '10:17:03', 1, 1),
(525, 9, 159, 1, '2016-09-27', '16:20:44', 1, '2017-07-18', '10:17:03', 1, 1),
(526, 9, 160, 1, '2016-09-27', '16:20:44', 1, '2017-07-18', '10:17:03', 1, 1),
(527, 9, 166, 1, '2016-09-27', '16:20:44', 1, '2017-07-18', '10:17:03', 1, 1),
(528, 9, 170, 1, '2016-09-27', '16:20:44', 1, '2017-07-18', '10:17:03', 1, 1),
(529, 9, 167, 1, '2016-09-27', '16:20:44', 1, '2017-07-18', '10:17:03', 1, 1),
(530, 9, 168, 1, '2016-09-27', '16:20:44', 1, '2017-07-18', '10:17:03', 1, 1),
(531, 9, 169, 1, '2016-09-27', '16:20:44', 1, '2017-07-18', '10:17:03', 1, 1),
(532, 9, 145, 1, '2016-09-28', '07:33:48', 1, '2017-07-18', '10:17:03', 1, 1),
(533, 9, 156, 1, '2016-09-28', '07:33:48', 1, '2017-07-18', '10:17:03', 1, 1),
(534, 3, 166, 1, '2016-09-28', '08:31:24', 1, '2017-07-18', '10:18:20', 1, 1),
(535, 3, 167, 1, '2016-09-28', '08:31:32', 1, '2017-07-18', '10:18:20', 1, 1),
(536, 3, 168, 0, '2016-09-28', '08:31:42', 1, '2017-07-18', '10:18:20', 1, 1),
(537, 3, 169, 0, '2016-09-28', '08:31:48', 1, '2017-07-18', '10:18:20', 1, 1),
(538, 3, 169, 0, '2016-09-28', '08:31:55', 1, '2017-07-18', '10:18:20', 1, 1),
(539, 3, 170, 1, '2016-09-28', '08:32:05', 1, '2017-07-18', '10:18:20', 1, 1),
(540, 4, 145, 1, '2017-05-19', '11:34:11', 1, '2017-05-19', '11:34:11', 1, 1),
(541, 4, 146, 1, '2017-05-19', '11:34:11', 1, '2017-05-19', '11:34:11', 1, 1),
(542, 4, 150, 1, '2017-05-19', '11:34:11', 1, '2017-05-19', '11:34:11', 1, 1),
(543, 4, 147, 1, '2017-05-19', '11:34:11', 1, '2017-05-19', '11:34:11', 1, 1),
(544, 4, 148, 1, '2017-05-19', '11:34:11', 1, '2017-05-19', '11:34:11', 1, 1),
(545, 4, 151, 1, '2017-05-19', '11:34:11', 1, '2017-05-19', '11:34:11', 1, 1),
(546, 4, 152, 1, '2017-05-19', '11:34:11', 1, '2017-05-19', '11:34:11', 1, 1),
(547, 4, 153, 1, '2017-05-19', '11:34:11', 1, '2017-05-19', '11:34:11', 1, 1),
(548, 4, 155, 1, '2017-05-19', '11:34:11', 1, '2017-05-19', '11:34:11', 1, 1),
(549, 4, 156, 1, '2017-05-19', '11:34:11', 1, '2017-05-19', '11:34:11', 1, 1),
(550, 4, 157, 1, '2017-05-19', '11:34:11', 1, '2017-05-19', '11:34:11', 1, 1),
(551, 4, 159, 1, '2017-05-19', '11:34:11', 1, '2017-05-19', '11:34:11', 1, 1),
(552, 4, 160, 1, '2017-05-19', '11:34:11', 1, '2017-05-19', '11:34:11', 1, 1),
(553, 4, 166, 1, '2017-05-19', '11:34:11', 1, '2017-05-19', '11:34:11', 1, 1),
(554, 4, 170, 1, '2017-05-19', '11:34:11', 1, '2017-05-19', '11:34:11', 1, 1),
(555, 4, 167, 1, '2017-05-19', '11:34:11', 1, '2017-05-19', '11:34:11', 1, 1),
(556, 9, 1, 1, '2017-07-18', '10:17:03', 1, '2017-07-18', '10:17:03', 1, 1),
(557, 9, 95, 1, '2017-07-18', '10:17:03', 1, '2017-07-18', '10:17:03', 1, 1),
(558, 9, 131, 1, '2017-07-18', '10:17:03', 1, '2017-07-18', '10:17:03', 1, 1),
(559, 9, 93, 1, '2017-07-18', '10:17:03', 1, '2017-07-18', '10:17:03', 1, 1),
(560, 9, 127, 1, '2017-07-18', '10:17:03', 1, '2017-07-18', '10:17:03', 1, 1),
(561, 9, 129, 1, '2017-07-18', '10:17:03', 1, '2017-07-18', '10:17:03', 1, 1),
(562, 9, 130, 1, '2017-07-18', '10:17:03', 1, '2017-07-18', '10:17:03', 1, 1),
(563, 9, 6, 1, '2017-07-18', '10:17:03', 1, '2017-07-18', '10:17:03', 1, 1),
(564, 9, 92, 1, '2017-07-18', '10:17:03', 1, '2017-07-18', '10:17:03', 1, 1),
(565, 9, 102, 1, '2017-07-18', '10:17:03', 1, '2017-07-18', '10:17:03', 1, 1),
(566, 9, 51, 1, '2017-07-18', '10:17:03', 1, '2017-07-18', '10:17:03', 1, 1),
(567, 9, 52, 1, '2017-07-18', '10:17:03', 1, '2017-07-18', '10:17:03', 1, 1),
(568, 9, 53, 1, '2017-07-18', '10:17:03', 1, '2017-07-18', '10:17:03', 1, 1),
(569, 9, 54, 1, '2017-07-18', '10:17:03', 1, '2017-07-18', '10:17:03', 1, 1),
(570, 9, 55, 1, '2017-07-18', '10:17:03', 1, '2017-07-18', '10:17:03', 1, 1),
(571, 9, 91, 1, '2017-07-18', '10:17:03', 1, '2017-07-18', '10:17:03', 1, 1),
(572, 8, 166, 1, '2017-07-18', '10:17:36', 1, '2017-07-18', '10:17:36', 1, 1),
(573, 8, 167, 1, '2017-07-18', '10:17:36', 1, '2017-07-18', '10:17:36', 1, 1),
(574, 8, 170, 1, '2017-07-18', '10:17:36', 1, '2017-07-18', '10:17:36', 1, 1),
(575, 2, 171, 1, '2017-07-13', '08:10:44', 1, '2017-07-13', '08:10:44', 1, 1),
(576, 2, 172, 1, '2017-07-13', '08:10:44', 1, '2017-07-13', '08:10:44', 1, 1),
(577, 2, 173, 1, '2017-07-13', '08:10:44', 1, '2017-07-13', '08:10:44', 1, 1),
(578, 2, 174, 1, '2015-11-06', '11:04:08', 1, '2016-09-07', '14:01:28', 1, 1),
(579, 2, 175, 1, '2016-09-07', '15:56:57', 1, '2016-09-07', '15:56:57', 1, 1),
(580, 2, 176, 1, '2016-09-07', '15:56:57', 1, '2016-09-07', '15:56:57', 1, 1),
(581, 2, 177, 1, '2016-09-07', '15:56:57', 1, '2016-09-07', '15:56:57', 1, 1),
(582, 2, 178, 1, '2016-09-07', '15:56:57', 1, '2016-09-07', '15:56:57', 1, 1),
(583, 2, 179, 1, '2016-09-07', '15:56:57', 1, '2016-09-07', '15:56:57', 1, 1),
(584, 10, 1, 1, '2017-08-07', '10:05:47', 1, '2017-08-07', '10:05:47', 1, 1),
(585, 10, 95, 1, '2017-08-07', '10:05:47', 1, '2017-08-07', '10:05:47', 1, 1);

-- --------------------------------------------------------

--
-- Estructura de tabla para la tabla `rbac_roles_opciones_usuarios`
--

CREATE TABLE `rbac_roles_opciones_usuarios` (
  `id` int(11) NOT NULL,
  `usuario_id` int(11) NOT NULL,
  `rol_opcion_id` int(11) NOT NULL,
  `estatus` smallint(6) NOT NULL DEFAULT '1',
  `registro_fecha` date NOT NULL,
  `registro_hora` time DEFAULT NULL,
  `registro_usuario_id` int(11) NOT NULL,
  `modificado_fecha` date NOT NULL,
  `modificado_hora` time DEFAULT NULL,
  `modificado_usuario_id` int(11) NOT NULL,
  `secuencia` smallint(6) NOT NULL DEFAULT '1'
) ENGINE=InnoDB DEFAULT CHARSET=utf8 COLLATE=utf8_spanish_ci;

--
-- Volcado de datos para la tabla `rbac_roles_opciones_usuarios`
--

INSERT INTO `rbac_roles_opciones_usuarios` (`id`, `usuario_id`, `rol_opcion_id`, `estatus`, `registro_fecha`, `registro_hora`, `registro_usuario_id`, `modificado_fecha`, `modificado_hora`, `modificado_usuario_id`, `secuencia`) VALUES
(247, 4, 236, 1, '2015-09-04', '09:46:44', 1, '2016-07-08', '14:27:27', 1, 1),
(248, 4, 237, 1, '2015-09-04', '09:46:44', 1, '2016-07-08', '14:27:27', 1, 1),
(250, 4, 239, 1, '2015-09-04', '09:46:44', 1, '2016-07-08', '14:27:27', 1, 1),
(251, 4, 240, 1, '2015-09-04', '09:46:44', 1, '2016-07-08', '14:27:27', 1, 1),
(252, 4, 241, 0, '2015-09-04', '09:46:44', 1, '2016-07-08', '14:27:27', 1, 1),
(254, 4, 243, 0, '2015-09-04', '09:46:44', 1, '2016-07-08', '14:27:27', 1, 1),
(255, 4, 244, 0, '2015-09-04', '09:46:44', 1, '2016-07-08', '14:27:27', 1, 1),
(256, 4, 245, 0, '2015-09-04', '09:46:44', 1, '2016-07-08', '14:27:27', 1, 1),
(257, 4, 246, 1, '2015-09-04', '09:46:44', 1, '2016-07-08', '14:27:27', 1, 1),
(258, 4, 247, 1, '2015-09-04', '09:46:44', 1, '2016-07-08', '14:27:27', 1, 1),
(259, 4, 248, 1, '2015-10-28', '16:35:45', 1, '2016-07-08', '14:27:27', 1, 1),
(260, 4, 249, 1, '2015-10-28', '16:35:45', 1, '2016-07-08', '14:27:27', 1, 1),
(261, 4, 250, 1, '2015-10-29', '09:21:36', 1, '2016-07-08', '14:27:27', 1, 1),
(262, 4, 251, 1, '2015-10-29', '09:58:28', 1, '2016-07-08', '14:27:27', 1, 1),
(263, 4, 252, 1, '2015-10-29', '10:17:08', 1, '2016-07-08', '14:27:27', 1, 1),
(281, 16, 236, 1, '2015-09-04', '09:46:44', 1, '2017-05-19', '11:29:47', 1, 1),
(282, 16, 237, 1, '2015-09-04', '09:46:44', 1, '2017-05-19', '11:29:47', 1, 1),
(284, 16, 239, 1, '2015-09-04', '09:46:44', 1, '2017-05-19', '11:29:47', 1, 1),
(285, 16, 240, 1, '2015-09-04', '09:46:44', 1, '2017-05-19', '11:29:47', 1, 1),
(286, 16, 241, 0, '2015-09-04', '09:46:44', 1, '2017-05-19', '11:29:47', 1, 1),
(288, 16, 243, 0, '2015-09-04', '09:46:44', 1, '2017-05-19', '11:29:47', 1, 1),
(289, 16, 244, 0, '2015-09-04', '09:46:44', 1, '2017-05-19', '11:29:47', 1, 1),
(290, 16, 245, 0, '2015-09-04', '09:46:44', 1, '2017-05-19', '11:29:47', 1, 1),
(291, 16, 246, 1, '2015-09-04', '09:46:44', 1, '2017-05-19', '11:29:47', 1, 1),
(292, 16, 247, 1, '2015-09-04', '09:46:44', 1, '2017-05-19', '11:29:47', 1, 1),
(293, 16, 248, 1, '2015-10-28', '16:35:45', 1, '2017-05-19', '11:29:47', 1, 1),
(294, 16, 249, 1, '2015-10-28', '16:35:45', 1, '2017-05-19', '11:29:47', 1, 1),
(295, 16, 250, 1, '2015-10-29', '09:21:36', 1, '2017-05-19', '11:29:47', 1, 1),
(296, 16, 251, 1, '2015-10-29', '09:58:28', 1, '2017-05-19', '11:29:47', 1, 1),
(297, 16, 252, 1, '2015-10-29', '10:17:08', 1, '2017-05-19', '11:29:47', 1, 1),
(298, 17, 236, 1, '2015-09-04', '09:46:44', 1, '2017-05-19', '11:33:12', 1, 1),
(299, 17, 237, 1, '2015-09-04', '09:46:44', 1, '2017-05-19', '11:33:12', 1, 1),
(301, 17, 239, 1, '2015-09-04', '09:46:44', 1, '2017-05-19', '11:33:12', 1, 1),
(302, 17, 240, 1, '2015-09-04', '09:46:44', 1, '2017-05-19', '11:33:12', 1, 1),
(303, 17, 241, 0, '2015-09-04', '09:46:44', 1, '2017-05-19', '11:33:12', 1, 1),
(305, 17, 243, 0, '2015-09-04', '09:46:44', 1, '2017-05-19', '11:33:12', 1, 1),
(306, 17, 244, 0, '2015-09-04', '09:46:44', 1, '2017-05-19', '11:33:12', 1, 1),
(307, 17, 245, 0, '2015-09-04', '09:46:44', 1, '2017-05-19', '11:33:12', 1, 1),
(308, 17, 246, 1, '2015-09-04', '09:46:44', 1, '2017-05-19', '11:33:12', 1, 1),
(309, 17, 247, 1, '2015-09-04', '09:46:44', 1, '2017-05-19', '11:33:12', 1, 1),
(310, 17, 248, 1, '2015-10-28', '16:35:45', 1, '2017-05-19', '11:33:12', 1, 1),
(311, 17, 249, 1, '2015-10-28', '16:35:45', 1, '2017-05-19', '11:33:12', 1, 1),
(312, 17, 250, 1, '2015-10-29', '09:21:36', 1, '2017-05-19', '11:33:12', 1, 1),
(313, 17, 251, 1, '2015-10-29', '09:58:28', 1, '2017-05-19', '11:33:12', 1, 1),
(314, 17, 252, 1, '2015-10-29', '10:17:08', 1, '2017-05-19', '11:33:12', 1, 1),
(315, 18, 236, 1, '2015-11-02', '15:00:13', 1, '2017-07-18', '10:19:16', 1, 1),
(316, 18, 237, 1, '2015-11-02', '15:00:13', 1, '2017-07-18', '10:19:16', 1, 1),
(318, 18, 239, 1, '2015-11-02', '15:00:13', 1, '2017-07-18', '10:19:16', 1, 1),
(319, 18, 240, 1, '2015-11-02', '15:00:13', 1, '2017-07-18', '10:19:16', 1, 1),
(320, 18, 241, 0, '2015-11-02', '15:00:13', 1, '2017-07-18', '10:19:16', 1, 1),
(322, 18, 248, 1, '2015-11-02', '15:00:13', 1, '2017-07-18', '10:19:16', 1, 1),
(323, 18, 249, 1, '2015-11-02', '15:00:13', 1, '2017-07-18', '10:19:16', 1, 1),
(324, 18, 250, 1, '2015-11-02', '15:00:13', 1, '2017-07-18', '10:19:16', 1, 1),
(325, 18, 251, 1, '2015-11-02', '15:00:13', 1, '2017-07-18', '10:19:16', 1, 1),
(326, 18, 252, 1, '2015-11-02', '15:00:13', 1, '2017-07-18', '10:19:16', 1, 1),
(327, 18, 246, 1, '2015-11-02', '15:00:13', 1, '2017-07-18', '10:19:16', 1, 1),
(328, 20, 257, 1, '2015-11-03', '15:00:33', 1, '2017-05-19', '11:35:15', 1, 1),
(329, 4, 261, 1, '2015-11-06', '11:04:58', 1, '2016-07-08', '14:27:27', 1, 1),
(330, 4, 258, 1, '2015-11-06', '11:04:58', 1, '2016-07-08', '14:27:27', 1, 1),
(331, 4, 262, 1, '2015-11-06', '11:04:58', 1, '2016-07-08', '14:27:27', 1, 1),
(332, 4, 259, 1, '2015-11-06', '11:04:58', 1, '2016-07-08', '14:27:27', 1, 1),
(333, 4, 260, 1, '2015-11-06', '11:04:58', 1, '2016-07-08', '14:27:27', 1, 1),
(334, 4, 267, 1, '2015-11-06', '11:04:58', 1, '2016-07-08', '14:27:27', 1, 1),
(335, 4, 263, 1, '2015-11-06', '11:04:58', 1, '2016-07-08', '14:27:27', 1, 1),
(336, 4, 264, 1, '2015-11-06', '11:04:58', 1, '2016-07-08', '14:27:27', 1, 1),
(337, 4, 266, 1, '2015-11-06', '11:04:58', 1, '2016-07-08', '14:27:27', 1, 1),
(338, 4, 265, 1, '2015-11-06', '11:04:58', 1, '2016-07-08', '14:27:27', 1, 1),
(339, 4, 284, 1, '2015-11-06', '11:04:58', 1, '2016-07-08', '14:27:27', 1, 1),
(340, 4, 285, 1, '2015-11-06', '11:04:58', 1, '2016-07-08', '14:27:27', 1, 1),
(341, 4, 286, 1, '2015-11-06', '11:04:58', 1, '2016-07-08', '14:27:27', 1, 1),
(342, 4, 283, 1, '2015-11-06', '11:04:58', 1, '2016-07-08', '14:27:27', 1, 1),
(343, 4, 287, 1, '2015-11-06', '11:04:58', 1, '2016-07-08', '14:27:27', 1, 1),
(344, 4, 289, 1, '2015-11-06', '11:04:58', 1, '2016-07-08', '14:27:27', 1, 1),
(345, 4, 291, 1, '2015-11-06', '11:04:58', 1, '2016-07-08', '14:27:27', 1, 1),
(346, 4, 290, 1, '2015-11-06', '11:04:58', 1, '2016-07-08', '14:27:27', 1, 1),
(347, 4, 292, 1, '2015-11-06', '11:04:58', 1, '2016-07-08', '14:27:27', 1, 1),
(348, 4, 288, 1, '2015-11-06', '11:04:58', 1, '2016-07-08', '14:27:27', 1, 1),
(349, 4, 293, 1, '2015-11-06', '11:04:58', 1, '2016-07-08', '14:27:27', 1, 1),
(350, 4, 295, 1, '2015-11-06', '11:04:58', 1, '2016-07-08', '14:27:27', 1, 1),
(351, 4, 296, 1, '2015-11-06', '11:04:58', 1, '2016-07-08', '14:27:27', 1, 1),
(352, 4, 297, 1, '2015-11-06', '11:04:58', 1, '2016-07-08', '14:27:27', 1, 1),
(353, 4, 294, 1, '2015-11-06', '11:04:58', 1, '2016-07-08', '14:27:27', 1, 1),
(354, 4, 300, 1, '2015-11-06', '11:04:58', 1, '2016-07-08', '14:27:27', 1, 1),
(355, 4, 301, 1, '2015-11-06', '11:04:58', 1, '2016-07-08', '14:27:27', 1, 1),
(356, 4, 298, 1, '2015-11-06', '11:04:58', 1, '2016-07-08', '14:27:27', 1, 1),
(357, 4, 302, 1, '2015-11-06', '11:04:58', 1, '2016-07-08', '14:27:27', 1, 1),
(358, 4, 299, 1, '2015-11-06', '11:04:58', 1, '2016-07-08', '14:27:27', 1, 1),
(359, 4, 270, 1, '2015-11-06', '11:04:58', 1, '2016-07-08', '14:27:27', 1, 1),
(360, 4, 271, 1, '2015-11-06', '11:04:58', 1, '2016-07-08', '14:27:27', 1, 1),
(361, 4, 268, 1, '2015-11-06', '11:04:58', 1, '2016-07-08', '14:27:27', 1, 1),
(362, 4, 272, 1, '2015-11-06', '11:04:58', 1, '2016-07-08', '14:27:27', 1, 1),
(363, 4, 269, 1, '2015-11-06', '11:04:58', 1, '2016-07-08', '14:27:27', 1, 1),
(364, 4, 277, 0, '2015-11-06', '11:04:58', 1, '2016-07-08', '14:27:27', 1, 1),
(365, 4, 274, 0, '2015-11-06', '11:04:58', 1, '2016-07-08', '14:27:27', 1, 1),
(366, 4, 273, 0, '2015-11-06', '11:04:58', 1, '2016-07-08', '14:27:27', 1, 1),
(367, 4, 275, 0, '2015-11-06', '11:04:58', 1, '2016-07-08', '14:27:27', 1, 1),
(368, 4, 276, 0, '2015-11-06', '11:04:58', 1, '2016-07-08', '14:27:27', 1, 1),
(374, 4, 304, 1, '2015-11-06', '11:04:58', 1, '2016-07-08', '14:27:27', 1, 1),
(375, 4, 305, 1, '2015-11-06', '11:04:58', 1, '2016-07-08', '14:27:27', 1, 1),
(376, 4, 306, 1, '2015-11-06', '11:04:58', 1, '2016-07-08', '14:27:27', 1, 1),
(377, 4, 303, 1, '2015-11-06', '11:04:58', 1, '2016-07-08', '14:27:27', 1, 1),
(378, 4, 307, 1, '2015-11-06', '11:04:58', 1, '2016-07-08', '14:27:27', 1, 1),
(379, 4, 308, 1, '2015-11-06', '15:31:16', 1, '2016-07-08', '14:27:27', 1, 1),
(380, 4, 309, 1, '2015-11-06', '15:31:16', 1, '2016-07-08', '14:27:27', 1, 1),
(381, 4, 312, 1, '2015-11-11', '11:59:25', 1, '2016-07-08', '14:27:27', 1, 1),
(382, 4, 316, 1, '2015-11-11', '11:59:25', 1, '2016-07-08', '14:27:27', 1, 1),
(383, 4, 313, 1, '2015-11-11', '11:59:25', 1, '2016-07-08', '14:27:27', 1, 1),
(384, 4, 317, 1, '2015-11-11', '11:59:25', 1, '2016-07-08', '14:27:27', 1, 1),
(385, 4, 310, 1, '2015-11-11', '11:59:25', 1, '2016-07-08', '14:27:27', 1, 1),
(386, 4, 314, 1, '2015-11-11', '11:59:25', 1, '2016-07-08', '14:27:27', 1, 1),
(387, 4, 318, 1, '2015-11-11', '11:59:25', 1, '2016-07-08', '14:27:27', 1, 1),
(388, 4, 311, 1, '2015-11-11', '11:59:25', 1, '2016-07-08', '14:27:27', 1, 1),
(389, 4, 315, 1, '2015-11-11', '11:59:25', 1, '2016-07-08', '14:27:27', 1, 1),
(390, 16, 315, 1, '2015-11-13', '14:47:04', 1, '2017-05-19', '11:29:47', 1, 1),
(391, 16, 312, 1, '2015-11-13', '14:47:04', 1, '2017-05-19', '11:29:47', 1, 1),
(392, 16, 316, 1, '2015-11-13', '14:47:04', 1, '2017-05-19', '11:29:47', 1, 1),
(393, 16, 313, 1, '2015-11-13', '14:47:04', 1, '2017-05-19', '11:29:47', 1, 1),
(394, 16, 317, 1, '2015-11-13', '14:47:04', 1, '2017-05-19', '11:29:47', 1, 1),
(395, 16, 310, 1, '2015-11-13', '14:47:04', 1, '2017-05-19', '11:29:47', 1, 1),
(396, 16, 314, 1, '2015-11-13', '14:47:04', 1, '2017-05-19', '11:29:47', 1, 1),
(397, 16, 318, 1, '2015-11-13', '14:47:04', 1, '2017-05-19', '11:29:47', 1, 1),
(398, 16, 311, 1, '2015-11-13', '14:47:04', 1, '2017-05-19', '11:29:47', 1, 1),
(399, 16, 259, 1, '2015-11-13', '14:47:04', 1, '2017-05-19', '11:29:47', 1, 1),
(400, 16, 260, 1, '2015-11-13', '14:47:04', 1, '2017-05-19', '11:29:47', 1, 1),
(401, 16, 261, 1, '2015-11-13', '14:47:04', 1, '2017-05-19', '11:29:47', 1, 1),
(402, 16, 258, 1, '2015-11-13', '14:47:04', 1, '2017-05-19', '11:29:47', 1, 1),
(403, 16, 262, 1, '2015-11-13', '14:47:04', 1, '2017-05-19', '11:29:47', 1, 1),
(404, 16, 266, 1, '2015-11-13', '14:47:04', 1, '2017-05-19', '11:29:47', 1, 1),
(405, 16, 263, 1, '2015-11-13', '14:47:04', 1, '2017-05-19', '11:29:47', 1, 1),
(406, 16, 267, 1, '2015-11-13', '14:47:04', 1, '2017-05-19', '11:29:47', 1, 1),
(407, 16, 264, 1, '2015-11-13', '14:47:04', 1, '2017-05-19', '11:29:47', 1, 1),
(408, 16, 265, 1, '2015-11-13', '14:47:04', 1, '2017-05-19', '11:29:47', 1, 1),
(409, 16, 270, 1, '2015-11-13', '14:47:04', 1, '2017-05-19', '11:29:47', 1, 1),
(410, 16, 271, 1, '2015-11-13', '14:47:04', 1, '2017-05-19', '11:29:47', 1, 1),
(411, 16, 268, 1, '2015-11-13', '14:47:04', 1, '2017-05-19', '11:29:47', 1, 1),
(412, 16, 272, 1, '2015-11-13', '14:47:04', 1, '2017-05-19', '11:29:47', 1, 1),
(413, 16, 269, 1, '2015-11-13', '14:47:04', 1, '2017-05-19', '11:29:47', 1, 1),
(414, 16, 274, 0, '2015-11-13', '14:47:04', 1, '2017-05-19', '11:29:47', 1, 1),
(415, 16, 275, 0, '2015-11-13', '14:47:04', 1, '2017-05-19', '11:29:47', 1, 1),
(416, 16, 276, 0, '2015-11-13', '14:47:04', 1, '2017-05-19', '11:29:47', 1, 1),
(417, 16, 273, 0, '2015-11-13', '14:47:04', 1, '2017-05-19', '11:29:47', 1, 1),
(418, 16, 277, 0, '2015-11-13', '14:47:04', 1, '2017-05-19', '11:29:47', 1, 1),
(419, 16, 308, 1, '2015-11-13', '14:47:04', 1, '2017-05-19', '11:29:47', 1, 1),
(422, 16, 309, 1, '2015-11-13', '14:47:04', 1, '2017-05-19', '11:29:47', 1, 1),
(426, 16, 285, 1, '2015-11-13', '14:47:04', 1, '2017-05-19', '11:29:47', 1, 1),
(427, 16, 286, 1, '2015-11-13', '14:47:04', 1, '2017-05-19', '11:29:47', 1, 1),
(428, 16, 283, 1, '2015-11-13', '14:47:04', 1, '2017-05-19', '11:29:47', 1, 1),
(429, 16, 287, 1, '2015-11-13', '14:47:04', 1, '2017-05-19', '11:29:47', 1, 1),
(430, 16, 284, 1, '2015-11-13', '14:47:04', 1, '2017-05-19', '11:29:47', 1, 1),
(431, 16, 289, 1, '2015-11-13', '14:47:04', 1, '2017-05-19', '11:29:47', 1, 1),
(432, 16, 290, 1, '2015-11-13', '14:47:04', 1, '2017-05-19', '11:29:47', 1, 1),
(433, 16, 291, 1, '2015-11-13', '14:47:04', 1, '2017-05-19', '11:29:47', 1, 1),
(434, 16, 288, 1, '2015-11-13', '14:47:04', 1, '2017-05-19', '11:29:47', 1, 1),
(435, 16, 292, 1, '2015-11-13', '14:47:04', 1, '2017-05-19', '11:29:47', 1, 1),
(436, 16, 293, 1, '2015-11-13', '14:47:04', 1, '2017-05-19', '11:29:47', 1, 1),
(437, 16, 297, 1, '2015-11-13', '14:47:04', 1, '2017-05-19', '11:29:47', 1, 1),
(438, 16, 294, 1, '2015-11-13', '14:47:04', 1, '2017-05-19', '11:29:47', 1, 1),
(439, 16, 295, 1, '2015-11-13', '14:47:04', 1, '2017-05-19', '11:29:47', 1, 1),
(440, 16, 296, 1, '2015-11-13', '14:47:04', 1, '2017-05-19', '11:29:47', 1, 1),
(441, 16, 300, 1, '2015-11-13', '14:47:04', 1, '2017-05-19', '11:29:47', 1, 1),
(442, 16, 301, 1, '2015-11-13', '14:47:04', 1, '2017-05-19', '11:29:47', 1, 1),
(443, 16, 298, 1, '2015-11-13', '14:47:04', 1, '2017-05-19', '11:29:47', 1, 1),
(444, 16, 302, 1, '2015-11-13', '14:47:04', 1, '2017-05-19', '11:29:47', 1, 1),
(445, 16, 299, 1, '2015-11-13', '14:47:04', 1, '2017-05-19', '11:29:47', 1, 1),
(446, 16, 304, 1, '2015-11-13', '14:47:04', 1, '2017-05-19', '11:29:47', 1, 1),
(447, 16, 305, 1, '2015-11-13', '14:47:04', 1, '2017-05-19', '11:29:47', 1, 1),
(448, 16, 306, 1, '2015-11-13', '14:47:04', 1, '2017-05-19', '11:29:47', 1, 1),
(449, 16, 303, 1, '2015-11-13', '14:47:04', 1, '2017-05-19', '11:29:47', 1, 1),
(450, 16, 307, 1, '2015-11-13', '14:47:04', 1, '2017-05-19', '11:29:47', 1, 1),
(451, 20, 319, 1, '2015-11-16', '09:03:22', 1, '2017-05-19', '11:35:15', 1, 1),
(452, 20, 320, 1, '2015-11-16', '09:03:22', 1, '2017-05-19', '11:35:15', 1, 1),
(453, 20, 321, 1, '2015-11-16', '09:03:22', 1, '2017-05-19', '11:35:15', 1, 1),
(454, 20, 322, 1, '2015-11-16', '09:03:22', 1, '2017-05-19', '11:35:15', 1, 1),
(455, 20, 325, 1, '2015-11-16', '09:03:22', 1, '2017-05-19', '11:35:15', 1, 1),
(456, 20, 323, 1, '2015-11-16', '09:03:22', 1, '2017-05-19', '11:35:15', 1, 1),
(457, 20, 324, 1, '2015-11-16', '09:03:22', 1, '2017-05-19', '11:35:15', 1, 1),
(458, 20, 326, 0, '2015-11-16', '09:03:22', 1, '2017-05-19', '11:35:15', 1, 1),
(459, 20, 329, 0, '2015-11-16', '09:03:22', 1, '2017-05-19', '11:35:15', 1, 1),
(460, 20, 327, 0, '2015-11-16', '09:03:22', 1, '2017-05-19', '11:35:15', 1, 1),
(461, 20, 328, 0, '2015-11-16', '09:03:22', 1, '2017-05-19', '11:35:15', 1, 1),
(463, 20, 333, 1, '2015-11-16', '09:03:22', 1, '2017-05-19', '11:35:15', 1, 1),
(466, 20, 332, 1, '2015-11-16', '09:03:22', 1, '2017-05-19', '11:35:15', 1, 1),
(467, 20, 335, 1, '2015-11-16', '09:03:22', 1, '2017-05-19', '11:35:15', 1, 1),
(468, 20, 337, 1, '2015-11-16', '09:03:22', 1, '2017-05-19', '11:35:15', 1, 1),
(469, 20, 338, 1, '2015-11-16', '09:03:22', 1, '2017-05-19', '11:35:15', 1, 1),
(470, 20, 336, 0, '2015-11-16', '09:03:22', 1, '2017-05-19', '11:35:15', 1, 1),
(471, 20, 339, 1, '2015-11-16', '09:03:22', 1, '2017-05-19', '11:35:15', 1, 1),
(472, 17, 315, 1, '2015-11-16', '09:05:05', 1, '2017-05-19', '11:33:12', 1, 1),
(473, 17, 312, 1, '2015-11-16', '09:05:05', 1, '2017-05-19', '11:33:12', 1, 1),
(474, 17, 316, 1, '2015-11-16', '09:05:05', 1, '2017-05-19', '11:33:12', 1, 1),
(475, 17, 313, 1, '2015-11-16', '09:05:05', 1, '2017-05-19', '11:33:12', 1, 1),
(476, 17, 317, 1, '2015-11-16', '09:05:05', 1, '2017-05-19', '11:33:12', 1, 1),
(477, 17, 310, 1, '2015-11-16', '09:05:05', 1, '2017-05-19', '11:33:12', 1, 1),
(478, 17, 314, 1, '2015-11-16', '09:05:05', 1, '2017-05-19', '11:33:12', 1, 1),
(479, 17, 318, 1, '2015-11-16', '09:05:05', 1, '2017-05-19', '11:33:12', 1, 1),
(480, 17, 311, 1, '2015-11-16', '09:05:05', 1, '2017-05-19', '11:33:12', 1, 1),
(481, 17, 259, 1, '2015-11-16', '09:05:05', 1, '2017-05-19', '11:33:12', 1, 1),
(482, 17, 260, 1, '2015-11-16', '09:05:05', 1, '2017-05-19', '11:33:12', 1, 1),
(483, 17, 261, 1, '2015-11-16', '09:05:05', 1, '2017-05-19', '11:33:12', 1, 1),
(484, 17, 258, 1, '2015-11-16', '09:05:05', 1, '2017-05-19', '11:33:12', 1, 1),
(485, 17, 262, 1, '2015-11-16', '09:05:05', 1, '2017-05-19', '11:33:12', 1, 1),
(486, 17, 266, 1, '2015-11-16', '09:05:05', 1, '2017-05-19', '11:33:12', 1, 1),
(487, 17, 263, 1, '2015-11-16', '09:05:05', 1, '2017-05-19', '11:33:12', 1, 1),
(488, 17, 267, 1, '2015-11-16', '09:05:05', 1, '2017-05-19', '11:33:12', 1, 1),
(489, 17, 264, 1, '2015-11-16', '09:05:05', 1, '2017-05-19', '11:33:12', 1, 1),
(490, 17, 265, 1, '2015-11-16', '09:05:05', 1, '2017-05-19', '11:33:12', 1, 1),
(491, 17, 270, 1, '2015-11-16', '09:05:05', 1, '2017-05-19', '11:33:12', 1, 1),
(492, 17, 271, 1, '2015-11-16', '09:05:05', 1, '2017-05-19', '11:33:12', 1, 1),
(493, 17, 268, 1, '2015-11-16', '09:05:05', 1, '2017-05-19', '11:33:12', 1, 1),
(494, 17, 272, 1, '2015-11-16', '09:05:05', 1, '2017-05-19', '11:33:12', 1, 1),
(495, 17, 269, 1, '2015-11-16', '09:05:05', 1, '2017-05-19', '11:33:12', 1, 1),
(496, 17, 274, 0, '2015-11-16', '09:05:05', 1, '2017-05-19', '11:33:12', 1, 1),
(497, 17, 275, 0, '2015-11-16', '09:05:05', 1, '2017-05-19', '11:33:12', 1, 1),
(498, 17, 276, 0, '2015-11-16', '09:05:05', 1, '2017-05-19', '11:33:12', 1, 1),
(499, 17, 273, 0, '2015-11-16', '09:05:05', 1, '2017-05-19', '11:33:12', 1, 1),
(500, 17, 277, 0, '2015-11-16', '09:05:05', 1, '2017-05-19', '11:33:12', 1, 1),
(501, 17, 308, 1, '2015-11-16', '09:05:05', 1, '2017-05-19', '11:33:12', 1, 1),
(504, 17, 309, 1, '2015-11-16', '09:05:05', 1, '2017-05-19', '11:33:12', 1, 1),
(508, 17, 285, 1, '2015-11-16', '09:05:05', 1, '2017-05-19', '11:33:12', 1, 1),
(509, 17, 286, 1, '2015-11-16', '09:05:05', 1, '2017-05-19', '11:33:12', 1, 1),
(510, 17, 283, 1, '2015-11-16', '09:05:05', 1, '2017-05-19', '11:33:12', 1, 1),
(511, 17, 287, 1, '2015-11-16', '09:05:05', 1, '2017-05-19', '11:33:12', 1, 1),
(512, 17, 284, 1, '2015-11-16', '09:05:05', 1, '2017-05-19', '11:33:12', 1, 1),
(513, 17, 289, 1, '2015-11-16', '09:05:05', 1, '2017-05-19', '11:33:12', 1, 1),
(514, 17, 290, 1, '2015-11-16', '09:05:05', 1, '2017-05-19', '11:33:12', 1, 1),
(515, 17, 291, 1, '2015-11-16', '09:05:05', 1, '2017-05-19', '11:33:12', 1, 1),
(516, 17, 288, 1, '2015-11-16', '09:05:05', 1, '2017-05-19', '11:33:12', 1, 1),
(517, 17, 292, 1, '2015-11-16', '09:05:05', 1, '2017-05-19', '11:33:12', 1, 1),
(518, 17, 293, 1, '2015-11-16', '09:05:05', 1, '2017-05-19', '11:33:12', 1, 1),
(519, 17, 297, 1, '2015-11-16', '09:05:05', 1, '2017-05-19', '11:33:12', 1, 1),
(520, 17, 294, 1, '2015-11-16', '09:05:05', 1, '2017-05-19', '11:33:12', 1, 1),
(521, 17, 295, 1, '2015-11-16', '09:05:05', 1, '2017-05-19', '11:33:12', 1, 1),
(522, 17, 296, 1, '2015-11-16', '09:05:05', 1, '2017-05-19', '11:33:12', 1, 1),
(523, 17, 300, 1, '2015-11-16', '09:05:05', 1, '2017-05-19', '11:33:12', 1, 1),
(524, 17, 301, 1, '2015-11-16', '09:05:05', 1, '2017-05-19', '11:33:12', 1, 1),
(525, 17, 298, 1, '2015-11-16', '09:05:05', 1, '2017-05-19', '11:33:12', 1, 1),
(526, 17, 302, 1, '2015-11-16', '09:05:05', 1, '2017-05-19', '11:33:12', 1, 1),
(527, 17, 299, 1, '2015-11-16', '09:05:05', 1, '2017-05-19', '11:33:12', 1, 1),
(528, 17, 304, 1, '2015-11-16', '09:05:05', 1, '2017-05-19', '11:33:12', 1, 1),
(529, 17, 305, 1, '2015-11-16', '09:05:05', 1, '2017-05-19', '11:33:12', 1, 1),
(530, 17, 306, 1, '2015-11-16', '09:05:05', 1, '2017-05-19', '11:33:12', 1, 1),
(531, 17, 303, 1, '2015-11-16', '09:05:05', 1, '2017-05-19', '11:33:12', 1, 1),
(532, 17, 307, 1, '2015-11-16', '09:05:05', 1, '2017-05-19', '11:33:12', 1, 1),
(533, 18, 315, 1, '2015-11-16', '09:07:32', 1, '2017-07-18', '10:19:16', 1, 1),
(534, 18, 312, 1, '2015-11-16', '09:07:32', 1, '2017-07-18', '10:19:16', 1, 1),
(535, 18, 316, 1, '2015-11-16', '09:07:32', 1, '2017-07-18', '10:19:16', 1, 1),
(536, 18, 313, 1, '2015-11-16', '09:07:32', 1, '2017-07-18', '10:19:16', 1, 1),
(537, 18, 317, 1, '2015-11-16', '09:07:32', 1, '2017-07-18', '10:19:16', 1, 1),
(538, 18, 310, 1, '2015-11-16', '09:07:32', 1, '2017-07-18', '10:19:16', 1, 1),
(539, 18, 314, 1, '2015-11-16', '09:07:32', 1, '2017-07-18', '10:19:16', 1, 1),
(540, 18, 318, 1, '2015-11-16', '09:07:32', 1, '2017-07-18', '10:19:16', 1, 1),
(541, 18, 311, 1, '2015-11-16', '09:07:32', 1, '2017-07-18', '10:19:16', 1, 1),
(542, 18, 259, 1, '2015-11-16', '09:07:32', 1, '2017-07-18', '10:19:16', 1, 1),
(543, 18, 260, 1, '2015-11-16', '09:07:32', 1, '2017-07-18', '10:19:16', 1, 1),
(544, 18, 261, 1, '2015-11-16', '09:07:32', 1, '2017-07-18', '10:19:16', 1, 1),
(545, 18, 258, 1, '2015-11-16', '09:07:32', 1, '2017-07-18', '10:19:16', 1, 1),
(546, 18, 262, 1, '2015-11-16', '09:07:32', 1, '2017-07-18', '10:19:16', 1, 1),
(547, 18, 266, 1, '2015-11-16', '09:07:32', 1, '2017-07-18', '10:19:16', 1, 1),
(548, 18, 263, 1, '2015-11-16', '09:07:32', 1, '2017-07-18', '10:19:16', 1, 1),
(549, 18, 267, 1, '2015-11-16', '09:07:32', 1, '2017-07-18', '10:19:16', 1, 1),
(550, 18, 264, 1, '2015-11-16', '09:07:32', 1, '2017-07-18', '10:19:16', 1, 1),
(551, 18, 265, 1, '2015-11-16', '09:07:32', 1, '2017-07-18', '10:19:16', 1, 1),
(552, 18, 270, 1, '2015-11-16', '09:07:32', 1, '2017-07-18', '10:19:16', 1, 1),
(553, 18, 271, 1, '2015-11-16', '09:07:32', 1, '2017-07-18', '10:19:16', 1, 1),
(554, 18, 268, 1, '2015-11-16', '09:07:32', 1, '2017-07-18', '10:19:16', 1, 1),
(555, 18, 272, 1, '2015-11-16', '09:07:32', 1, '2017-07-18', '10:19:16', 1, 1),
(556, 18, 269, 1, '2015-11-16', '09:07:32', 1, '2017-07-18', '10:19:16', 1, 1),
(557, 18, 274, 0, '2015-11-16', '09:07:32', 1, '2017-07-18', '10:19:16', 1, 1),
(558, 18, 275, 0, '2015-11-16', '09:07:32', 1, '2017-07-18', '10:19:16', 1, 1),
(559, 18, 276, 0, '2015-11-16', '09:07:32', 1, '2017-07-18', '10:19:16', 1, 1),
(560, 18, 273, 0, '2015-11-16', '09:07:32', 1, '2017-07-18', '10:19:16', 1, 1),
(561, 18, 277, 0, '2015-11-16', '09:07:32', 1, '2017-07-18', '10:19:16', 1, 1),
(562, 18, 308, 1, '2015-11-16', '09:07:32', 1, '2017-07-18', '10:19:16', 1, 1),
(565, 18, 309, 1, '2015-11-16', '09:07:32', 1, '2017-07-18', '10:19:16', 1, 1),
(569, 18, 285, 1, '2015-11-16', '09:07:32', 1, '2017-07-18', '10:19:16', 1, 1),
(570, 18, 286, 1, '2015-11-16', '09:07:32', 1, '2017-07-18', '10:19:16', 1, 1),
(571, 18, 283, 1, '2015-11-16', '09:07:32', 1, '2017-07-18', '10:19:16', 1, 1),
(572, 18, 287, 1, '2015-11-16', '09:07:32', 1, '2017-07-18', '10:19:16', 1, 1),
(573, 18, 284, 1, '2015-11-16', '09:07:32', 1, '2017-07-18', '10:19:16', 1, 1),
(574, 18, 289, 1, '2015-11-16', '09:07:32', 1, '2017-07-18', '10:19:16', 1, 1),
(575, 18, 290, 1, '2015-11-16', '09:07:32', 1, '2017-07-18', '10:19:16', 1, 1),
(576, 18, 291, 1, '2015-11-16', '09:07:32', 1, '2017-07-18', '10:19:16', 1, 1),
(577, 18, 288, 1, '2015-11-16', '09:07:32', 1, '2017-07-18', '10:19:16', 1, 1),
(578, 18, 292, 1, '2015-11-16', '09:07:32', 1, '2017-07-18', '10:19:16', 1, 1),
(579, 18, 293, 1, '2015-11-16', '09:07:32', 1, '2017-07-18', '10:19:16', 1, 1),
(580, 18, 297, 1, '2015-11-16', '09:07:32', 1, '2017-07-18', '10:19:16', 1, 1),
(581, 18, 294, 1, '2015-11-16', '09:07:32', 1, '2017-07-18', '10:19:16', 1, 1),
(582, 18, 295, 1, '2015-11-16', '09:07:32', 1, '2017-07-18', '10:19:16', 1, 1),
(583, 18, 296, 1, '2015-11-16', '09:07:32', 1, '2017-07-18', '10:19:16', 1, 1),
(584, 18, 300, 1, '2015-11-16', '09:07:32', 1, '2017-07-18', '10:19:16', 1, 1),
(585, 18, 301, 1, '2015-11-16', '09:07:32', 1, '2017-07-18', '10:19:16', 1, 1),
(586, 18, 298, 1, '2015-11-16', '09:07:32', 1, '2017-07-18', '10:19:16', 1, 1),
(587, 18, 302, 1, '2015-11-16', '09:07:32', 1, '2017-07-18', '10:19:16', 1, 1),
(588, 18, 299, 1, '2015-11-16', '09:07:32', 1, '2017-07-18', '10:19:16', 1, 1),
(589, 18, 247, 1, '2015-11-16', '09:07:32', 1, '2017-07-18', '10:19:16', 1, 1),
(590, 18, 304, 1, '2015-11-16', '09:07:32', 1, '2017-07-18', '10:19:16', 1, 1),
(591, 18, 305, 1, '2015-11-16', '09:07:32', 1, '2017-07-18', '10:19:16', 1, 1),
(592, 18, 306, 1, '2015-11-16', '09:07:32', 1, '2017-07-18', '10:19:16', 1, 1),
(593, 18, 303, 1, '2015-11-16', '09:07:32', 1, '2017-07-18', '10:19:16', 1, 1),
(594, 18, 307, 1, '2015-11-16', '09:07:32', 1, '2017-07-18', '10:19:16', 1, 1),
(595, 26, 257, 1, '2015-11-30', '16:36:23', 1, '2016-04-12', '09:33:17', 1, 1),
(596, 26, 321, 1, '2015-11-30', '16:36:23', 1, '2016-04-12', '09:33:17', 1, 1),
(597, 26, 319, 1, '2015-11-30', '16:36:23', 1, '2016-04-12', '09:33:17', 1, 1),
(598, 26, 320, 1, '2015-11-30', '16:36:23', 1, '2016-04-12', '09:33:17', 1, 1),
(599, 26, 322, 1, '2015-11-30', '16:36:23', 1, '2016-04-12', '09:33:17', 1, 1),
(600, 26, 324, 1, '2015-11-30', '16:36:23', 1, '2016-04-12', '09:33:17', 1, 1),
(601, 26, 325, 1, '2015-11-30', '16:36:23', 1, '2016-04-12', '09:33:17', 1, 1),
(602, 26, 323, 1, '2015-11-30', '16:36:23', 1, '2016-04-12', '09:33:17', 1, 1),
(604, 26, 332, 1, '2015-11-30', '16:36:23', 1, '2016-04-12', '09:33:17', 1, 1),
(605, 26, 333, 1, '2015-11-30', '16:36:23', 1, '2016-04-12', '09:33:17', 1, 1),
(608, 26, 345, 1, '2016-02-11', '15:57:03', 1, '2016-04-12', '09:33:17', 1, 1),
(609, 26, 346, 1, '2016-02-11', '15:57:03', 1, '2016-04-12', '09:33:17', 1, 1),
(610, 26, 340, 1, '2016-02-11', '15:57:03', 1, '2016-04-12', '09:33:17', 1, 1),
(611, 26, 344, 1, '2016-02-11', '15:57:03', 1, '2016-04-12', '09:33:17', 1, 1),
(612, 26, 337, 1, '2016-02-11', '15:57:03', 1, '2016-04-12', '09:33:17', 1, 1),
(613, 26, 338, 1, '2016-02-11', '15:57:03', 1, '2016-04-12', '09:33:17', 1, 1),
(614, 26, 336, 0, '2016-02-11', '15:57:03', 1, '2016-04-12', '09:33:17', 1, 1),
(616, 26, 335, 1, '2016-02-11', '17:03:10', 1, '2016-04-12', '09:33:17', 1, 1),
(617, 26, 339, 1, '2016-02-11', '17:03:10', 1, '2016-04-12', '09:33:17', 1, 1),
(618, 26, 353, 1, '2016-02-11', '17:05:06', 1, '2016-04-12', '09:33:17', 1, 1),
(619, 26, 341, 1, '2016-02-11', '17:05:06', 1, '2016-04-12', '09:33:17', 1, 1),
(620, 26, 342, 1, '2016-02-11', '17:05:06', 1, '2016-04-12', '09:33:17', 1, 1),
(621, 26, 343, 1, '2016-02-11', '17:05:06', 1, '2016-04-12', '09:33:17', 1, 1),
(689, 69, 257, 1, '2016-02-18', '10:24:13', 1, '2016-04-12', '09:33:22', 1, 1),
(690, 69, 320, 1, '2016-02-18', '10:24:13', 1, '2016-04-12', '09:33:22', 1, 1),
(691, 69, 340, 1, '2016-02-18', '10:24:13', 1, '2016-04-12', '09:33:22', 1, 1),
(692, 69, 321, 1, '2016-02-18', '10:24:13', 1, '2016-04-12', '09:33:22', 1, 1),
(693, 69, 345, 1, '2016-02-18', '10:24:13', 1, '2016-04-12', '09:33:22', 1, 1),
(694, 69, 319, 1, '2016-02-18', '10:24:13', 1, '2016-04-12', '09:33:22', 1, 1),
(695, 69, 346, 1, '2016-02-18', '10:24:13', 1, '2016-04-12', '09:33:22', 1, 1),
(696, 69, 353, 1, '2016-02-18', '10:24:13', 1, '2016-04-12', '09:33:22', 1, 1),
(698, 69, 343, 1, '2016-02-18', '10:24:13', 1, '2016-04-12', '09:33:22', 1, 1),
(699, 69, 341, 1, '2016-02-18', '10:24:13', 1, '2016-04-12', '09:33:22', 1, 1),
(700, 69, 342, 1, '2016-02-18', '10:24:13', 1, '2016-04-12', '09:33:22', 1, 1),
(701, 69, 322, 1, '2016-02-18', '10:24:13', 1, '2016-04-12', '09:33:22', 1, 1),
(702, 69, 324, 1, '2016-02-18', '10:24:13', 1, '2016-04-12', '09:33:22', 1, 1),
(703, 69, 325, 1, '2016-02-18', '10:24:13', 1, '2016-04-12', '09:33:22', 1, 1),
(704, 69, 323, 1, '2016-02-18', '10:24:13', 1, '2016-04-12', '09:33:22', 1, 1),
(706, 69, 332, 1, '2016-02-18', '10:24:13', 1, '2016-04-12', '09:33:22', 1, 1),
(707, 69, 333, 1, '2016-02-18', '10:24:13', 1, '2016-04-12', '09:33:22', 1, 1),
(710, 69, 335, 1, '2016-02-18', '10:24:13', 1, '2016-04-12', '09:33:22', 1, 1),
(711, 69, 344, 1, '2016-02-18', '10:24:13', 1, '2016-04-12', '09:33:22', 1, 1),
(712, 69, 337, 1, '2016-02-18', '10:24:13', 1, '2016-04-12', '09:33:22', 1, 1),
(713, 69, 338, 1, '2016-02-18', '10:24:13', 1, '2016-04-12', '09:33:22', 1, 1),
(714, 69, 339, 1, '2016-02-18', '10:24:13', 1, '2016-04-12', '09:33:22', 1, 1),
(876, 4, 402, 1, '2016-03-11', '11:20:15', 1, '2016-07-08', '14:27:27', 1, 1),
(877, 4, 403, 1, '2016-03-11', '11:03:40', 4, '2016-07-08', '14:27:27', 4, 1),
(879, 4, 405, 1, '2016-03-11', '14:30:08', 1, '2016-07-08', '14:27:27', 1, 1),
(880, 4, 406, 0, '2016-03-11', '14:30:08', 1, '2016-07-08', '14:27:27', 1, 1),
(881, 4, 407, 1, '2016-03-11', '14:30:08', 1, '2016-07-08', '14:27:27', 1, 1),
(882, 4, 408, 0, '2016-03-11', '14:30:08', 1, '2016-07-08', '14:27:27', 1, 1),
(883, 4, 409, 1, '2016-03-11', '14:30:08', 1, '2016-07-08', '14:27:27', 1, 1),
(884, 17, 403, 1, '2016-03-14', '15:22:42', 1, '2017-05-19', '11:33:12', 1, 1),
(886, 17, 408, 0, '2016-03-14', '15:22:42', 1, '2017-05-19', '11:33:12', 1, 1),
(887, 17, 405, 1, '2016-03-14', '15:22:42', 1, '2017-05-19', '11:33:12', 1, 1),
(888, 17, 409, 1, '2016-03-14', '15:22:42', 1, '2017-05-19', '11:33:12', 1, 1),
(889, 17, 406, 0, '2016-03-14', '15:22:42', 1, '2017-05-19', '11:33:12', 1, 1),
(890, 17, 407, 1, '2016-03-14', '15:22:42', 1, '2017-05-19', '11:33:12', 1, 1),
(891, 4, 424, 1, '2016-03-17', '15:14:07', 1, '2016-07-08', '14:27:27', 1, 1),
(893, 16, 424, 1, '2016-03-29', '11:08:35', 1, '2017-05-19', '11:29:47', 1, 1),
(894, 16, 426, 1, '2016-03-29', '11:08:35', 1, '2017-05-19', '11:29:47', 1, 1),
(895, 16, 403, 1, '2016-03-29', '11:08:35', 1, '2017-05-19', '11:29:47', 1, 1),
(896, 16, 408, 0, '2016-03-29', '11:08:35', 1, '2017-05-19', '11:29:47', 1, 1),
(897, 16, 405, 1, '2016-03-29', '11:08:35', 1, '2017-05-19', '11:29:47', 1, 1),
(898, 16, 409, 1, '2016-03-29', '11:08:35', 1, '2017-05-19', '11:29:47', 1, 1),
(899, 16, 406, 0, '2016-03-29', '11:08:35', 1, '2017-05-19', '11:29:47', 1, 1),
(900, 16, 407, 1, '2016-03-29', '11:08:35', 1, '2017-05-19', '11:29:47', 1, 1),
(901, 16, 402, 1, '2016-03-29', '11:08:35', 1, '2017-05-19', '11:29:47', 1, 1),
(920, 4, 430, 1, '2016-03-30', '11:08:53', 1, '2016-07-08', '14:27:27', 1, 1),
(921, 4, 431, 1, '2016-03-30', '11:08:53', 1, '2016-07-08', '14:27:27', 1, 1),
(922, 4, 426, 1, '2016-03-30', '11:08:53', 1, '2016-07-08', '14:27:27', 1, 1),
(923, 16, 430, 1, '2016-03-30', '11:35:54', 1, '2017-05-19', '11:29:47', 1, 1),
(924, 16, 431, 1, '2016-03-30', '11:35:54', 1, '2017-05-19', '11:29:47', 1, 1),
(932, 69, 432, 1, '2016-03-30', '11:37:15', 1, '2016-04-12', '09:33:22', 1, 1),
(933, 69, 433, 1, '2016-03-30', '11:37:15', 1, '2016-04-12', '09:33:22', 1, 1),
(934, 69, 435, 1, '2016-03-30', '11:37:15', 1, '2016-04-12', '09:33:22', 1, 1),
(935, 69, 436, 1, '2016-03-30', '11:37:15', 1, '2016-04-12', '09:33:22', 1, 1),
(936, 69, 416, 1, '2016-03-30', '11:37:15', 1, '2016-04-12', '09:33:22', 1, 1),
(937, 69, 418, 1, '2016-03-30', '11:37:15', 1, '2016-04-12', '09:33:22', 1, 1),
(938, 69, 419, 1, '2016-03-30', '11:37:15', 1, '2016-04-12', '09:33:22', 1, 1),
(939, 26, 432, 1, '2016-03-30', '11:37:23', 1, '2016-04-12', '09:33:17', 1, 1),
(940, 26, 433, 1, '2016-03-30', '11:37:23', 1, '2016-04-12', '09:33:17', 1, 1),
(941, 26, 435, 1, '2016-03-30', '11:37:23', 1, '2016-04-12', '09:33:17', 1, 1),
(942, 26, 436, 1, '2016-03-30', '11:37:23', 1, '2016-04-12', '09:33:17', 1, 1),
(943, 26, 416, 1, '2016-03-30', '11:37:23', 1, '2016-04-12', '09:33:17', 1, 1),
(944, 26, 418, 1, '2016-03-30', '11:37:23', 1, '2016-04-12', '09:33:17', 1, 1),
(945, 26, 419, 1, '2016-03-30', '11:37:23', 1, '2016-04-12', '09:33:17', 1, 1),
(964, 20, 346, 1, '2016-03-30', '11:37:45', 1, '2017-05-19', '11:35:15', 1, 1),
(965, 20, 340, 1, '2016-03-30', '11:37:45', 1, '2017-05-19', '11:35:15', 1, 1),
(966, 20, 432, 1, '2016-03-30', '11:37:45', 1, '2017-05-19', '11:35:15', 1, 1),
(967, 20, 433, 1, '2016-03-30', '11:37:45', 1, '2017-05-19', '11:35:15', 1, 1),
(968, 20, 345, 1, '2016-03-30', '11:37:45', 1, '2017-05-19', '11:35:15', 1, 1),
(969, 20, 435, 1, '2016-03-30', '11:37:45', 1, '2017-05-19', '11:35:15', 1, 1),
(970, 20, 436, 1, '2016-03-30', '11:37:45', 1, '2017-05-19', '11:35:15', 1, 1),
(971, 20, 416, 1, '2016-03-30', '11:37:45', 1, '2017-05-19', '11:35:15', 1, 1),
(972, 20, 418, 1, '2016-03-30', '11:37:45', 1, '2017-05-19', '11:35:15', 1, 1),
(973, 20, 419, 1, '2016-03-30', '11:37:45', 1, '2017-05-19', '11:35:15', 1, 1),
(974, 20, 353, 1, '2016-03-30', '11:37:45', 1, '2017-05-19', '11:35:15', 1, 1),
(975, 20, 343, 1, '2016-03-30', '11:37:45', 1, '2017-05-19', '11:35:15', 1, 1),
(976, 20, 341, 1, '2016-03-30', '11:37:45', 1, '2017-05-19', '11:35:15', 1, 1),
(977, 20, 342, 1, '2016-03-30', '11:37:45', 1, '2017-05-19', '11:35:15', 1, 1),
(978, 20, 344, 1, '2016-03-30', '11:37:45', 1, '2017-05-19', '11:35:15', 1, 1),
(979, 18, 430, 1, '2016-03-30', '11:37:54', 1, '2017-07-18', '10:19:16', 1, 1),
(980, 18, 431, 1, '2016-03-30', '11:37:54', 1, '2017-07-18', '10:19:16', 1, 1),
(981, 18, 424, 1, '2016-03-30', '11:37:54', 1, '2017-07-18', '10:19:16', 1, 1),
(982, 18, 426, 1, '2016-03-30', '11:37:54', 1, '2017-07-18', '10:19:16', 1, 1),
(983, 18, 403, 1, '2016-03-30', '11:37:54', 1, '2017-07-18', '10:19:16', 1, 1),
(984, 18, 408, 0, '2016-03-30', '11:37:54', 1, '2017-07-18', '10:19:16', 1, 1),
(985, 18, 405, 1, '2016-03-30', '11:37:54', 1, '2017-07-18', '10:19:16', 1, 1),
(986, 18, 409, 1, '2016-03-30', '11:37:54', 1, '2017-07-18', '10:19:16', 1, 1),
(987, 18, 406, 0, '2016-03-30', '11:37:54', 1, '2017-07-18', '10:19:16', 1, 1),
(988, 18, 407, 1, '2016-03-30', '11:37:54', 1, '2017-07-18', '10:19:16', 1, 1),
(989, 18, 402, 1, '2016-03-30', '11:37:55', 1, '2017-07-18', '10:19:16', 1, 1),
(990, 17, 430, 1, '2016-03-30', '11:38:04', 1, '2017-05-19', '11:33:12', 1, 1),
(991, 17, 431, 1, '2016-03-30', '11:38:04', 1, '2017-05-19', '11:33:12', 1, 1),
(992, 17, 424, 1, '2016-03-30', '11:38:04', 1, '2017-05-19', '11:33:12', 1, 1),
(993, 17, 426, 1, '2016-03-30', '11:38:04', 1, '2017-05-19', '11:33:12', 1, 1),
(994, 17, 402, 1, '2016-03-30', '11:38:04', 1, '2017-05-19', '11:33:12', 1, 1),
(1134, 4, 440, 1, '2016-04-06', '11:58:12', 1, '2016-07-08', '14:27:27', 1, 1),
(1135, 4, 441, 1, '2016-04-06', '11:58:12', 1, '2016-07-08', '14:27:27', 1, 1),
(1147, 16, 440, 1, '2016-04-12', '09:32:19', 1, '2017-05-19', '11:29:47', 1, 1),
(1148, 16, 441, 1, '2016-04-12', '09:32:19', 1, '2017-05-19', '11:29:47', 1, 1),
(1149, 17, 440, 1, '2016-04-12', '09:32:22', 1, '2017-05-19', '11:33:12', 1, 1),
(1150, 17, 441, 1, '2016-04-12', '09:32:22', 1, '2017-05-19', '11:33:12', 1, 1),
(1151, 18, 440, 1, '2016-04-12', '09:32:24', 1, '2017-07-18', '10:19:16', 1, 1),
(1152, 18, 441, 1, '2016-04-12', '09:32:24', 1, '2017-07-18', '10:19:16', 1, 1),
(1153, 20, 444, 1, '2016-04-12', '09:33:13', 1, '2017-05-19', '11:35:15', 1, 1),
(1154, 20, 445, 1, '2016-04-12', '09:33:13', 1, '2017-05-19', '11:35:15', 1, 1),
(1155, 26, 444, 1, '2016-04-12', '09:33:17', 1, '2016-04-12', '09:33:17', 1, 1),
(1156, 26, 445, 1, '2016-04-12', '09:33:17', 1, '2016-04-12', '09:33:17', 1, 1),
(1157, 69, 444, 1, '2016-04-12', '09:33:23', 1, '2016-04-12', '09:33:23', 1, 1),
(1158, 69, 445, 1, '2016-04-12', '09:33:23', 1, '2016-04-12', '09:33:23', 1, 1),
(1202, 4, 448, 1, '2016-04-13', '15:55:55', 1, '2016-07-08', '14:27:27', 1, 1),
(1208, 18, 448, 1, '2016-04-13', '15:58:40', 1, '2017-07-18', '10:19:16', 1, 1),
(1209, 17, 448, 1, '2016-04-13', '15:59:01', 1, '2017-05-19', '11:33:12', 1, 1),
(1278, 104, 348, 1, '2016-06-09', '13:06:52', 17, '2016-06-09', '13:06:52', 17, 1),
(1279, 104, 349, 1, '2016-06-09', '13:06:52', 17, '2016-06-09', '13:06:52', 17, 1),
(1280, 104, 350, 1, '2016-06-09', '13:06:52', 17, '2016-06-09', '13:06:52', 17, 1),
(1281, 104, 351, 1, '2016-06-09', '13:06:52', 17, '2016-06-09', '13:06:52', 17, 1),
(1282, 104, 352, 1, '2016-06-09', '13:06:52', 17, '2016-06-09', '13:06:52', 17, 1),
(1283, 104, 354, 1, '2016-06-09', '13:06:52', 17, '2016-06-09', '13:06:52', 17, 1),
(1284, 104, 355, 1, '2016-06-09', '13:06:52', 17, '2016-06-09', '13:06:52', 17, 1),
(1285, 104, 357, 1, '2016-06-09', '13:06:52', 17, '2016-06-09', '13:06:52', 17, 1),
(1286, 104, 377, 1, '2016-06-09', '13:06:52', 17, '2016-06-09', '13:06:52', 17, 1),
(1287, 104, 378, 1, '2016-06-09', '13:06:52', 17, '2016-06-09', '13:06:52', 17, 1),
(1288, 104, 379, 1, '2016-06-09', '13:06:52', 17, '2016-06-09', '13:06:52', 17, 1),
(1289, 104, 380, 1, '2016-06-09', '13:06:52', 17, '2016-06-09', '13:06:52', 17, 1),
(1290, 104, 381, 1, '2016-06-09', '13:06:52', 17, '2016-06-09', '13:06:52', 17, 1),
(1291, 104, 383, 1, '2016-06-09', '13:06:52', 17, '2016-06-09', '13:06:52', 17, 1),
(1292, 104, 384, 1, '2016-06-09', '13:06:52', 17, '2016-06-09', '13:06:52', 17, 1),
(1293, 104, 385, 1, '2016-06-09', '13:06:52', 17, '2016-06-09', '13:06:52', 17, 1),
(1294, 104, 420, 1, '2016-06-09', '13:06:52', 17, '2016-06-09', '13:06:52', 17, 1),
(1295, 104, 422, 1, '2016-06-09', '13:06:52', 17, '2016-06-09', '13:06:52', 17, 1),
(1296, 104, 423, 1, '2016-06-09', '13:06:52', 17, '2016-06-09', '13:06:52', 17, 1),
(1297, 104, 438, 1, '2016-06-09', '13:06:52', 17, '2016-06-09', '13:06:52', 17, 1),
(1298, 104, 442, 1, '2016-06-09', '13:06:52', 17, '2016-06-09', '13:06:52', 17, 1),
(1299, 104, 443, 1, '2016-06-09', '13:06:52', 17, '2016-06-09', '13:06:52', 17, 1),
(1300, 104, 449, 1, '2016-06-09', '13:06:52', 17, '2016-06-09', '13:06:52', 17, 1),
(1301, 105, 393, 1, '2016-06-09', '16:06:40', 104, '2016-06-09', '16:06:40', 104, 1),
(1302, 105, 394, 1, '2016-06-09', '16:06:40', 104, '2016-06-09', '16:06:40', 104, 1),
(1303, 105, 395, 1, '2016-06-09', '16:06:40', 104, '2016-06-09', '16:06:40', 104, 1),
(1304, 105, 396, 1, '2016-06-09', '16:06:41', 104, '2016-06-09', '16:06:41', 104, 1),
(1305, 105, 397, 1, '2016-06-09', '16:06:41', 104, '2016-06-09', '16:06:41', 104, 1),
(1306, 105, 399, 1, '2016-06-09', '16:06:41', 104, '2016-06-09', '16:06:41', 104, 1),
(1307, 105, 401, 1, '2016-06-09', '16:06:41', 104, '2016-06-09', '16:06:41', 104, 1),
(1308, 105, 427, 1, '2016-06-09', '16:06:41', 104, '2016-06-09', '16:06:41', 104, 1),
(1309, 105, 428, 1, '2016-06-09', '16:06:41', 104, '2016-06-09', '16:06:41', 104, 1),
(1310, 105, 429, 1, '2016-06-09', '16:06:42', 104, '2016-06-09', '16:06:42', 104, 1),
(1311, 105, 437, 1, '2016-06-09', '16:06:42', 104, '2016-06-09', '16:06:42', 104, 1),
(1312, 106, 393, 1, '2016-06-09', '16:06:52', 104, '2016-06-09', '16:06:52', 104, 1),
(1313, 106, 394, 1, '2016-06-09', '16:06:52', 104, '2016-06-09', '16:06:52', 104, 1),
(1314, 106, 395, 1, '2016-06-09', '16:06:52', 104, '2016-06-09', '16:06:52', 104, 1),
(1315, 106, 396, 1, '2016-06-09', '16:06:52', 104, '2016-06-09', '16:06:52', 104, 1),
(1316, 106, 397, 1, '2016-06-09', '16:06:52', 104, '2016-06-09', '16:06:52', 104, 1),
(1317, 106, 399, 1, '2016-06-09', '16:06:52', 104, '2016-06-09', '16:06:52', 104, 1),
(1318, 106, 401, 1, '2016-06-09', '16:06:52', 104, '2016-06-09', '16:06:52', 104, 1),
(1319, 106, 427, 1, '2016-06-09', '16:06:52', 104, '2016-06-09', '16:06:52', 104, 1),
(1320, 106, 428, 1, '2016-06-09', '16:06:52', 104, '2016-06-09', '16:06:52', 104, 1),
(1321, 106, 429, 1, '2016-06-09', '16:06:52', 104, '2016-06-09', '16:06:52', 104, 1),
(1322, 106, 437, 1, '2016-06-09', '16:06:52', 104, '2016-06-09', '16:06:52', 104, 1),
(1323, 107, 393, 1, '2016-06-09', '16:06:54', 104, '2016-06-09', '16:06:54', 104, 1),
(1324, 107, 394, 1, '2016-06-09', '16:06:54', 104, '2016-06-09', '16:06:54', 104, 1),
(1325, 107, 395, 1, '2016-06-09', '16:06:54', 104, '2016-06-09', '16:06:54', 104, 1),
(1326, 107, 396, 1, '2016-06-09', '16:06:54', 104, '2016-06-09', '16:06:54', 104, 1),
(1327, 107, 397, 1, '2016-06-09', '16:06:54', 104, '2016-06-09', '16:06:54', 104, 1),
(1328, 107, 399, 1, '2016-06-09', '16:06:54', 104, '2016-06-09', '16:06:54', 104, 1),
(1329, 107, 401, 1, '2016-06-09', '16:06:55', 104, '2016-06-09', '16:06:55', 104, 1),
(1330, 107, 427, 1, '2016-06-09', '16:06:55', 104, '2016-06-09', '16:06:55', 104, 1),
(1331, 107, 428, 1, '2016-06-09', '16:06:55', 104, '2016-06-09', '16:06:55', 104, 1),
(1332, 107, 429, 1, '2016-06-09', '16:06:55', 104, '2016-06-09', '16:06:55', 104, 1),
(1333, 107, 437, 1, '2016-06-09', '16:06:55', 104, '2016-06-09', '16:06:55', 104, 1),
(1334, 108, 393, 1, '2016-06-09', '16:06:35', 104, '2016-06-09', '16:06:35', 104, 1),
(1335, 108, 394, 1, '2016-06-09', '16:06:36', 104, '2016-06-09', '16:06:36', 104, 1),
(1336, 108, 395, 1, '2016-06-09', '16:06:36', 104, '2016-06-09', '16:06:36', 104, 1),
(1337, 108, 396, 1, '2016-06-09', '16:06:36', 104, '2016-06-09', '16:06:36', 104, 1),
(1338, 108, 397, 1, '2016-06-09', '16:06:36', 104, '2016-06-09', '16:06:36', 104, 1),
(1339, 108, 399, 1, '2016-06-09', '16:06:36', 104, '2016-06-09', '16:06:36', 104, 1),
(1340, 108, 401, 1, '2016-06-09', '16:06:36', 104, '2016-06-09', '16:06:36', 104, 1),
(1341, 108, 427, 1, '2016-06-09', '16:06:36', 104, '2016-06-09', '16:06:36', 104, 1),
(1342, 108, 428, 1, '2016-06-09', '16:06:36', 104, '2016-06-09', '16:06:36', 104, 1),
(1343, 108, 429, 1, '2016-06-09', '16:06:36', 104, '2016-06-09', '16:06:36', 104, 1),
(1344, 108, 437, 1, '2016-06-09', '16:06:36', 104, '2016-06-09', '16:06:36', 104, 1),
(1345, 109, 393, 1, '2016-06-09', '16:06:12', 104, '2016-06-09', '16:06:12', 104, 1),
(1346, 109, 394, 1, '2016-06-09', '16:06:12', 104, '2016-06-09', '16:06:12', 104, 1),
(1347, 109, 395, 1, '2016-06-09', '16:06:12', 104, '2016-06-09', '16:06:12', 104, 1),
(1348, 109, 396, 1, '2016-06-09', '16:06:12', 104, '2016-06-09', '16:06:12', 104, 1),
(1349, 109, 397, 1, '2016-06-09', '16:06:12', 104, '2016-06-09', '16:06:12', 104, 1),
(1350, 109, 399, 1, '2016-06-09', '16:06:12', 104, '2016-06-09', '16:06:12', 104, 1),
(1351, 109, 401, 1, '2016-06-09', '16:06:12', 104, '2016-06-09', '16:06:12', 104, 1),
(1352, 109, 427, 1, '2016-06-09', '16:06:12', 104, '2016-06-09', '16:06:12', 104, 1),
(1353, 109, 428, 1, '2016-06-09', '16:06:12', 104, '2016-06-09', '16:06:12', 104, 1),
(1354, 109, 429, 1, '2016-06-09', '16:06:12', 104, '2016-06-09', '16:06:12', 104, 1),
(1355, 109, 437, 1, '2016-06-09', '16:06:12', 104, '2016-06-09', '16:06:12', 104, 1),
(1356, 110, 393, 1, '2016-06-10', '15:06:36', 104, '2016-06-10', '15:06:36', 104, 1),
(1357, 110, 394, 1, '2016-06-10', '15:06:36', 104, '2016-06-10', '15:06:36', 104, 1),
(1358, 110, 395, 1, '2016-06-10', '15:06:36', 104, '2016-06-10', '15:06:36', 104, 1),
(1359, 110, 396, 1, '2016-06-10', '15:06:36', 104, '2016-06-10', '15:06:36', 104, 1),
(1360, 110, 397, 1, '2016-06-10', '15:06:36', 104, '2016-06-10', '15:06:36', 104, 1),
(1361, 110, 399, 1, '2016-06-10', '15:06:36', 104, '2016-06-10', '15:06:36', 104, 1),
(1362, 110, 401, 1, '2016-06-10', '15:06:36', 104, '2016-06-10', '15:06:36', 104, 1),
(1363, 110, 427, 1, '2016-06-10', '15:06:36', 104, '2016-06-10', '15:06:36', 104, 1),
(1364, 110, 428, 1, '2016-06-10', '15:06:36', 104, '2016-06-10', '15:06:36', 104, 1),
(1365, 110, 429, 1, '2016-06-10', '15:06:36', 104, '2016-06-10', '15:06:36', 104, 1),
(1366, 110, 437, 1, '2016-06-10', '15:06:36', 104, '2016-06-10', '15:06:36', 104, 1),
(1367, 111, 348, 1, '2016-06-15', '16:06:20', 17, '2016-06-15', '16:06:20', 17, 1),
(1368, 111, 349, 1, '2016-06-15', '16:06:20', 17, '2016-06-15', '16:06:20', 17, 1),
(1369, 111, 350, 1, '2016-06-15', '16:06:20', 17, '2016-06-15', '16:06:20', 17, 1),
(1370, 111, 351, 1, '2016-06-15', '16:06:20', 17, '2016-06-15', '16:06:20', 17, 1),
(1371, 111, 352, 1, '2016-06-15', '16:06:20', 17, '2016-06-15', '16:06:20', 17, 1),
(1372, 111, 354, 1, '2016-06-15', '16:06:20', 17, '2016-06-15', '16:06:20', 17, 1),
(1373, 111, 355, 1, '2016-06-15', '16:06:20', 17, '2016-06-15', '16:06:20', 17, 1),
(1374, 111, 357, 1, '2016-06-15', '16:06:20', 17, '2016-06-15', '16:06:20', 17, 1),
(1375, 111, 377, 1, '2016-06-15', '16:06:20', 17, '2016-06-15', '16:06:20', 17, 1),
(1376, 111, 378, 1, '2016-06-15', '16:06:20', 17, '2016-06-15', '16:06:20', 17, 1),
(1377, 111, 379, 1, '2016-06-15', '16:06:20', 17, '2016-06-15', '16:06:20', 17, 1),
(1378, 111, 380, 1, '2016-06-15', '16:06:20', 17, '2016-06-15', '16:06:20', 17, 1),
(1379, 111, 381, 1, '2016-06-15', '16:06:20', 17, '2016-06-15', '16:06:20', 17, 1),
(1380, 111, 383, 1, '2016-06-15', '16:06:20', 17, '2016-06-15', '16:06:20', 17, 1),
(1381, 111, 384, 1, '2016-06-15', '16:06:20', 17, '2016-06-15', '16:06:20', 17, 1),
(1382, 111, 385, 1, '2016-06-15', '16:06:20', 17, '2016-06-15', '16:06:20', 17, 1),
(1383, 111, 420, 1, '2016-06-15', '16:06:20', 17, '2016-06-15', '16:06:20', 17, 1),
(1384, 111, 422, 1, '2016-06-15', '16:06:20', 17, '2016-06-15', '16:06:20', 17, 1),
(1385, 111, 423, 1, '2016-06-15', '16:06:20', 17, '2016-06-15', '16:06:20', 17, 1),
(1386, 111, 438, 1, '2016-06-15', '16:06:20', 17, '2016-06-15', '16:06:20', 17, 1),
(1387, 111, 442, 1, '2016-06-15', '16:06:20', 17, '2016-06-15', '16:06:20', 17, 1),
(1388, 111, 443, 1, '2016-06-15', '16:06:20', 17, '2016-06-15', '16:06:20', 17, 1),
(1389, 111, 449, 1, '2016-06-15', '16:06:20', 17, '2016-06-15', '16:06:20', 17, 1),
(1390, 112, 257, 1, '2016-06-16', '07:06:29', 16, '2016-06-16', '07:06:29', 16, 1),
(1391, 112, 319, 1, '2016-06-16', '07:06:29', 16, '2016-06-16', '07:06:29', 16, 1),
(1392, 112, 320, 1, '2016-06-16', '07:06:29', 16, '2016-06-16', '07:06:29', 16, 1),
(1393, 112, 321, 1, '2016-06-16', '07:06:29', 16, '2016-06-16', '07:06:29', 16, 1),
(1394, 112, 322, 1, '2016-06-16', '07:06:29', 16, '2016-06-16', '07:06:29', 16, 1),
(1395, 112, 323, 1, '2016-06-16', '07:06:29', 16, '2016-06-16', '07:06:29', 16, 1),
(1396, 112, 324, 1, '2016-06-16', '07:06:29', 16, '2016-06-16', '07:06:29', 16, 1),
(1397, 112, 325, 1, '2016-06-16', '07:06:29', 16, '2016-06-16', '07:06:29', 16, 1),
(1398, 112, 326, 1, '2016-06-16', '07:06:29', 16, '2016-06-16', '07:06:29', 16, 1),
(1399, 112, 327, 1, '2016-06-16', '07:06:29', 16, '2016-06-16', '07:06:29', 16, 1),
(1400, 112, 328, 1, '2016-06-16', '07:06:29', 16, '2016-06-16', '07:06:29', 16, 1),
(1401, 112, 329, 1, '2016-06-16', '07:06:29', 16, '2016-06-16', '07:06:29', 16, 1),
(1402, 112, 332, 1, '2016-06-16', '07:06:29', 16, '2016-06-16', '07:06:29', 16, 1),
(1403, 112, 333, 1, '2016-06-16', '07:06:29', 16, '2016-06-16', '07:06:29', 16, 1),
(1404, 112, 335, 1, '2016-06-16', '07:06:29', 16, '2016-06-16', '07:06:29', 16, 1),
(1405, 112, 336, 1, '2016-06-16', '07:06:29', 16, '2016-06-16', '07:06:29', 16, 1),
(1406, 112, 337, 1, '2016-06-16', '07:06:29', 16, '2016-06-16', '07:06:29', 16, 1),
(1407, 112, 338, 1, '2016-06-16', '07:06:29', 16, '2016-06-16', '07:06:29', 16, 1),
(1408, 112, 339, 1, '2016-06-16', '07:06:29', 16, '2016-06-16', '07:06:29', 16, 1),
(1409, 112, 340, 1, '2016-06-16', '07:06:29', 16, '2016-06-16', '07:06:29', 16, 1),
(1410, 112, 341, 1, '2016-06-16', '07:06:29', 16, '2016-06-16', '07:06:29', 16, 1),
(1411, 112, 342, 1, '2016-06-16', '07:06:29', 16, '2016-06-16', '07:06:29', 16, 1),
(1412, 112, 343, 1, '2016-06-16', '07:06:29', 16, '2016-06-16', '07:06:29', 16, 1),
(1413, 112, 344, 1, '2016-06-16', '07:06:29', 16, '2016-06-16', '07:06:29', 16, 1),
(1414, 112, 345, 1, '2016-06-16', '07:06:29', 16, '2016-06-16', '07:06:29', 16, 1),
(1415, 112, 346, 1, '2016-06-16', '07:06:29', 16, '2016-06-16', '07:06:29', 16, 1),
(1416, 112, 353, 1, '2016-06-16', '07:06:29', 16, '2016-06-16', '07:06:29', 16, 1),
(1417, 112, 416, 1, '2016-06-16', '07:06:29', 16, '2016-06-16', '07:06:29', 16, 1),
(1418, 112, 418, 1, '2016-06-16', '07:06:29', 16, '2016-06-16', '07:06:29', 16, 1),
(1419, 112, 419, 1, '2016-06-16', '07:06:29', 16, '2016-06-16', '07:06:29', 16, 1),
(1420, 112, 432, 1, '2016-06-16', '07:06:29', 16, '2016-06-16', '07:06:29', 16, 1),
(1421, 112, 433, 1, '2016-06-16', '07:06:29', 16, '2016-06-16', '07:06:29', 16, 1),
(1422, 112, 435, 1, '2016-06-16', '07:06:29', 16, '2016-06-16', '07:06:29', 16, 1),
(1423, 112, 436, 1, '2016-06-16', '07:06:29', 16, '2016-06-16', '07:06:29', 16, 1),
(1424, 112, 444, 1, '2016-06-16', '07:06:29', 16, '2016-06-16', '07:06:29', 16, 1),
(1425, 112, 445, 1, '2016-06-16', '07:06:29', 16, '2016-06-16', '07:06:29', 16, 1),
(1426, 113, 348, 1, '2016-06-21', '15:06:13', 112, '2016-06-21', '15:06:13', 112, 1),
(1427, 113, 349, 1, '2016-06-21', '15:06:13', 112, '2016-06-21', '15:06:13', 112, 1),
(1428, 113, 350, 1, '2016-06-21', '15:06:13', 112, '2016-06-21', '15:06:13', 112, 1),
(1429, 113, 351, 1, '2016-06-21', '15:06:13', 112, '2016-06-21', '15:06:13', 112, 1),
(1430, 113, 352, 1, '2016-06-21', '15:06:13', 112, '2016-06-21', '15:06:13', 112, 1),
(1431, 113, 354, 1, '2016-06-21', '15:06:13', 112, '2016-06-21', '15:06:13', 112, 1),
(1432, 113, 355, 1, '2016-06-21', '15:06:13', 112, '2016-06-21', '15:06:13', 112, 1),
(1433, 113, 357, 1, '2016-06-21', '15:06:13', 112, '2016-06-21', '15:06:13', 112, 1),
(1434, 113, 377, 1, '2016-06-21', '15:06:13', 112, '2016-06-21', '15:06:13', 112, 1),
(1435, 113, 378, 1, '2016-06-21', '15:06:13', 112, '2016-06-21', '15:06:13', 112, 1),
(1436, 113, 379, 1, '2016-06-21', '15:06:13', 112, '2016-06-21', '15:06:13', 112, 1),
(1437, 113, 380, 1, '2016-06-21', '15:06:13', 112, '2016-06-21', '15:06:13', 112, 1),
(1438, 113, 381, 1, '2016-06-21', '15:06:13', 112, '2016-06-21', '15:06:13', 112, 1),
(1439, 113, 383, 1, '2016-06-21', '15:06:13', 112, '2016-06-21', '15:06:13', 112, 1),
(1440, 113, 384, 1, '2016-06-21', '15:06:13', 112, '2016-06-21', '15:06:13', 112, 1),
(1441, 113, 385, 1, '2016-06-21', '15:06:13', 112, '2016-06-21', '15:06:13', 112, 1),
(1442, 113, 420, 1, '2016-06-21', '15:06:13', 112, '2016-06-21', '15:06:13', 112, 1),
(1443, 113, 422, 1, '2016-06-21', '15:06:13', 112, '2016-06-21', '15:06:13', 112, 1),
(1444, 113, 423, 1, '2016-06-21', '15:06:13', 112, '2016-06-21', '15:06:13', 112, 1),
(1445, 113, 438, 1, '2016-06-21', '15:06:13', 112, '2016-06-21', '15:06:13', 112, 1),
(1446, 113, 442, 1, '2016-06-21', '15:06:13', 112, '2016-06-21', '15:06:13', 112, 1),
(1447, 113, 443, 1, '2016-06-21', '15:06:13', 112, '2016-06-21', '15:06:13', 112, 1),
(1448, 113, 449, 1, '2016-06-21', '15:06:13', 112, '2016-06-21', '15:06:13', 112, 1),
(1449, 114, 348, 1, '2016-06-21', '16:06:23', 112, '2016-06-21', '16:06:23', 112, 1),
(1450, 114, 349, 1, '2016-06-21', '16:06:23', 112, '2016-06-21', '16:06:23', 112, 1),
(1451, 114, 350, 1, '2016-06-21', '16:06:23', 112, '2016-06-21', '16:06:23', 112, 1),
(1452, 114, 351, 1, '2016-06-21', '16:06:23', 112, '2016-06-21', '16:06:23', 112, 1),
(1453, 114, 352, 1, '2016-06-21', '16:06:23', 112, '2016-06-21', '16:06:23', 112, 1),
(1454, 114, 354, 1, '2016-06-21', '16:06:23', 112, '2016-06-21', '16:06:23', 112, 1),
(1455, 114, 355, 1, '2016-06-21', '16:06:23', 112, '2016-06-21', '16:06:23', 112, 1),
(1456, 114, 357, 1, '2016-06-21', '16:06:24', 112, '2016-06-21', '16:06:24', 112, 1),
(1457, 114, 377, 1, '2016-06-21', '16:06:24', 112, '2016-06-21', '16:06:24', 112, 1),
(1458, 114, 378, 1, '2016-06-21', '16:06:24', 112, '2016-06-21', '16:06:24', 112, 1),
(1459, 114, 379, 1, '2016-06-21', '16:06:24', 112, '2016-06-21', '16:06:24', 112, 1),
(1460, 114, 380, 1, '2016-06-21', '16:06:24', 112, '2016-06-21', '16:06:24', 112, 1),
(1461, 114, 381, 1, '2016-06-21', '16:06:24', 112, '2016-06-21', '16:06:24', 112, 1),
(1462, 114, 383, 1, '2016-06-21', '16:06:24', 112, '2016-06-21', '16:06:24', 112, 1),
(1463, 114, 384, 1, '2016-06-21', '16:06:24', 112, '2016-06-21', '16:06:24', 112, 1),
(1464, 114, 385, 1, '2016-06-21', '16:06:24', 112, '2016-06-21', '16:06:24', 112, 1),
(1465, 114, 420, 1, '2016-06-21', '16:06:24', 112, '2016-06-21', '16:06:24', 112, 1),
(1466, 114, 422, 1, '2016-06-21', '16:06:24', 112, '2016-06-21', '16:06:24', 112, 1),
(1467, 114, 423, 1, '2016-06-21', '16:06:24', 112, '2016-06-21', '16:06:24', 112, 1),
(1468, 114, 438, 1, '2016-06-21', '16:06:24', 112, '2016-06-21', '16:06:24', 112, 1);
INSERT INTO `rbac_roles_opciones_usuarios` (`id`, `usuario_id`, `rol_opcion_id`, `estatus`, `registro_fecha`, `registro_hora`, `registro_usuario_id`, `modificado_fecha`, `modificado_hora`, `modificado_usuario_id`, `secuencia`) VALUES
(1469, 114, 442, 1, '2016-06-21', '16:06:24', 112, '2016-06-21', '16:06:24', 112, 1),
(1470, 114, 443, 1, '2016-06-21', '16:06:24', 112, '2016-06-21', '16:06:24', 112, 1),
(1471, 114, 449, 1, '2016-06-21', '16:06:24', 112, '2016-06-21', '16:06:24', 112, 1),
(1472, 115, 348, 1, '2016-06-23', '09:06:07', 112, '2016-06-23', '09:06:07', 112, 1),
(1473, 115, 349, 1, '2016-06-23', '09:06:07', 112, '2016-06-23', '09:06:07', 112, 1),
(1474, 115, 350, 1, '2016-06-23', '09:06:07', 112, '2016-06-23', '09:06:07', 112, 1),
(1475, 115, 351, 1, '2016-06-23', '09:06:07', 112, '2016-06-23', '09:06:07', 112, 1),
(1476, 115, 352, 1, '2016-06-23', '09:06:07', 112, '2016-06-23', '09:06:07', 112, 1),
(1477, 115, 354, 1, '2016-06-23', '09:06:08', 112, '2016-06-23', '09:06:08', 112, 1),
(1478, 115, 355, 1, '2016-06-23', '09:06:08', 112, '2016-06-23', '09:06:08', 112, 1),
(1479, 115, 357, 1, '2016-06-23', '09:06:08', 112, '2016-06-23', '09:06:08', 112, 1),
(1480, 115, 377, 1, '2016-06-23', '09:06:08', 112, '2016-06-23', '09:06:08', 112, 1),
(1481, 115, 378, 1, '2016-06-23', '09:06:08', 112, '2016-06-23', '09:06:08', 112, 1),
(1482, 115, 379, 1, '2016-06-23', '09:06:09', 112, '2016-06-23', '09:06:09', 112, 1),
(1483, 115, 380, 1, '2016-06-23', '09:06:09', 112, '2016-06-23', '09:06:09', 112, 1),
(1484, 115, 381, 1, '2016-06-23', '09:06:09', 112, '2016-06-23', '09:06:09', 112, 1),
(1485, 115, 383, 1, '2016-06-23', '09:06:09', 112, '2016-06-23', '09:06:09', 112, 1),
(1486, 115, 384, 1, '2016-06-23', '09:06:09', 112, '2016-06-23', '09:06:09', 112, 1),
(1487, 115, 385, 1, '2016-06-23', '09:06:09', 112, '2016-06-23', '09:06:09', 112, 1),
(1488, 115, 420, 1, '2016-06-23', '09:06:09', 112, '2016-06-23', '09:06:09', 112, 1),
(1489, 115, 422, 1, '2016-06-23', '09:06:09', 112, '2016-06-23', '09:06:09', 112, 1),
(1490, 115, 423, 1, '2016-06-23', '09:06:09', 112, '2016-06-23', '09:06:09', 112, 1),
(1491, 115, 438, 1, '2016-06-23', '09:06:09', 112, '2016-06-23', '09:06:09', 112, 1),
(1492, 115, 442, 1, '2016-06-23', '09:06:09', 112, '2016-06-23', '09:06:09', 112, 1),
(1493, 115, 443, 1, '2016-06-23', '09:06:09', 112, '2016-06-23', '09:06:09', 112, 1),
(1494, 115, 449, 1, '2016-06-23', '09:06:09', 112, '2016-06-23', '09:06:09', 112, 1),
(1541, 118, 393, 1, '2016-06-23', '15:06:30', 115, '2016-06-23', '15:06:30', 115, 1),
(1542, 118, 394, 1, '2016-06-23', '15:06:30', 115, '2016-06-23', '15:06:30', 115, 1),
(1543, 118, 395, 1, '2016-06-23', '15:06:30', 115, '2016-06-23', '15:06:30', 115, 1),
(1544, 118, 396, 1, '2016-06-23', '15:06:30', 115, '2016-06-23', '15:06:30', 115, 1),
(1545, 118, 397, 1, '2016-06-23', '15:06:30', 115, '2016-06-23', '15:06:30', 115, 1),
(1546, 118, 399, 1, '2016-06-23', '15:06:30', 115, '2016-06-23', '15:06:30', 115, 1),
(1547, 118, 401, 1, '2016-06-23', '15:06:30', 115, '2016-06-23', '15:06:30', 115, 1),
(1548, 118, 427, 1, '2016-06-23', '15:06:30', 115, '2016-06-23', '15:06:30', 115, 1),
(1549, 118, 428, 1, '2016-06-23', '15:06:30', 115, '2016-06-23', '15:06:30', 115, 1),
(1550, 118, 429, 1, '2016-06-23', '15:06:30', 115, '2016-06-23', '15:06:30', 115, 1),
(1551, 118, 437, 1, '2016-06-23', '15:06:30', 115, '2016-06-23', '15:06:30', 115, 1),
(1552, 119, 348, 1, '2016-07-04', '16:07:17', 112, '2016-07-04', '16:07:17', 112, 1),
(1553, 119, 349, 1, '2016-07-04', '16:07:17', 112, '2016-07-04', '16:07:17', 112, 1),
(1554, 119, 350, 1, '2016-07-04', '16:07:17', 112, '2016-07-04', '16:07:17', 112, 1),
(1555, 119, 351, 1, '2016-07-04', '16:07:17', 112, '2016-07-04', '16:07:17', 112, 1),
(1556, 119, 352, 1, '2016-07-04', '16:07:17', 112, '2016-07-04', '16:07:17', 112, 1),
(1557, 119, 354, 1, '2016-07-04', '16:07:17', 112, '2016-07-04', '16:07:17', 112, 1),
(1558, 119, 355, 1, '2016-07-04', '16:07:17', 112, '2016-07-04', '16:07:17', 112, 1),
(1559, 119, 357, 1, '2016-07-04', '16:07:17', 112, '2016-07-04', '16:07:17', 112, 1),
(1560, 119, 377, 1, '2016-07-04', '16:07:17', 112, '2016-07-04', '16:07:17', 112, 1),
(1561, 119, 378, 1, '2016-07-04', '16:07:17', 112, '2016-07-04', '16:07:17', 112, 1),
(1562, 119, 379, 1, '2016-07-04', '16:07:17', 112, '2016-07-04', '16:07:17', 112, 1),
(1563, 119, 380, 1, '2016-07-04', '16:07:17', 112, '2016-07-04', '16:07:17', 112, 1),
(1564, 119, 381, 1, '2016-07-04', '16:07:17', 112, '2016-07-04', '16:07:17', 112, 1),
(1565, 119, 383, 1, '2016-07-04', '16:07:17', 112, '2016-07-04', '16:07:17', 112, 1),
(1566, 119, 384, 1, '2016-07-04', '16:07:17', 112, '2016-07-04', '16:07:17', 112, 1),
(1567, 119, 385, 1, '2016-07-04', '16:07:17', 112, '2016-07-04', '16:07:17', 112, 1),
(1568, 119, 420, 1, '2016-07-04', '16:07:17', 112, '2016-07-04', '16:07:17', 112, 1),
(1569, 119, 422, 1, '2016-07-04', '16:07:17', 112, '2016-07-04', '16:07:17', 112, 1),
(1570, 119, 423, 1, '2016-07-04', '16:07:17', 112, '2016-07-04', '16:07:17', 112, 1),
(1571, 119, 438, 1, '2016-07-04', '16:07:17', 112, '2016-07-04', '16:07:17', 112, 1),
(1572, 119, 442, 1, '2016-07-04', '16:07:17', 112, '2016-07-04', '16:07:17', 112, 1),
(1573, 119, 443, 1, '2016-07-04', '16:07:17', 112, '2016-07-04', '16:07:17', 112, 1),
(1574, 119, 449, 1, '2016-07-04', '16:07:17', 112, '2016-07-04', '16:07:17', 112, 1),
(1575, 120, 393, 1, '2016-07-05', '17:07:59', 119, '2016-07-05', '17:07:59', 119, 1),
(1576, 120, 394, 1, '2016-07-05', '17:07:59', 119, '2016-07-05', '17:07:59', 119, 1),
(1577, 120, 395, 1, '2016-07-05', '17:07:59', 119, '2016-07-05', '17:07:59', 119, 1),
(1578, 120, 396, 1, '2016-07-05', '17:07:59', 119, '2016-07-05', '17:07:59', 119, 1),
(1579, 120, 397, 1, '2016-07-05', '17:07:59', 119, '2016-07-05', '17:07:59', 119, 1),
(1580, 120, 399, 1, '2016-07-05', '17:07:59', 119, '2016-07-05', '17:07:59', 119, 1),
(1581, 120, 401, 1, '2016-07-05', '17:07:59', 119, '2016-07-05', '17:07:59', 119, 1),
(1582, 120, 427, 1, '2016-07-05', '17:07:59', 119, '2016-07-05', '17:07:59', 119, 1),
(1583, 120, 428, 1, '2016-07-05', '17:07:59', 119, '2016-07-05', '17:07:59', 119, 1),
(1584, 120, 429, 1, '2016-07-05', '17:07:59', 119, '2016-07-05', '17:07:59', 119, 1),
(1585, 120, 437, 1, '2016-07-05', '17:07:59', 119, '2016-07-05', '17:07:59', 119, 1),
(1586, 121, 393, 1, '2016-07-05', '17:07:27', 119, '2016-07-05', '17:07:27', 119, 1),
(1587, 121, 394, 1, '2016-07-05', '17:07:27', 119, '2016-07-05', '17:07:27', 119, 1),
(1588, 121, 395, 1, '2016-07-05', '17:07:27', 119, '2016-07-05', '17:07:27', 119, 1),
(1589, 121, 396, 1, '2016-07-05', '17:07:27', 119, '2016-07-05', '17:07:27', 119, 1),
(1590, 121, 397, 1, '2016-07-05', '17:07:27', 119, '2016-07-05', '17:07:27', 119, 1),
(1591, 121, 399, 1, '2016-07-05', '17:07:27', 119, '2016-07-05', '17:07:27', 119, 1),
(1592, 121, 401, 1, '2016-07-05', '17:07:27', 119, '2016-07-05', '17:07:27', 119, 1),
(1593, 121, 427, 1, '2016-07-05', '17:07:27', 119, '2016-07-05', '17:07:27', 119, 1),
(1594, 121, 428, 1, '2016-07-05', '17:07:27', 119, '2016-07-05', '17:07:27', 119, 1),
(1595, 121, 429, 1, '2016-07-05', '17:07:27', 119, '2016-07-05', '17:07:27', 119, 1),
(1596, 121, 437, 1, '2016-07-05', '17:07:27', 119, '2016-07-05', '17:07:27', 119, 1),
(1597, 122, 393, 1, '2016-07-05', '17:07:49', 119, '2016-07-05', '17:07:49', 119, 1),
(1598, 122, 394, 1, '2016-07-05', '17:07:49', 119, '2016-07-05', '17:07:49', 119, 1),
(1599, 122, 395, 1, '2016-07-05', '17:07:49', 119, '2016-07-05', '17:07:49', 119, 1),
(1600, 122, 396, 1, '2016-07-05', '17:07:49', 119, '2016-07-05', '17:07:49', 119, 1),
(1601, 122, 397, 1, '2016-07-05', '17:07:49', 119, '2016-07-05', '17:07:49', 119, 1),
(1602, 122, 399, 1, '2016-07-05', '17:07:49', 119, '2016-07-05', '17:07:49', 119, 1),
(1603, 122, 401, 1, '2016-07-05', '17:07:49', 119, '2016-07-05', '17:07:49', 119, 1),
(1604, 122, 427, 1, '2016-07-05', '17:07:49', 119, '2016-07-05', '17:07:49', 119, 1),
(1605, 122, 428, 1, '2016-07-05', '17:07:49', 119, '2016-07-05', '17:07:49', 119, 1),
(1606, 122, 429, 1, '2016-07-05', '17:07:49', 119, '2016-07-05', '17:07:49', 119, 1),
(1607, 122, 437, 1, '2016-07-05', '17:07:49', 119, '2016-07-05', '17:07:49', 119, 1),
(1608, 123, 393, 1, '2016-07-05', '18:07:33', 119, '2016-07-05', '18:07:33', 119, 1),
(1609, 123, 394, 1, '2016-07-05', '18:07:33', 119, '2016-07-05', '18:07:33', 119, 1),
(1610, 123, 395, 1, '2016-07-05', '18:07:33', 119, '2016-07-05', '18:07:33', 119, 1),
(1611, 123, 396, 1, '2016-07-05', '18:07:33', 119, '2016-07-05', '18:07:33', 119, 1),
(1612, 123, 397, 1, '2016-07-05', '18:07:33', 119, '2016-07-05', '18:07:33', 119, 1),
(1613, 123, 399, 1, '2016-07-05', '18:07:33', 119, '2016-07-05', '18:07:33', 119, 1),
(1614, 123, 401, 1, '2016-07-05', '18:07:33', 119, '2016-07-05', '18:07:33', 119, 1),
(1615, 123, 427, 1, '2016-07-05', '18:07:33', 119, '2016-07-05', '18:07:33', 119, 1),
(1616, 123, 428, 1, '2016-07-05', '18:07:33', 119, '2016-07-05', '18:07:33', 119, 1),
(1617, 123, 429, 1, '2016-07-05', '18:07:33', 119, '2016-07-05', '18:07:33', 119, 1),
(1618, 123, 437, 1, '2016-07-05', '18:07:33', 119, '2016-07-05', '18:07:33', 119, 1),
(1619, 4, 450, 1, '2016-07-08', '14:27:27', 1, '2016-07-08', '14:27:27', 1, 1),
(1620, 4, 451, 1, '2016-07-08', '14:27:27', 1, '2016-07-08', '14:27:27', 1, 1),
(1621, 4, 452, 1, '2016-07-08', '14:27:27', 1, '2016-07-08', '14:27:27', 1, 1),
(1622, 4, 456, 1, '2016-07-08', '14:27:27', 1, '2016-07-08', '14:27:27', 1, 1),
(1623, 4, 453, 1, '2016-07-08', '14:27:27', 1, '2016-07-08', '14:27:27', 1, 1),
(1624, 4, 454, 1, '2016-07-08', '14:27:27', 1, '2016-07-08', '14:27:27', 1, 1),
(1625, 4, 455, 1, '2016-07-08', '14:27:27', 1, '2016-07-08', '14:27:27', 1, 1),
(1626, 4, 457, 1, '2016-07-08', '14:27:27', 1, '2016-07-08', '14:27:27', 1, 1),
(1627, 4, 459, 1, '2016-07-08', '14:27:27', 1, '2016-07-08', '14:27:27', 1, 1),
(1628, 4, 460, 1, '2016-07-08', '14:27:27', 1, '2016-07-08', '14:27:27', 1, 1),
(1629, 4, 461, 1, '2016-07-08', '14:27:27', 1, '2016-07-08', '14:27:27', 1, 1),
(1630, 4, 458, 1, '2016-07-08', '14:27:27', 1, '2016-07-08', '14:27:27', 1, 1),
(1631, 4, 462, 1, '2016-07-08', '14:27:27', 1, '2016-07-08', '14:27:27', 1, 1),
(1632, 16, 448, 1, '2016-07-08', '14:31:53', 1, '2017-05-19', '11:29:47', 1, 1),
(1633, 16, 450, 1, '2016-07-08', '14:31:53', 1, '2017-05-19', '11:29:47', 1, 1),
(1634, 16, 451, 1, '2016-07-08', '14:31:53', 1, '2017-05-19', '11:29:47', 1, 1),
(1635, 16, 452, 1, '2016-07-08', '14:31:53', 1, '2017-05-19', '11:29:47', 1, 1),
(1636, 16, 456, 1, '2016-07-08', '14:31:53', 1, '2017-05-19', '11:29:47', 1, 1),
(1637, 16, 453, 1, '2016-07-08', '14:31:53', 1, '2017-05-19', '11:29:47', 1, 1),
(1638, 16, 454, 1, '2016-07-08', '14:31:53', 1, '2017-05-19', '11:29:47', 1, 1),
(1639, 16, 455, 1, '2016-07-08', '14:31:53', 1, '2017-05-19', '11:29:47', 1, 1),
(1640, 16, 457, 1, '2016-07-08', '14:31:53', 1, '2017-05-19', '11:29:47', 1, 1),
(1641, 16, 460, 1, '2016-07-08', '14:31:53', 1, '2017-05-19', '11:29:47', 1, 1),
(1642, 16, 461, 1, '2016-07-08', '14:31:53', 1, '2017-05-19', '11:29:47', 1, 1),
(1643, 16, 458, 1, '2016-07-08', '14:31:53', 1, '2017-05-19', '11:29:47', 1, 1),
(1644, 16, 462, 1, '2016-07-08', '14:31:53', 1, '2017-05-19', '11:29:47', 1, 1),
(1645, 16, 459, 1, '2016-07-08', '14:31:53', 1, '2017-05-19', '11:29:47', 1, 1),
(1646, 17, 450, 1, '2016-07-08', '14:32:23', 1, '2017-05-19', '11:33:12', 1, 1),
(1647, 17, 451, 1, '2016-07-08', '14:32:23', 1, '2017-05-19', '11:33:12', 1, 1),
(1648, 17, 452, 1, '2016-07-08', '14:32:23', 1, '2017-05-19', '11:33:12', 1, 1),
(1649, 17, 456, 1, '2016-07-08', '14:32:23', 1, '2017-05-19', '11:33:12', 1, 1),
(1650, 17, 453, 1, '2016-07-08', '14:32:23', 1, '2017-05-19', '11:33:12', 1, 1),
(1651, 17, 454, 1, '2016-07-08', '14:32:23', 1, '2017-05-19', '11:33:12', 1, 1),
(1652, 17, 455, 1, '2016-07-08', '14:32:23', 1, '2017-05-19', '11:33:12', 1, 1),
(1653, 17, 457, 1, '2016-07-08', '14:32:23', 1, '2017-05-19', '11:33:12', 1, 1),
(1654, 17, 459, 1, '2016-07-08', '14:32:23', 1, '2017-05-19', '11:33:12', 1, 1),
(1655, 17, 460, 1, '2016-07-08', '14:32:23', 1, '2017-05-19', '11:33:12', 1, 1),
(1656, 17, 461, 1, '2016-07-08', '14:32:23', 1, '2017-05-19', '11:33:12', 1, 1),
(1657, 17, 458, 1, '2016-07-08', '14:32:23', 1, '2017-05-19', '11:33:12', 1, 1),
(1658, 17, 462, 1, '2016-07-08', '14:32:23', 1, '2017-05-19', '11:33:12', 1, 1),
(1659, 18, 450, 1, '2016-07-08', '14:32:47', 1, '2017-07-18', '10:19:16', 1, 1),
(1660, 18, 451, 1, '2016-07-08', '14:32:47', 1, '2017-07-18', '10:19:16', 1, 1),
(1661, 18, 452, 1, '2016-07-08', '14:32:47', 1, '2017-07-18', '10:19:16', 1, 1),
(1662, 18, 456, 1, '2016-07-08', '14:32:47', 1, '2017-07-18', '10:19:16', 1, 1),
(1663, 18, 453, 1, '2016-07-08', '14:32:47', 1, '2017-07-18', '10:19:16', 1, 1),
(1664, 18, 454, 1, '2016-07-08', '14:32:47', 1, '2017-07-18', '10:19:16', 1, 1),
(1665, 18, 455, 1, '2016-07-08', '14:32:47', 1, '2017-07-18', '10:19:16', 1, 1),
(1666, 18, 457, 1, '2016-07-08', '14:32:47', 1, '2017-07-18', '10:19:16', 1, 1),
(1667, 18, 459, 1, '2016-07-08', '14:32:47', 1, '2017-07-18', '10:19:16', 1, 1),
(1668, 18, 460, 1, '2016-07-08', '14:32:47', 1, '2017-07-18', '10:19:16', 1, 1),
(1669, 18, 461, 1, '2016-07-08', '14:32:47', 1, '2017-07-18', '10:19:16', 1, 1),
(1670, 18, 458, 1, '2016-07-08', '14:32:47', 1, '2017-07-18', '10:19:16', 1, 1),
(1671, 18, 462, 1, '2016-07-08', '14:32:47', 1, '2017-07-18', '10:19:16', 1, 1),
(1672, 124, 348, 1, '2016-07-12', '11:07:10', 112, '2016-07-12', '11:07:10', 112, 1),
(1673, 124, 349, 1, '2016-07-12', '11:07:10', 112, '2016-07-12', '11:07:10', 112, 1),
(1674, 124, 350, 1, '2016-07-12', '11:07:10', 112, '2016-07-12', '11:07:10', 112, 1),
(1675, 124, 351, 1, '2016-07-12', '11:07:10', 112, '2016-07-12', '11:07:10', 112, 1),
(1676, 124, 352, 1, '2016-07-12', '11:07:10', 112, '2016-07-12', '11:07:10', 112, 1),
(1677, 124, 354, 1, '2016-07-12', '11:07:10', 112, '2016-07-12', '11:07:10', 112, 1),
(1678, 124, 355, 1, '2016-07-12', '11:07:10', 112, '2016-07-12', '11:07:10', 112, 1),
(1679, 124, 357, 1, '2016-07-12', '11:07:10', 112, '2016-07-12', '11:07:10', 112, 1),
(1680, 124, 377, 1, '2016-07-12', '11:07:11', 112, '2016-07-12', '11:07:11', 112, 1),
(1681, 124, 378, 1, '2016-07-12', '11:07:11', 112, '2016-07-12', '11:07:11', 112, 1),
(1682, 124, 379, 1, '2016-07-12', '11:07:11', 112, '2016-07-12', '11:07:11', 112, 1),
(1683, 124, 380, 1, '2016-07-12', '11:07:11', 112, '2016-07-12', '11:07:11', 112, 1),
(1684, 124, 381, 1, '2016-07-12', '11:07:11', 112, '2016-07-12', '11:07:11', 112, 1),
(1685, 124, 383, 1, '2016-07-12', '11:07:11', 112, '2016-07-12', '11:07:11', 112, 1),
(1686, 124, 384, 1, '2016-07-12', '11:07:11', 112, '2016-07-12', '11:07:11', 112, 1),
(1687, 124, 385, 1, '2016-07-12', '11:07:11', 112, '2016-07-12', '11:07:11', 112, 1),
(1688, 124, 420, 1, '2016-07-12', '11:07:11', 112, '2016-07-12', '11:07:11', 112, 1),
(1689, 124, 422, 1, '2016-07-12', '11:07:11', 112, '2016-07-12', '11:07:11', 112, 1),
(1690, 124, 423, 1, '2016-07-12', '11:07:11', 112, '2016-07-12', '11:07:11', 112, 1),
(1691, 124, 438, 1, '2016-07-12', '11:07:11', 112, '2016-07-12', '11:07:11', 112, 1),
(1692, 124, 442, 1, '2016-07-12', '11:07:11', 112, '2016-07-12', '11:07:11', 112, 1),
(1693, 124, 443, 1, '2016-07-12', '11:07:11', 112, '2016-07-12', '11:07:11', 112, 1),
(1694, 124, 449, 1, '2016-07-12', '11:07:11', 112, '2016-07-12', '11:07:11', 112, 1),
(1695, 125, 348, 1, '2016-07-12', '11:07:57', 112, '2016-07-12', '11:07:57', 112, 1),
(1696, 125, 349, 1, '2016-07-12', '11:07:57', 112, '2016-07-12', '11:07:57', 112, 1),
(1697, 125, 350, 1, '2016-07-12', '11:07:57', 112, '2016-07-12', '11:07:57', 112, 1),
(1698, 125, 351, 1, '2016-07-12', '11:07:57', 112, '2016-07-12', '11:07:57', 112, 1),
(1699, 125, 352, 1, '2016-07-12', '11:07:57', 112, '2016-07-12', '11:07:57', 112, 1),
(1700, 125, 354, 1, '2016-07-12', '11:07:57', 112, '2016-07-12', '11:07:57', 112, 1),
(1701, 125, 355, 1, '2016-07-12', '11:07:57', 112, '2016-07-12', '11:07:57', 112, 1),
(1702, 125, 357, 1, '2016-07-12', '11:07:57', 112, '2016-07-12', '11:07:57', 112, 1),
(1703, 125, 377, 1, '2016-07-12', '11:07:57', 112, '2016-07-12', '11:07:57', 112, 1),
(1704, 125, 378, 1, '2016-07-12', '11:07:57', 112, '2016-07-12', '11:07:57', 112, 1),
(1705, 125, 379, 1, '2016-07-12', '11:07:57', 112, '2016-07-12', '11:07:57', 112, 1),
(1706, 125, 380, 1, '2016-07-12', '11:07:57', 112, '2016-07-12', '11:07:57', 112, 1),
(1707, 125, 381, 1, '2016-07-12', '11:07:57', 112, '2016-07-12', '11:07:57', 112, 1),
(1708, 125, 383, 1, '2016-07-12', '11:07:57', 112, '2016-07-12', '11:07:57', 112, 1),
(1709, 125, 384, 1, '2016-07-12', '11:07:57', 112, '2016-07-12', '11:07:57', 112, 1),
(1710, 125, 385, 1, '2016-07-12', '11:07:57', 112, '2016-07-12', '11:07:57', 112, 1),
(1711, 125, 420, 1, '2016-07-12', '11:07:57', 112, '2016-07-12', '11:07:57', 112, 1),
(1712, 125, 422, 1, '2016-07-12', '11:07:57', 112, '2016-07-12', '11:07:57', 112, 1),
(1713, 125, 423, 1, '2016-07-12', '11:07:57', 112, '2016-07-12', '11:07:57', 112, 1),
(1714, 125, 438, 1, '2016-07-12', '11:07:57', 112, '2016-07-12', '11:07:57', 112, 1),
(1715, 125, 442, 1, '2016-07-12', '11:07:57', 112, '2016-07-12', '11:07:57', 112, 1),
(1716, 125, 443, 1, '2016-07-12', '11:07:57', 112, '2016-07-12', '11:07:57', 112, 1),
(1717, 125, 449, 1, '2016-07-12', '11:07:57', 112, '2016-07-12', '11:07:57', 112, 1),
(1718, 126, 393, 1, '2016-07-12', '12:07:47', 125, '2016-07-12', '12:07:47', 125, 1),
(1719, 126, 394, 1, '2016-07-12', '12:07:47', 125, '2016-07-12', '12:07:47', 125, 1),
(1720, 126, 395, 1, '2016-07-12', '12:07:48', 125, '2016-07-12', '12:07:48', 125, 1),
(1721, 126, 396, 1, '2016-07-12', '12:07:48', 125, '2016-07-12', '12:07:48', 125, 1),
(1722, 126, 397, 1, '2016-07-12', '12:07:48', 125, '2016-07-12', '12:07:48', 125, 1),
(1723, 126, 399, 1, '2016-07-12', '12:07:48', 125, '2016-07-12', '12:07:48', 125, 1),
(1724, 126, 401, 1, '2016-07-12', '12:07:48', 125, '2016-07-12', '12:07:48', 125, 1),
(1725, 126, 427, 1, '2016-07-12', '12:07:48', 125, '2016-07-12', '12:07:48', 125, 1),
(1726, 126, 428, 1, '2016-07-12', '12:07:48', 125, '2016-07-12', '12:07:48', 125, 1),
(1727, 126, 429, 1, '2016-07-12', '12:07:48', 125, '2016-07-12', '12:07:48', 125, 1),
(1728, 126, 437, 1, '2016-07-12', '12:07:48', 125, '2016-07-12', '12:07:48', 125, 1),
(1729, 127, 393, 1, '2016-07-12', '12:07:14', 125, '2016-07-12', '12:07:14', 125, 1),
(1730, 127, 394, 1, '2016-07-12', '12:07:14', 125, '2016-07-12', '12:07:14', 125, 1),
(1731, 127, 395, 1, '2016-07-12', '12:07:14', 125, '2016-07-12', '12:07:14', 125, 1),
(1732, 127, 396, 1, '2016-07-12', '12:07:14', 125, '2016-07-12', '12:07:14', 125, 1),
(1733, 127, 397, 1, '2016-07-12', '12:07:14', 125, '2016-07-12', '12:07:14', 125, 1),
(1734, 127, 399, 1, '2016-07-12', '12:07:14', 125, '2016-07-12', '12:07:14', 125, 1),
(1735, 127, 401, 1, '2016-07-12', '12:07:14', 125, '2016-07-12', '12:07:14', 125, 1),
(1736, 127, 427, 1, '2016-07-12', '12:07:14', 125, '2016-07-12', '12:07:14', 125, 1),
(1737, 127, 428, 1, '2016-07-12', '12:07:14', 125, '2016-07-12', '12:07:14', 125, 1),
(1738, 127, 429, 1, '2016-07-12', '12:07:14', 125, '2016-07-12', '12:07:14', 125, 1),
(1739, 127, 437, 1, '2016-07-12', '12:07:14', 125, '2016-07-12', '12:07:14', 125, 1),
(1740, 128, 348, 1, '2016-07-12', '14:07:33', 112, '2016-07-12', '14:07:33', 112, 1),
(1741, 128, 349, 1, '2016-07-12', '14:07:33', 112, '2016-07-12', '14:07:33', 112, 1),
(1742, 128, 350, 1, '2016-07-12', '14:07:33', 112, '2016-07-12', '14:07:33', 112, 1),
(1743, 128, 351, 1, '2016-07-12', '14:07:33', 112, '2016-07-12', '14:07:33', 112, 1),
(1744, 128, 352, 1, '2016-07-12', '14:07:33', 112, '2016-07-12', '14:07:33', 112, 1),
(1745, 128, 354, 1, '2016-07-12', '14:07:33', 112, '2016-07-12', '14:07:33', 112, 1),
(1746, 128, 355, 1, '2016-07-12', '14:07:33', 112, '2016-07-12', '14:07:33', 112, 1),
(1747, 128, 357, 1, '2016-07-12', '14:07:33', 112, '2016-07-12', '14:07:33', 112, 1),
(1748, 128, 377, 1, '2016-07-12', '14:07:33', 112, '2016-07-12', '14:07:33', 112, 1),
(1749, 128, 378, 1, '2016-07-12', '14:07:33', 112, '2016-07-12', '14:07:33', 112, 1),
(1750, 128, 379, 1, '2016-07-12', '14:07:33', 112, '2016-07-12', '14:07:33', 112, 1),
(1751, 128, 380, 1, '2016-07-12', '14:07:33', 112, '2016-07-12', '14:07:33', 112, 1),
(1752, 128, 381, 1, '2016-07-12', '14:07:33', 112, '2016-07-12', '14:07:33', 112, 1),
(1753, 128, 383, 1, '2016-07-12', '14:07:33', 112, '2016-07-12', '14:07:33', 112, 1),
(1754, 128, 384, 1, '2016-07-12', '14:07:33', 112, '2016-07-12', '14:07:33', 112, 1),
(1755, 128, 385, 1, '2016-07-12', '14:07:33', 112, '2016-07-12', '14:07:33', 112, 1),
(1756, 128, 420, 1, '2016-07-12', '14:07:33', 112, '2016-07-12', '14:07:33', 112, 1),
(1757, 128, 422, 1, '2016-07-12', '14:07:33', 112, '2016-07-12', '14:07:33', 112, 1),
(1758, 128, 423, 1, '2016-07-12', '14:07:33', 112, '2016-07-12', '14:07:33', 112, 1),
(1759, 128, 438, 1, '2016-07-12', '14:07:33', 112, '2016-07-12', '14:07:33', 112, 1),
(1760, 128, 442, 1, '2016-07-12', '14:07:33', 112, '2016-07-12', '14:07:33', 112, 1),
(1761, 128, 443, 1, '2016-07-12', '14:07:33', 112, '2016-07-12', '14:07:33', 112, 1),
(1762, 128, 449, 1, '2016-07-12', '14:07:33', 112, '2016-07-12', '14:07:33', 112, 1),
(1763, 129, 348, 1, '2016-07-13', '12:07:24', 112, '2016-07-13', '12:07:24', 112, 1),
(1764, 129, 349, 1, '2016-07-13', '12:07:24', 112, '2016-07-13', '12:07:24', 112, 1),
(1765, 129, 350, 1, '2016-07-13', '12:07:24', 112, '2016-07-13', '12:07:24', 112, 1),
(1766, 129, 351, 1, '2016-07-13', '12:07:24', 112, '2016-07-13', '12:07:24', 112, 1),
(1767, 129, 352, 1, '2016-07-13', '12:07:24', 112, '2016-07-13', '12:07:24', 112, 1),
(1768, 129, 354, 1, '2016-07-13', '12:07:24', 112, '2016-07-13', '12:07:24', 112, 1),
(1769, 129, 355, 1, '2016-07-13', '12:07:24', 112, '2016-07-13', '12:07:24', 112, 1),
(1770, 129, 357, 1, '2016-07-13', '12:07:24', 112, '2016-07-13', '12:07:24', 112, 1),
(1771, 129, 377, 1, '2016-07-13', '12:07:25', 112, '2016-07-13', '12:07:25', 112, 1),
(1772, 129, 378, 1, '2016-07-13', '12:07:25', 112, '2016-07-13', '12:07:25', 112, 1),
(1773, 129, 379, 1, '2016-07-13', '12:07:25', 112, '2016-07-13', '12:07:25', 112, 1),
(1774, 129, 380, 1, '2016-07-13', '12:07:25', 112, '2016-07-13', '12:07:25', 112, 1),
(1775, 129, 381, 1, '2016-07-13', '12:07:25', 112, '2016-07-13', '12:07:25', 112, 1),
(1776, 129, 383, 1, '2016-07-13', '12:07:25', 112, '2016-07-13', '12:07:25', 112, 1),
(1777, 129, 384, 1, '2016-07-13', '12:07:25', 112, '2016-07-13', '12:07:25', 112, 1),
(1778, 129, 385, 1, '2016-07-13', '12:07:25', 112, '2016-07-13', '12:07:25', 112, 1),
(1779, 129, 420, 1, '2016-07-13', '12:07:25', 112, '2016-07-13', '12:07:25', 112, 1),
(1780, 129, 422, 1, '2016-07-13', '12:07:25', 112, '2016-07-13', '12:07:25', 112, 1),
(1781, 129, 423, 1, '2016-07-13', '12:07:25', 112, '2016-07-13', '12:07:25', 112, 1),
(1782, 129, 438, 1, '2016-07-13', '12:07:25', 112, '2016-07-13', '12:07:25', 112, 1),
(1783, 129, 442, 1, '2016-07-13', '12:07:25', 112, '2016-07-13', '12:07:25', 112, 1),
(1784, 129, 443, 1, '2016-07-13', '12:07:25', 112, '2016-07-13', '12:07:25', 112, 1),
(1785, 129, 449, 1, '2016-07-13', '12:07:25', 112, '2016-07-13', '12:07:25', 112, 1),
(1786, 130, 393, 1, '2016-07-13', '14:07:21', 124, '2016-07-13', '14:07:21', 124, 1),
(1787, 130, 394, 1, '2016-07-13', '14:07:21', 124, '2016-07-13', '14:07:21', 124, 1),
(1788, 130, 395, 1, '2016-07-13', '14:07:21', 124, '2016-07-13', '14:07:21', 124, 1),
(1789, 130, 396, 1, '2016-07-13', '14:07:21', 124, '2016-07-13', '14:07:21', 124, 1),
(1790, 130, 397, 1, '2016-07-13', '14:07:21', 124, '2016-07-13', '14:07:21', 124, 1),
(1791, 130, 399, 1, '2016-07-13', '14:07:21', 124, '2016-07-13', '14:07:21', 124, 1),
(1792, 130, 401, 1, '2016-07-13', '14:07:21', 124, '2016-07-13', '14:07:21', 124, 1),
(1793, 130, 427, 1, '2016-07-13', '14:07:21', 124, '2016-07-13', '14:07:21', 124, 1),
(1794, 130, 428, 1, '2016-07-13', '14:07:21', 124, '2016-07-13', '14:07:21', 124, 1),
(1795, 130, 429, 1, '2016-07-13', '14:07:21', 124, '2016-07-13', '14:07:21', 124, 1),
(1796, 130, 437, 1, '2016-07-13', '14:07:21', 124, '2016-07-13', '14:07:21', 124, 1),
(1797, 131, 393, 1, '2016-07-13', '14:07:53', 124, '2016-07-13', '14:07:53', 124, 1),
(1798, 131, 394, 1, '2016-07-13', '14:07:53', 124, '2016-07-13', '14:07:53', 124, 1),
(1799, 131, 395, 1, '2016-07-13', '14:07:53', 124, '2016-07-13', '14:07:53', 124, 1),
(1800, 131, 396, 1, '2016-07-13', '14:07:53', 124, '2016-07-13', '14:07:53', 124, 1),
(1801, 131, 397, 1, '2016-07-13', '14:07:53', 124, '2016-07-13', '14:07:53', 124, 1),
(1802, 131, 399, 1, '2016-07-13', '14:07:53', 124, '2016-07-13', '14:07:53', 124, 1),
(1803, 131, 401, 1, '2016-07-13', '14:07:53', 124, '2016-07-13', '14:07:53', 124, 1),
(1804, 131, 427, 1, '2016-07-13', '14:07:53', 124, '2016-07-13', '14:07:53', 124, 1),
(1805, 131, 428, 1, '2016-07-13', '14:07:53', 124, '2016-07-13', '14:07:53', 124, 1),
(1806, 131, 429, 1, '2016-07-13', '14:07:53', 124, '2016-07-13', '14:07:53', 124, 1),
(1807, 131, 437, 1, '2016-07-13', '14:07:53', 124, '2016-07-13', '14:07:53', 124, 1),
(1808, 132, 348, 1, '2016-07-14', '17:07:41', 112, '2016-07-14', '17:07:41', 112, 1),
(1809, 132, 349, 1, '2016-07-14', '17:07:41', 112, '2016-07-14', '17:07:41', 112, 1),
(1810, 132, 350, 1, '2016-07-14', '17:07:41', 112, '2016-07-14', '17:07:41', 112, 1),
(1811, 132, 351, 1, '2016-07-14', '17:07:41', 112, '2016-07-14', '17:07:41', 112, 1),
(1812, 132, 352, 1, '2016-07-14', '17:07:41', 112, '2016-07-14', '17:07:41', 112, 1),
(1813, 132, 354, 1, '2016-07-14', '17:07:41', 112, '2016-07-14', '17:07:41', 112, 1),
(1814, 132, 355, 1, '2016-07-14', '17:07:41', 112, '2016-07-14', '17:07:41', 112, 1),
(1815, 132, 357, 1, '2016-07-14', '17:07:41', 112, '2016-07-14', '17:07:41', 112, 1),
(1816, 132, 377, 1, '2016-07-14', '17:07:41', 112, '2016-07-14', '17:07:41', 112, 1),
(1817, 132, 378, 1, '2016-07-14', '17:07:41', 112, '2016-07-14', '17:07:41', 112, 1),
(1818, 132, 379, 1, '2016-07-14', '17:07:41', 112, '2016-07-14', '17:07:41', 112, 1),
(1819, 132, 380, 1, '2016-07-14', '17:07:41', 112, '2016-07-14', '17:07:41', 112, 1),
(1820, 132, 381, 1, '2016-07-14', '17:07:41', 112, '2016-07-14', '17:07:41', 112, 1),
(1821, 132, 383, 1, '2016-07-14', '17:07:41', 112, '2016-07-14', '17:07:41', 112, 1),
(1822, 132, 384, 1, '2016-07-14', '17:07:41', 112, '2016-07-14', '17:07:41', 112, 1),
(1823, 132, 385, 1, '2016-07-14', '17:07:41', 112, '2016-07-14', '17:07:41', 112, 1),
(1824, 132, 420, 1, '2016-07-14', '17:07:41', 112, '2016-07-14', '17:07:41', 112, 1),
(1825, 132, 422, 1, '2016-07-14', '17:07:41', 112, '2016-07-14', '17:07:41', 112, 1),
(1826, 132, 423, 1, '2016-07-14', '17:07:41', 112, '2016-07-14', '17:07:41', 112, 1),
(1827, 132, 438, 1, '2016-07-14', '17:07:41', 112, '2016-07-14', '17:07:41', 112, 1),
(1828, 132, 442, 1, '2016-07-14', '17:07:41', 112, '2016-07-14', '17:07:41', 112, 1),
(1829, 132, 443, 1, '2016-07-14', '17:07:41', 112, '2016-07-14', '17:07:41', 112, 1),
(1830, 132, 449, 1, '2016-07-14', '17:07:41', 112, '2016-07-14', '17:07:41', 112, 1),
(1831, 133, 348, 1, '2016-07-15', '12:07:08', 112, '2016-07-15', '12:07:08', 112, 1),
(1832, 133, 349, 1, '2016-07-15', '12:07:08', 112, '2016-07-15', '12:07:08', 112, 1),
(1833, 133, 350, 1, '2016-07-15', '12:07:08', 112, '2016-07-15', '12:07:08', 112, 1),
(1834, 133, 351, 1, '2016-07-15', '12:07:08', 112, '2016-07-15', '12:07:08', 112, 1),
(1835, 133, 352, 1, '2016-07-15', '12:07:08', 112, '2016-07-15', '12:07:08', 112, 1),
(1836, 133, 354, 1, '2016-07-15', '12:07:08', 112, '2016-07-15', '12:07:08', 112, 1),
(1837, 133, 355, 1, '2016-07-15', '12:07:08', 112, '2016-07-15', '12:07:08', 112, 1),
(1838, 133, 357, 1, '2016-07-15', '12:07:08', 112, '2016-07-15', '12:07:08', 112, 1),
(1839, 133, 377, 1, '2016-07-15', '12:07:08', 112, '2016-07-15', '12:07:08', 112, 1),
(1840, 133, 378, 1, '2016-07-15', '12:07:08', 112, '2016-07-15', '12:07:08', 112, 1),
(1841, 133, 379, 1, '2016-07-15', '12:07:08', 112, '2016-07-15', '12:07:08', 112, 1),
(1842, 133, 380, 1, '2016-07-15', '12:07:08', 112, '2016-07-15', '12:07:08', 112, 1),
(1843, 133, 381, 1, '2016-07-15', '12:07:08', 112, '2016-07-15', '12:07:08', 112, 1),
(1844, 133, 383, 1, '2016-07-15', '12:07:08', 112, '2016-07-15', '12:07:08', 112, 1),
(1845, 133, 384, 1, '2016-07-15', '12:07:08', 112, '2016-07-15', '12:07:08', 112, 1),
(1846, 133, 385, 1, '2016-07-15', '12:07:08', 112, '2016-07-15', '12:07:08', 112, 1),
(1847, 133, 420, 1, '2016-07-15', '12:07:08', 112, '2016-07-15', '12:07:08', 112, 1),
(1848, 133, 422, 1, '2016-07-15', '12:07:08', 112, '2016-07-15', '12:07:08', 112, 1),
(1849, 133, 423, 1, '2016-07-15', '12:07:08', 112, '2016-07-15', '12:07:08', 112, 1),
(1850, 133, 438, 1, '2016-07-15', '12:07:08', 112, '2016-07-15', '12:07:08', 112, 1),
(1851, 133, 442, 1, '2016-07-15', '12:07:08', 112, '2016-07-15', '12:07:08', 112, 1),
(1852, 133, 443, 1, '2016-07-15', '12:07:08', 112, '2016-07-15', '12:07:08', 112, 1),
(1853, 133, 449, 1, '2016-07-15', '12:07:08', 112, '2016-07-15', '12:07:08', 112, 1),
(1854, 134, 393, 1, '2016-07-15', '12:07:17', 113, '2016-07-15', '12:07:17', 113, 1),
(1855, 134, 394, 1, '2016-07-15', '12:07:17', 113, '2016-07-15', '12:07:17', 113, 1),
(1856, 134, 395, 1, '2016-07-15', '12:07:17', 113, '2016-07-15', '12:07:17', 113, 1),
(1857, 134, 396, 1, '2016-07-15', '12:07:17', 113, '2016-07-15', '12:07:17', 113, 1),
(1858, 134, 397, 1, '2016-07-15', '12:07:17', 113, '2016-07-15', '12:07:17', 113, 1),
(1859, 134, 399, 1, '2016-07-15', '12:07:17', 113, '2016-07-15', '12:07:17', 113, 1),
(1860, 134, 401, 1, '2016-07-15', '12:07:17', 113, '2016-07-15', '12:07:17', 113, 1),
(1861, 134, 427, 1, '2016-07-15', '12:07:17', 113, '2016-07-15', '12:07:17', 113, 1),
(1862, 134, 428, 1, '2016-07-15', '12:07:17', 113, '2016-07-15', '12:07:17', 113, 1),
(1863, 134, 429, 1, '2016-07-15', '12:07:17', 113, '2016-07-15', '12:07:17', 113, 1),
(1864, 134, 437, 1, '2016-07-15', '12:07:17', 113, '2016-07-15', '12:07:17', 113, 1),
(1865, 135, 348, 1, '2016-07-15', '14:07:23', 112, '2016-07-15', '14:07:23', 112, 1),
(1866, 135, 349, 1, '2016-07-15', '14:07:23', 112, '2016-07-15', '14:07:23', 112, 1),
(1867, 135, 350, 1, '2016-07-15', '14:07:23', 112, '2016-07-15', '14:07:23', 112, 1),
(1868, 135, 351, 1, '2016-07-15', '14:07:23', 112, '2016-07-15', '14:07:23', 112, 1),
(1869, 135, 352, 1, '2016-07-15', '14:07:23', 112, '2016-07-15', '14:07:23', 112, 1),
(1870, 135, 354, 1, '2016-07-15', '14:07:23', 112, '2016-07-15', '14:07:23', 112, 1),
(1871, 135, 355, 1, '2016-07-15', '14:07:23', 112, '2016-07-15', '14:07:23', 112, 1),
(1872, 135, 357, 1, '2016-07-15', '14:07:23', 112, '2016-07-15', '14:07:23', 112, 1),
(1873, 135, 377, 1, '2016-07-15', '14:07:23', 112, '2016-07-15', '14:07:23', 112, 1),
(1874, 135, 378, 1, '2016-07-15', '14:07:23', 112, '2016-07-15', '14:07:23', 112, 1),
(1875, 135, 379, 1, '2016-07-15', '14:07:23', 112, '2016-07-15', '14:07:23', 112, 1),
(1876, 135, 380, 1, '2016-07-15', '14:07:23', 112, '2016-07-15', '14:07:23', 112, 1),
(1877, 135, 381, 1, '2016-07-15', '14:07:23', 112, '2016-07-15', '14:07:23', 112, 1),
(1878, 135, 383, 1, '2016-07-15', '14:07:23', 112, '2016-07-15', '14:07:23', 112, 1),
(1879, 135, 384, 1, '2016-07-15', '14:07:23', 112, '2016-07-15', '14:07:23', 112, 1),
(1880, 135, 385, 1, '2016-07-15', '14:07:23', 112, '2016-07-15', '14:07:23', 112, 1),
(1881, 135, 420, 1, '2016-07-15', '14:07:23', 112, '2016-07-15', '14:07:23', 112, 1),
(1882, 135, 422, 1, '2016-07-15', '14:07:23', 112, '2016-07-15', '14:07:23', 112, 1),
(1883, 135, 423, 1, '2016-07-15', '14:07:23', 112, '2016-07-15', '14:07:23', 112, 1),
(1884, 135, 438, 1, '2016-07-15', '14:07:23', 112, '2016-07-15', '14:07:23', 112, 1),
(1885, 135, 442, 1, '2016-07-15', '14:07:23', 112, '2016-07-15', '14:07:23', 112, 1),
(1886, 135, 443, 1, '2016-07-15', '14:07:23', 112, '2016-07-15', '14:07:23', 112, 1),
(1887, 135, 449, 1, '2016-07-15', '14:07:23', 112, '2016-07-15', '14:07:23', 112, 1),
(1888, 136, 348, 1, '2016-07-18', '10:07:36', 112, '2016-07-18', '10:07:36', 112, 1),
(1889, 136, 349, 1, '2016-07-18', '10:07:36', 112, '2016-07-18', '10:07:36', 112, 1),
(1890, 136, 350, 1, '2016-07-18', '10:07:36', 112, '2016-07-18', '10:07:36', 112, 1),
(1891, 136, 351, 1, '2016-07-18', '10:07:36', 112, '2016-07-18', '10:07:36', 112, 1),
(1892, 136, 352, 1, '2016-07-18', '10:07:36', 112, '2016-07-18', '10:07:36', 112, 1),
(1893, 136, 354, 1, '2016-07-18', '10:07:36', 112, '2016-07-18', '10:07:36', 112, 1),
(1894, 136, 355, 1, '2016-07-18', '10:07:36', 112, '2016-07-18', '10:07:36', 112, 1),
(1895, 136, 357, 1, '2016-07-18', '10:07:36', 112, '2016-07-18', '10:07:36', 112, 1),
(1896, 136, 377, 1, '2016-07-18', '10:07:36', 112, '2016-07-18', '10:07:36', 112, 1),
(1897, 136, 378, 1, '2016-07-18', '10:07:36', 112, '2016-07-18', '10:07:36', 112, 1),
(1898, 136, 379, 1, '2016-07-18', '10:07:36', 112, '2016-07-18', '10:07:36', 112, 1),
(1899, 136, 380, 1, '2016-07-18', '10:07:36', 112, '2016-07-18', '10:07:36', 112, 1),
(1900, 136, 381, 1, '2016-07-18', '10:07:36', 112, '2016-07-18', '10:07:36', 112, 1),
(1901, 136, 383, 1, '2016-07-18', '10:07:36', 112, '2016-07-18', '10:07:36', 112, 1),
(1902, 136, 384, 1, '2016-07-18', '10:07:36', 112, '2016-07-18', '10:07:36', 112, 1),
(1903, 136, 385, 1, '2016-07-18', '10:07:36', 112, '2016-07-18', '10:07:36', 112, 1),
(1904, 136, 420, 1, '2016-07-18', '10:07:36', 112, '2016-07-18', '10:07:36', 112, 1),
(1905, 136, 422, 1, '2016-07-18', '10:07:36', 112, '2016-07-18', '10:07:36', 112, 1),
(1906, 136, 423, 1, '2016-07-18', '10:07:36', 112, '2016-07-18', '10:07:36', 112, 1),
(1907, 136, 438, 1, '2016-07-18', '10:07:36', 112, '2016-07-18', '10:07:36', 112, 1),
(1908, 136, 442, 1, '2016-07-18', '10:07:36', 112, '2016-07-18', '10:07:36', 112, 1),
(1909, 136, 443, 1, '2016-07-18', '10:07:36', 112, '2016-07-18', '10:07:36', 112, 1),
(1910, 136, 449, 1, '2016-07-18', '10:07:36', 112, '2016-07-18', '10:07:36', 112, 1),
(1934, 138, 393, 1, '2016-07-25', '18:07:38', 124, '2016-07-25', '18:07:38', 124, 1),
(1935, 138, 394, 1, '2016-07-25', '18:07:38', 124, '2016-07-25', '18:07:38', 124, 1),
(1936, 138, 395, 1, '2016-07-25', '18:07:38', 124, '2016-07-25', '18:07:38', 124, 1),
(1937, 138, 396, 1, '2016-07-25', '18:07:38', 124, '2016-07-25', '18:07:38', 124, 1),
(1938, 138, 397, 1, '2016-07-25', '18:07:38', 124, '2016-07-25', '18:07:38', 124, 1),
(1939, 138, 399, 1, '2016-07-25', '18:07:38', 124, '2016-07-25', '18:07:38', 124, 1),
(1940, 138, 401, 1, '2016-07-25', '18:07:38', 124, '2016-07-25', '18:07:38', 124, 1),
(1941, 138, 427, 1, '2016-07-25', '18:07:38', 124, '2016-07-25', '18:07:38', 124, 1),
(1942, 138, 428, 1, '2016-07-25', '18:07:38', 124, '2016-07-25', '18:07:38', 124, 1),
(1943, 138, 429, 1, '2016-07-25', '18:07:38', 124, '2016-07-25', '18:07:38', 124, 1),
(1944, 138, 437, 1, '2016-07-25', '18:07:38', 124, '2016-07-25', '18:07:38', 124, 1),
(1945, 139, 348, 1, '2016-08-08', '11:08:42', 112, '2016-08-08', '11:08:42', 112, 1),
(1946, 139, 349, 1, '2016-08-08', '11:08:42', 112, '2016-08-08', '11:08:42', 112, 1),
(1947, 139, 350, 1, '2016-08-08', '11:08:42', 112, '2016-08-08', '11:08:42', 112, 1),
(1948, 139, 351, 1, '2016-08-08', '11:08:42', 112, '2016-08-08', '11:08:42', 112, 1),
(1949, 139, 352, 1, '2016-08-08', '11:08:42', 112, '2016-08-08', '11:08:42', 112, 1),
(1950, 139, 354, 1, '2016-08-08', '11:08:42', 112, '2016-08-08', '11:08:42', 112, 1),
(1951, 139, 355, 1, '2016-08-08', '11:08:42', 112, '2016-08-08', '11:08:42', 112, 1),
(1952, 139, 357, 1, '2016-08-08', '11:08:42', 112, '2016-08-08', '11:08:42', 112, 1),
(1953, 139, 377, 1, '2016-08-08', '11:08:42', 112, '2016-08-08', '11:08:42', 112, 1),
(1954, 139, 378, 1, '2016-08-08', '11:08:42', 112, '2016-08-08', '11:08:42', 112, 1),
(1955, 139, 379, 1, '2016-08-08', '11:08:42', 112, '2016-08-08', '11:08:42', 112, 1),
(1956, 139, 380, 1, '2016-08-08', '11:08:42', 112, '2016-08-08', '11:08:42', 112, 1),
(1957, 139, 381, 1, '2016-08-08', '11:08:42', 112, '2016-08-08', '11:08:42', 112, 1),
(1958, 139, 383, 1, '2016-08-08', '11:08:42', 112, '2016-08-08', '11:08:42', 112, 1),
(1959, 139, 384, 1, '2016-08-08', '11:08:42', 112, '2016-08-08', '11:08:42', 112, 1),
(1960, 139, 385, 1, '2016-08-08', '11:08:42', 112, '2016-08-08', '11:08:42', 112, 1),
(1961, 139, 420, 1, '2016-08-08', '11:08:42', 112, '2016-08-08', '11:08:42', 112, 1),
(1962, 139, 422, 1, '2016-08-08', '11:08:42', 112, '2016-08-08', '11:08:42', 112, 1),
(1963, 139, 423, 1, '2016-08-08', '11:08:42', 112, '2016-08-08', '11:08:42', 112, 1),
(1964, 139, 438, 1, '2016-08-08', '11:08:42', 112, '2016-08-08', '11:08:42', 112, 1),
(1965, 139, 442, 1, '2016-08-08', '11:08:42', 112, '2016-08-08', '11:08:42', 112, 1),
(1966, 139, 443, 1, '2016-08-08', '11:08:42', 112, '2016-08-08', '11:08:42', 112, 1),
(1967, 139, 449, 1, '2016-08-08', '11:08:42', 112, '2016-08-08', '11:08:42', 112, 1),
(1968, 140, 393, 1, '2016-08-08', '11:08:54', 139, '2016-08-08', '11:08:54', 139, 1),
(1969, 140, 394, 1, '2016-08-08', '11:08:54', 139, '2016-08-08', '11:08:54', 139, 1),
(1970, 140, 395, 1, '2016-08-08', '11:08:54', 139, '2016-08-08', '11:08:54', 139, 1),
(1971, 140, 396, 1, '2016-08-08', '11:08:54', 139, '2016-08-08', '11:08:54', 139, 1),
(1972, 140, 397, 1, '2016-08-08', '11:08:54', 139, '2016-08-08', '11:08:54', 139, 1),
(1973, 140, 399, 1, '2016-08-08', '11:08:54', 139, '2016-08-08', '11:08:54', 139, 1),
(1974, 140, 401, 1, '2016-08-08', '11:08:54', 139, '2016-08-08', '11:08:54', 139, 1),
(1975, 140, 427, 1, '2016-08-08', '11:08:54', 139, '2016-08-08', '11:08:54', 139, 1),
(1976, 140, 428, 1, '2016-08-08', '11:08:54', 139, '2016-08-08', '11:08:54', 139, 1),
(1977, 140, 429, 1, '2016-08-08', '11:08:54', 139, '2016-08-08', '11:08:54', 139, 1),
(1978, 140, 437, 1, '2016-08-08', '11:08:54', 139, '2016-08-08', '11:08:54', 139, 1),
(1979, 141, 393, 1, '2016-08-08', '11:08:26', 139, '2016-08-08', '11:08:26', 139, 1),
(1980, 141, 394, 1, '2016-08-08', '11:08:26', 139, '2016-08-08', '11:08:26', 139, 1),
(1981, 141, 395, 1, '2016-08-08', '11:08:26', 139, '2016-08-08', '11:08:26', 139, 1),
(1982, 141, 396, 1, '2016-08-08', '11:08:26', 139, '2016-08-08', '11:08:26', 139, 1),
(1983, 141, 397, 1, '2016-08-08', '11:08:26', 139, '2016-08-08', '11:08:26', 139, 1),
(1984, 141, 399, 1, '2016-08-08', '11:08:26', 139, '2016-08-08', '11:08:26', 139, 1),
(1985, 141, 401, 1, '2016-08-08', '11:08:26', 139, '2016-08-08', '11:08:26', 139, 1),
(1986, 141, 427, 1, '2016-08-08', '11:08:26', 139, '2016-08-08', '11:08:26', 139, 1),
(1987, 141, 428, 1, '2016-08-08', '11:08:26', 139, '2016-08-08', '11:08:26', 139, 1),
(1988, 141, 429, 1, '2016-08-08', '11:08:26', 139, '2016-08-08', '11:08:26', 139, 1),
(1989, 141, 437, 1, '2016-08-08', '11:08:26', 139, '2016-08-08', '11:08:26', 139, 1),
(1990, 142, 393, 1, '2016-08-08', '12:08:39', 139, '2016-08-08', '12:08:39', 139, 1),
(1991, 142, 394, 1, '2016-08-08', '12:08:39', 139, '2016-08-08', '12:08:39', 139, 1),
(1992, 142, 395, 1, '2016-08-08', '12:08:39', 139, '2016-08-08', '12:08:39', 139, 1),
(1993, 142, 396, 1, '2016-08-08', '12:08:39', 139, '2016-08-08', '12:08:39', 139, 1),
(1994, 142, 397, 1, '2016-08-08', '12:08:39', 139, '2016-08-08', '12:08:39', 139, 1),
(1995, 142, 399, 1, '2016-08-08', '12:08:39', 139, '2016-08-08', '12:08:39', 139, 1),
(1996, 142, 401, 1, '2016-08-08', '12:08:39', 139, '2016-08-08', '12:08:39', 139, 1),
(1997, 142, 427, 1, '2016-08-08', '12:08:39', 139, '2016-08-08', '12:08:39', 139, 1),
(1998, 142, 428, 1, '2016-08-08', '12:08:39', 139, '2016-08-08', '12:08:39', 139, 1),
(1999, 142, 429, 1, '2016-08-08', '12:08:39', 139, '2016-08-08', '12:08:39', 139, 1),
(2000, 142, 437, 1, '2016-08-08', '12:08:39', 139, '2016-08-08', '12:08:39', 139, 1),
(2001, 143, 393, 1, '2016-08-08', '13:08:25', 128, '2016-08-08', '13:08:25', 128, 1),
(2002, 143, 394, 1, '2016-08-08', '13:08:25', 128, '2016-08-08', '13:08:25', 128, 1),
(2003, 143, 395, 1, '2016-08-08', '13:08:25', 128, '2016-08-08', '13:08:25', 128, 1),
(2004, 143, 396, 1, '2016-08-08', '13:08:25', 128, '2016-08-08', '13:08:25', 128, 1),
(2005, 143, 397, 1, '2016-08-08', '13:08:25', 128, '2016-08-08', '13:08:25', 128, 1),
(2006, 143, 399, 1, '2016-08-08', '13:08:25', 128, '2016-08-08', '13:08:25', 128, 1),
(2007, 143, 401, 1, '2016-08-08', '13:08:25', 128, '2016-08-08', '13:08:25', 128, 1),
(2008, 143, 427, 1, '2016-08-08', '13:08:25', 128, '2016-08-08', '13:08:25', 128, 1),
(2009, 143, 428, 1, '2016-08-08', '13:08:25', 128, '2016-08-08', '13:08:25', 128, 1),
(2010, 143, 429, 1, '2016-08-08', '13:08:25', 128, '2016-08-08', '13:08:25', 128, 1),
(2011, 143, 437, 1, '2016-08-08', '13:08:25', 128, '2016-08-08', '13:08:25', 128, 1),
(2012, 144, 393, 1, '2016-08-09', '11:08:50', 128, '2016-08-09', '11:08:50', 128, 1),
(2013, 144, 394, 1, '2016-08-09', '11:08:50', 128, '2016-08-09', '11:08:50', 128, 1),
(2014, 144, 395, 1, '2016-08-09', '11:08:50', 128, '2016-08-09', '11:08:50', 128, 1),
(2015, 144, 396, 1, '2016-08-09', '11:08:50', 128, '2016-08-09', '11:08:50', 128, 1),
(2016, 144, 397, 1, '2016-08-09', '11:08:50', 128, '2016-08-09', '11:08:50', 128, 1),
(2017, 144, 399, 1, '2016-08-09', '11:08:50', 128, '2016-08-09', '11:08:50', 128, 1),
(2018, 144, 401, 1, '2016-08-09', '11:08:50', 128, '2016-08-09', '11:08:50', 128, 1),
(2019, 144, 427, 1, '2016-08-09', '11:08:50', 128, '2016-08-09', '11:08:50', 128, 1),
(2020, 144, 428, 1, '2016-08-09', '11:08:50', 128, '2016-08-09', '11:08:50', 128, 1),
(2021, 144, 429, 1, '2016-08-09', '11:08:50', 128, '2016-08-09', '11:08:50', 128, 1),
(2022, 144, 437, 1, '2016-08-09', '11:08:50', 128, '2016-08-09', '11:08:50', 128, 1),
(2023, 145, 393, 1, '2016-08-09', '12:08:53', 128, '2016-08-09', '12:08:53', 128, 1),
(2024, 145, 394, 1, '2016-08-09', '12:08:53', 128, '2016-08-09', '12:08:53', 128, 1),
(2025, 145, 395, 1, '2016-08-09', '12:08:53', 128, '2016-08-09', '12:08:53', 128, 1),
(2026, 145, 396, 1, '2016-08-09', '12:08:53', 128, '2016-08-09', '12:08:53', 128, 1),
(2027, 145, 397, 1, '2016-08-09', '12:08:53', 128, '2016-08-09', '12:08:53', 128, 1),
(2028, 145, 399, 1, '2016-08-09', '12:08:53', 128, '2016-08-09', '12:08:53', 128, 1),
(2029, 145, 401, 1, '2016-08-09', '12:08:53', 128, '2016-08-09', '12:08:53', 128, 1),
(2030, 145, 427, 1, '2016-08-09', '12:08:53', 128, '2016-08-09', '12:08:53', 128, 1),
(2031, 145, 428, 1, '2016-08-09', '12:08:53', 128, '2016-08-09', '12:08:53', 128, 1),
(2032, 145, 429, 1, '2016-08-09', '12:08:53', 128, '2016-08-09', '12:08:53', 128, 1),
(2033, 145, 437, 1, '2016-08-09', '12:08:53', 128, '2016-08-09', '12:08:53', 128, 1),
(2034, 146, 348, 1, '2016-08-12', '15:08:45', 112, '2016-08-12', '15:08:45', 112, 1),
(2035, 146, 349, 1, '2016-08-12', '15:08:45', 112, '2016-08-12', '15:08:45', 112, 1),
(2036, 146, 350, 1, '2016-08-12', '15:08:45', 112, '2016-08-12', '15:08:45', 112, 1),
(2037, 146, 351, 1, '2016-08-12', '15:08:45', 112, '2016-08-12', '15:08:45', 112, 1),
(2038, 146, 352, 1, '2016-08-12', '15:08:45', 112, '2016-08-12', '15:08:45', 112, 1),
(2039, 146, 354, 1, '2016-08-12', '15:08:45', 112, '2016-08-12', '15:08:45', 112, 1),
(2040, 146, 355, 1, '2016-08-12', '15:08:45', 112, '2016-08-12', '15:08:45', 112, 1),
(2041, 146, 357, 1, '2016-08-12', '15:08:45', 112, '2016-08-12', '15:08:45', 112, 1),
(2042, 146, 377, 1, '2016-08-12', '15:08:45', 112, '2016-08-12', '15:08:45', 112, 1),
(2043, 146, 378, 1, '2016-08-12', '15:08:45', 112, '2016-08-12', '15:08:45', 112, 1),
(2044, 146, 379, 1, '2016-08-12', '15:08:45', 112, '2016-08-12', '15:08:45', 112, 1),
(2045, 146, 380, 1, '2016-08-12', '15:08:45', 112, '2016-08-12', '15:08:45', 112, 1),
(2046, 146, 381, 1, '2016-08-12', '15:08:45', 112, '2016-08-12', '15:08:45', 112, 1),
(2047, 146, 383, 1, '2016-08-12', '15:08:45', 112, '2016-08-12', '15:08:45', 112, 1),
(2048, 146, 384, 1, '2016-08-12', '15:08:45', 112, '2016-08-12', '15:08:45', 112, 1),
(2049, 146, 385, 1, '2016-08-12', '15:08:45', 112, '2016-08-12', '15:08:45', 112, 1),
(2050, 146, 420, 1, '2016-08-12', '15:08:45', 112, '2016-08-12', '15:08:45', 112, 1),
(2051, 146, 422, 1, '2016-08-12', '15:08:45', 112, '2016-08-12', '15:08:45', 112, 1),
(2052, 146, 423, 1, '2016-08-12', '15:08:45', 112, '2016-08-12', '15:08:45', 112, 1),
(2053, 146, 438, 1, '2016-08-12', '15:08:45', 112, '2016-08-12', '15:08:45', 112, 1),
(2054, 146, 442, 1, '2016-08-12', '15:08:45', 112, '2016-08-12', '15:08:45', 112, 1),
(2055, 146, 443, 1, '2016-08-12', '15:08:45', 112, '2016-08-12', '15:08:45', 112, 1),
(2056, 146, 449, 1, '2016-08-12', '15:08:45', 112, '2016-08-12', '15:08:45', 112, 1),
(2057, 147, 393, 1, '2016-08-12', '15:08:48', 146, '2016-08-12', '15:08:48', 146, 1),
(2058, 147, 394, 1, '2016-08-12', '15:08:48', 146, '2016-08-12', '15:08:48', 146, 1),
(2059, 147, 395, 1, '2016-08-12', '15:08:48', 146, '2016-08-12', '15:08:48', 146, 1),
(2060, 147, 396, 1, '2016-08-12', '15:08:48', 146, '2016-08-12', '15:08:48', 146, 1),
(2061, 147, 397, 1, '2016-08-12', '15:08:48', 146, '2016-08-12', '15:08:48', 146, 1),
(2062, 147, 399, 1, '2016-08-12', '15:08:48', 146, '2016-08-12', '15:08:48', 146, 1),
(2063, 147, 401, 1, '2016-08-12', '15:08:48', 146, '2016-08-12', '15:08:48', 146, 1),
(2064, 147, 427, 1, '2016-08-12', '15:08:48', 146, '2016-08-12', '15:08:48', 146, 1),
(2065, 147, 428, 1, '2016-08-12', '15:08:48', 146, '2016-08-12', '15:08:48', 146, 1),
(2066, 147, 429, 1, '2016-08-12', '15:08:48', 146, '2016-08-12', '15:08:48', 146, 1),
(2067, 147, 437, 1, '2016-08-12', '15:08:48', 146, '2016-08-12', '15:08:48', 146, 1),
(2068, 148, 393, 1, '2016-08-12', '15:08:53', 146, '2016-08-12', '15:08:53', 146, 1),
(2069, 148, 394, 1, '2016-08-12', '15:08:53', 146, '2016-08-12', '15:08:53', 146, 1),
(2070, 148, 395, 1, '2016-08-12', '15:08:53', 146, '2016-08-12', '15:08:53', 146, 1),
(2071, 148, 396, 1, '2016-08-12', '15:08:53', 146, '2016-08-12', '15:08:53', 146, 1),
(2072, 148, 397, 1, '2016-08-12', '15:08:53', 146, '2016-08-12', '15:08:53', 146, 1),
(2073, 148, 399, 1, '2016-08-12', '15:08:53', 146, '2016-08-12', '15:08:53', 146, 1),
(2074, 148, 401, 1, '2016-08-12', '15:08:53', 146, '2016-08-12', '15:08:53', 146, 1),
(2075, 148, 427, 1, '2016-08-12', '15:08:53', 146, '2016-08-12', '15:08:53', 146, 1),
(2076, 148, 428, 1, '2016-08-12', '15:08:53', 146, '2016-08-12', '15:08:53', 146, 1),
(2077, 148, 429, 1, '2016-08-12', '15:08:53', 146, '2016-08-12', '15:08:53', 146, 1),
(2078, 148, 437, 1, '2016-08-12', '15:08:53', 146, '2016-08-12', '15:08:53', 146, 1),
(2079, 149, 393, 1, '2016-08-12', '15:08:57', 146, '2016-08-12', '15:08:57', 146, 1),
(2080, 149, 394, 1, '2016-08-12', '15:08:57', 146, '2016-08-12', '15:08:57', 146, 1),
(2081, 149, 395, 1, '2016-08-12', '15:08:57', 146, '2016-08-12', '15:08:57', 146, 1),
(2082, 149, 396, 1, '2016-08-12', '15:08:57', 146, '2016-08-12', '15:08:57', 146, 1),
(2083, 149, 397, 1, '2016-08-12', '15:08:57', 146, '2016-08-12', '15:08:57', 146, 1),
(2084, 149, 399, 1, '2016-08-12', '15:08:57', 146, '2016-08-12', '15:08:57', 146, 1),
(2085, 149, 401, 1, '2016-08-12', '15:08:57', 146, '2016-08-12', '15:08:57', 146, 1),
(2086, 149, 427, 1, '2016-08-12', '15:08:57', 146, '2016-08-12', '15:08:57', 146, 1),
(2087, 149, 428, 1, '2016-08-12', '15:08:57', 146, '2016-08-12', '15:08:57', 146, 1),
(2088, 149, 429, 1, '2016-08-12', '15:08:57', 146, '2016-08-12', '15:08:57', 146, 1),
(2089, 149, 437, 1, '2016-08-12', '15:08:57', 146, '2016-08-12', '15:08:57', 146, 1),
(2090, 150, 393, 1, '2016-08-17', '08:08:26', 146, '2016-08-17', '08:08:26', 146, 1),
(2091, 150, 394, 1, '2016-08-17', '08:08:26', 146, '2016-08-17', '08:08:26', 146, 1),
(2092, 150, 395, 1, '2016-08-17', '08:08:26', 146, '2016-08-17', '08:08:26', 146, 1),
(2093, 150, 396, 1, '2016-08-17', '08:08:26', 146, '2016-08-17', '08:08:26', 146, 1),
(2094, 150, 397, 1, '2016-08-17', '08:08:26', 146, '2016-08-17', '08:08:26', 146, 1),
(2095, 150, 399, 1, '2016-08-17', '08:08:27', 146, '2016-08-17', '08:08:27', 146, 1),
(2096, 150, 401, 1, '2016-08-17', '08:08:27', 146, '2016-08-17', '08:08:27', 146, 1),
(2097, 150, 427, 1, '2016-08-17', '08:08:27', 146, '2016-08-17', '08:08:27', 146, 1),
(2098, 150, 428, 1, '2016-08-17', '08:08:27', 146, '2016-08-17', '08:08:27', 146, 1),
(2099, 150, 429, 1, '2016-08-17', '08:08:27', 146, '2016-08-17', '08:08:27', 146, 1),
(2100, 150, 437, 1, '2016-08-17', '08:08:27', 146, '2016-08-17', '08:08:27', 146, 1),
(2101, 151, 393, 1, '2016-08-17', '08:08:35', 146, '2016-08-17', '08:08:35', 146, 1),
(2102, 151, 394, 1, '2016-08-17', '08:08:35', 146, '2016-08-17', '08:08:35', 146, 1),
(2103, 151, 395, 1, '2016-08-17', '08:08:35', 146, '2016-08-17', '08:08:35', 146, 1),
(2104, 151, 396, 1, '2016-08-17', '08:08:35', 146, '2016-08-17', '08:08:35', 146, 1),
(2105, 151, 397, 1, '2016-08-17', '08:08:35', 146, '2016-08-17', '08:08:35', 146, 1),
(2106, 151, 399, 1, '2016-08-17', '08:08:35', 146, '2016-08-17', '08:08:35', 146, 1),
(2107, 151, 401, 1, '2016-08-17', '08:08:35', 146, '2016-08-17', '08:08:35', 146, 1),
(2108, 151, 427, 1, '2016-08-17', '08:08:35', 146, '2016-08-17', '08:08:35', 146, 1),
(2109, 151, 428, 1, '2016-08-17', '08:08:35', 146, '2016-08-17', '08:08:35', 146, 1),
(2110, 151, 429, 1, '2016-08-17', '08:08:35', 146, '2016-08-17', '08:08:35', 146, 1),
(2111, 151, 437, 1, '2016-08-17', '08:08:35', 146, '2016-08-17', '08:08:35', 146, 1),
(2112, 152, 393, 1, '2016-08-17', '08:08:30', 146, '2016-08-17', '08:08:30', 146, 1),
(2113, 152, 394, 1, '2016-08-17', '08:08:30', 146, '2016-08-17', '08:08:30', 146, 1),
(2114, 152, 395, 1, '2016-08-17', '08:08:30', 146, '2016-08-17', '08:08:30', 146, 1),
(2115, 152, 396, 1, '2016-08-17', '08:08:30', 146, '2016-08-17', '08:08:30', 146, 1),
(2116, 152, 397, 1, '2016-08-17', '08:08:30', 146, '2016-08-17', '08:08:30', 146, 1),
(2117, 152, 399, 1, '2016-08-17', '08:08:30', 146, '2016-08-17', '08:08:30', 146, 1),
(2118, 152, 401, 1, '2016-08-17', '08:08:30', 146, '2016-08-17', '08:08:30', 146, 1),
(2119, 152, 427, 1, '2016-08-17', '08:08:30', 146, '2016-08-17', '08:08:30', 146, 1),
(2120, 152, 428, 1, '2016-08-17', '08:08:30', 146, '2016-08-17', '08:08:30', 146, 1),
(2121, 152, 429, 1, '2016-08-17', '08:08:30', 146, '2016-08-17', '08:08:30', 146, 1),
(2122, 152, 437, 1, '2016-08-17', '08:08:30', 146, '2016-08-17', '08:08:30', 146, 1),
(2123, 153, 348, 1, '2016-08-19', '16:08:24', 112, '2016-08-19', '16:08:24', 112, 1),
(2124, 153, 349, 1, '2016-08-19', '16:08:24', 112, '2016-08-19', '16:08:24', 112, 1),
(2125, 153, 350, 1, '2016-08-19', '16:08:24', 112, '2016-08-19', '16:08:24', 112, 1),
(2126, 153, 351, 1, '2016-08-19', '16:08:24', 112, '2016-08-19', '16:08:24', 112, 1),
(2127, 153, 352, 1, '2016-08-19', '16:08:24', 112, '2016-08-19', '16:08:24', 112, 1),
(2128, 153, 354, 1, '2016-08-19', '16:08:24', 112, '2016-08-19', '16:08:24', 112, 1),
(2129, 153, 355, 1, '2016-08-19', '16:08:24', 112, '2016-08-19', '16:08:24', 112, 1),
(2130, 153, 357, 1, '2016-08-19', '16:08:24', 112, '2016-08-19', '16:08:24', 112, 1),
(2131, 153, 377, 1, '2016-08-19', '16:08:24', 112, '2016-08-19', '16:08:24', 112, 1),
(2132, 153, 378, 1, '2016-08-19', '16:08:24', 112, '2016-08-19', '16:08:24', 112, 1);
INSERT INTO `rbac_roles_opciones_usuarios` (`id`, `usuario_id`, `rol_opcion_id`, `estatus`, `registro_fecha`, `registro_hora`, `registro_usuario_id`, `modificado_fecha`, `modificado_hora`, `modificado_usuario_id`, `secuencia`) VALUES
(2133, 153, 379, 1, '2016-08-19', '16:08:24', 112, '2016-08-19', '16:08:24', 112, 1),
(2134, 153, 380, 1, '2016-08-19', '16:08:24', 112, '2016-08-19', '16:08:24', 112, 1),
(2135, 153, 381, 1, '2016-08-19', '16:08:24', 112, '2016-08-19', '16:08:24', 112, 1),
(2136, 153, 383, 1, '2016-08-19', '16:08:24', 112, '2016-08-19', '16:08:24', 112, 1),
(2137, 153, 384, 1, '2016-08-19', '16:08:24', 112, '2016-08-19', '16:08:24', 112, 1),
(2138, 153, 385, 1, '2016-08-19', '16:08:24', 112, '2016-08-19', '16:08:24', 112, 1),
(2139, 153, 420, 1, '2016-08-19', '16:08:24', 112, '2016-08-19', '16:08:24', 112, 1),
(2140, 153, 422, 1, '2016-08-19', '16:08:24', 112, '2016-08-19', '16:08:24', 112, 1),
(2141, 153, 423, 1, '2016-08-19', '16:08:24', 112, '2016-08-19', '16:08:24', 112, 1),
(2142, 153, 438, 1, '2016-08-19', '16:08:24', 112, '2016-08-19', '16:08:24', 112, 1),
(2143, 153, 442, 1, '2016-08-19', '16:08:24', 112, '2016-08-19', '16:08:24', 112, 1),
(2144, 153, 443, 1, '2016-08-19', '16:08:24', 112, '2016-08-19', '16:08:24', 112, 1),
(2145, 153, 449, 1, '2016-08-19', '16:08:24', 112, '2016-08-19', '16:08:24', 112, 1),
(2146, 154, 393, 1, '2016-08-20', '16:08:05', 153, '2016-08-20', '16:08:05', 153, 1),
(2147, 154, 394, 1, '2016-08-20', '16:08:05', 153, '2016-08-20', '16:08:05', 153, 1),
(2148, 154, 395, 1, '2016-08-20', '16:08:05', 153, '2016-08-20', '16:08:05', 153, 1),
(2149, 154, 396, 1, '2016-08-20', '16:08:05', 153, '2016-08-20', '16:08:05', 153, 1),
(2150, 154, 397, 1, '2016-08-20', '16:08:05', 153, '2016-08-20', '16:08:05', 153, 1),
(2151, 154, 399, 1, '2016-08-20', '16:08:05', 153, '2016-08-20', '16:08:05', 153, 1),
(2152, 154, 401, 1, '2016-08-20', '16:08:05', 153, '2016-08-20', '16:08:05', 153, 1),
(2153, 154, 427, 1, '2016-08-20', '16:08:05', 153, '2016-08-20', '16:08:05', 153, 1),
(2154, 154, 428, 1, '2016-08-20', '16:08:05', 153, '2016-08-20', '16:08:05', 153, 1),
(2155, 154, 429, 1, '2016-08-20', '16:08:05', 153, '2016-08-20', '16:08:05', 153, 1),
(2156, 154, 437, 1, '2016-08-20', '16:08:05', 153, '2016-08-20', '16:08:05', 153, 1),
(2157, 155, 393, 1, '2016-08-20', '16:08:48', 153, '2016-08-20', '16:08:48', 153, 1),
(2158, 155, 394, 1, '2016-08-20', '16:08:48', 153, '2016-08-20', '16:08:48', 153, 1),
(2159, 155, 395, 1, '2016-08-20', '16:08:48', 153, '2016-08-20', '16:08:48', 153, 1),
(2160, 155, 396, 1, '2016-08-20', '16:08:48', 153, '2016-08-20', '16:08:48', 153, 1),
(2161, 155, 397, 1, '2016-08-20', '16:08:48', 153, '2016-08-20', '16:08:48', 153, 1),
(2162, 155, 399, 1, '2016-08-20', '16:08:48', 153, '2016-08-20', '16:08:48', 153, 1),
(2163, 155, 401, 1, '2016-08-20', '16:08:48', 153, '2016-08-20', '16:08:48', 153, 1),
(2164, 155, 427, 1, '2016-08-20', '16:08:48', 153, '2016-08-20', '16:08:48', 153, 1),
(2165, 155, 428, 1, '2016-08-20', '16:08:48', 153, '2016-08-20', '16:08:48', 153, 1),
(2166, 155, 429, 1, '2016-08-20', '16:08:48', 153, '2016-08-20', '16:08:48', 153, 1),
(2167, 155, 437, 1, '2016-08-20', '16:08:48', 153, '2016-08-20', '16:08:48', 153, 1),
(2168, 156, 393, 1, '2016-08-22', '11:08:12', 128, '2016-08-22', '11:08:12', 128, 1),
(2169, 156, 394, 1, '2016-08-22', '11:08:12', 128, '2016-08-22', '11:08:12', 128, 1),
(2170, 156, 395, 1, '2016-08-22', '11:08:12', 128, '2016-08-22', '11:08:12', 128, 1),
(2171, 156, 396, 1, '2016-08-22', '11:08:12', 128, '2016-08-22', '11:08:12', 128, 1),
(2172, 156, 397, 1, '2016-08-22', '11:08:12', 128, '2016-08-22', '11:08:12', 128, 1),
(2173, 156, 399, 1, '2016-08-22', '11:08:12', 128, '2016-08-22', '11:08:12', 128, 1),
(2174, 156, 401, 1, '2016-08-22', '11:08:12', 128, '2016-08-22', '11:08:12', 128, 1),
(2175, 156, 427, 1, '2016-08-22', '11:08:12', 128, '2016-08-22', '11:08:12', 128, 1),
(2176, 156, 428, 1, '2016-08-22', '11:08:12', 128, '2016-08-22', '11:08:12', 128, 1),
(2177, 156, 429, 1, '2016-08-22', '11:08:12', 128, '2016-08-22', '11:08:12', 128, 1),
(2178, 156, 437, 1, '2016-08-22', '11:08:12', 128, '2016-08-22', '11:08:12', 128, 1),
(2179, 157, 236, 1, '2016-08-26', '13:08:34', 16, '2016-09-14', '16:09:45', 16, 1),
(2180, 157, 237, 1, '2016-08-26', '13:08:34', 16, '2016-09-14', '16:09:45', 16, 1),
(2181, 157, 239, 1, '2016-08-26', '13:08:34', 16, '2016-09-14', '16:09:45', 16, 1),
(2182, 157, 240, 1, '2016-08-26', '13:08:34', 16, '2016-09-14', '16:09:45', 16, 1),
(2183, 157, 241, 0, '2016-08-26', '13:08:34', 16, '2016-09-14', '16:09:45', 16, 1),
(2184, 157, 243, 0, '2016-08-26', '13:08:34', 16, '2016-09-14', '16:09:45', 16, 1),
(2185, 157, 244, 0, '2016-08-26', '13:08:34', 16, '2016-09-14', '16:09:45', 16, 1),
(2186, 157, 245, 0, '2016-08-26', '13:08:34', 16, '2016-09-14', '16:09:45', 16, 1),
(2187, 157, 246, 1, '2016-08-26', '13:08:34', 16, '2016-09-14', '16:09:45', 16, 1),
(2188, 157, 247, 1, '2016-08-26', '13:08:34', 16, '2016-09-14', '16:09:45', 16, 1),
(2189, 157, 248, 1, '2016-08-26', '13:08:34', 16, '2016-09-14', '16:09:45', 16, 1),
(2190, 157, 249, 1, '2016-08-26', '13:08:34', 16, '2016-09-14', '16:09:45', 16, 1),
(2191, 157, 250, 1, '2016-08-26', '13:08:34', 16, '2016-09-14', '16:09:45', 16, 1),
(2192, 157, 251, 1, '2016-08-26', '13:08:34', 16, '2016-09-14', '16:09:45', 16, 1),
(2193, 157, 252, 1, '2016-08-26', '13:08:34', 16, '2016-09-14', '16:09:45', 16, 1),
(2194, 157, 258, 1, '2016-08-26', '13:08:34', 16, '2016-09-14', '16:09:45', 16, 1),
(2195, 157, 259, 1, '2016-08-26', '13:08:34', 16, '2016-09-14', '16:09:45', 16, 1),
(2196, 157, 260, 1, '2016-08-26', '13:08:34', 16, '2016-09-14', '16:09:45', 16, 1),
(2197, 157, 261, 1, '2016-08-26', '13:08:34', 16, '2016-09-14', '16:09:45', 16, 1),
(2198, 157, 262, 1, '2016-08-26', '13:08:34', 16, '2016-09-14', '16:09:45', 16, 1),
(2199, 157, 263, 1, '2016-08-26', '13:08:34', 16, '2016-09-14', '16:09:45', 16, 1),
(2200, 157, 264, 1, '2016-08-26', '13:08:34', 16, '2016-09-14', '16:09:45', 16, 1),
(2201, 157, 265, 1, '2016-08-26', '13:08:34', 16, '2016-09-14', '16:09:45', 16, 1),
(2202, 157, 266, 1, '2016-08-26', '13:08:34', 16, '2016-09-14', '16:09:45', 16, 1),
(2203, 157, 267, 1, '2016-08-26', '13:08:34', 16, '2016-09-14', '16:09:45', 16, 1),
(2204, 157, 268, 1, '2016-08-26', '13:08:34', 16, '2016-09-14', '16:09:45', 16, 1),
(2205, 157, 269, 1, '2016-08-26', '13:08:34', 16, '2016-09-14', '16:09:45', 16, 1),
(2206, 157, 270, 1, '2016-08-26', '13:08:34', 16, '2016-09-14', '16:09:45', 16, 1),
(2207, 157, 271, 1, '2016-08-26', '13:08:34', 16, '2016-09-14', '16:09:45', 16, 1),
(2208, 157, 272, 1, '2016-08-26', '13:08:34', 16, '2016-09-14', '16:09:45', 16, 1),
(2209, 157, 273, 0, '2016-08-26', '13:08:34', 16, '2016-09-14', '16:09:45', 16, 1),
(2210, 157, 274, 0, '2016-08-26', '13:08:34', 16, '2016-09-14', '16:09:45', 16, 1),
(2211, 157, 275, 0, '2016-08-26', '13:08:34', 16, '2016-09-14', '16:09:45', 16, 1),
(2212, 157, 276, 0, '2016-08-26', '13:08:34', 16, '2016-09-14', '16:09:45', 16, 1),
(2213, 157, 277, 0, '2016-08-26', '13:08:34', 16, '2016-09-14', '16:09:45', 16, 1),
(2214, 157, 283, 1, '2016-08-26', '13:08:34', 16, '2016-09-14', '16:09:45', 16, 1),
(2215, 157, 284, 1, '2016-08-26', '13:08:34', 16, '2016-09-14', '16:09:45', 16, 1),
(2216, 157, 285, 1, '2016-08-26', '13:08:34', 16, '2016-09-14', '16:09:45', 16, 1),
(2217, 157, 286, 1, '2016-08-26', '13:08:34', 16, '2016-09-14', '16:09:45', 16, 1),
(2218, 157, 287, 1, '2016-08-26', '13:08:34', 16, '2016-09-14', '16:09:45', 16, 1),
(2219, 157, 288, 1, '2016-08-26', '13:08:34', 16, '2016-09-14', '16:09:45', 16, 1),
(2220, 157, 289, 1, '2016-08-26', '13:08:34', 16, '2016-09-14', '16:09:45', 16, 1),
(2221, 157, 290, 1, '2016-08-26', '13:08:34', 16, '2016-09-14', '16:09:45', 16, 1),
(2222, 157, 291, 1, '2016-08-26', '13:08:34', 16, '2016-09-14', '16:09:45', 16, 1),
(2223, 157, 292, 1, '2016-08-26', '13:08:34', 16, '2016-09-14', '16:09:45', 16, 1),
(2224, 157, 293, 1, '2016-08-26', '13:08:34', 16, '2016-09-14', '16:09:45', 16, 1),
(2225, 157, 294, 1, '2016-08-26', '13:08:34', 16, '2016-09-14', '16:09:45', 16, 1),
(2226, 157, 295, 1, '2016-08-26', '13:08:34', 16, '2016-09-14', '16:09:45', 16, 1),
(2227, 157, 296, 1, '2016-08-26', '13:08:34', 16, '2016-09-14', '16:09:45', 16, 1),
(2228, 157, 297, 1, '2016-08-26', '13:08:34', 16, '2016-09-14', '16:09:45', 16, 1),
(2229, 157, 298, 1, '2016-08-26', '13:08:34', 16, '2016-09-14', '16:09:45', 16, 1),
(2230, 157, 299, 1, '2016-08-26', '13:08:34', 16, '2016-09-14', '16:09:45', 16, 1),
(2231, 157, 300, 1, '2016-08-26', '13:08:34', 16, '2016-09-14', '16:09:45', 16, 1),
(2232, 157, 301, 1, '2016-08-26', '13:08:34', 16, '2016-09-14', '16:09:45', 16, 1),
(2233, 157, 302, 1, '2016-08-26', '13:08:34', 16, '2016-09-14', '16:09:45', 16, 1),
(2234, 157, 303, 1, '2016-08-26', '13:08:34', 16, '2016-09-14', '16:09:45', 16, 1),
(2235, 157, 304, 1, '2016-08-26', '13:08:34', 16, '2016-09-14', '16:09:45', 16, 1),
(2236, 157, 305, 1, '2016-08-26', '13:08:34', 16, '2016-09-14', '16:09:45', 16, 1),
(2237, 157, 306, 1, '2016-08-26', '13:08:34', 16, '2016-09-14', '16:09:45', 16, 1),
(2238, 157, 307, 1, '2016-08-26', '13:08:34', 16, '2016-09-14', '16:09:45', 16, 1),
(2239, 157, 308, 1, '2016-08-26', '13:08:34', 16, '2016-09-14', '16:09:45', 16, 1),
(2240, 157, 309, 1, '2016-08-26', '13:08:34', 16, '2016-09-14', '16:09:45', 16, 1),
(2241, 157, 310, 1, '2016-08-26', '13:08:34', 16, '2016-09-14', '16:09:45', 16, 1),
(2242, 157, 311, 1, '2016-08-26', '13:08:34', 16, '2016-09-14', '16:09:45', 16, 1),
(2243, 157, 312, 1, '2016-08-26', '13:08:34', 16, '2016-09-14', '16:09:45', 16, 1),
(2244, 157, 313, 1, '2016-08-26', '13:08:34', 16, '2016-09-14', '16:09:45', 16, 1),
(2245, 157, 314, 1, '2016-08-26', '13:08:34', 16, '2016-09-14', '16:09:45', 16, 1),
(2246, 157, 315, 1, '2016-08-26', '13:08:34', 16, '2016-09-14', '16:09:45', 16, 1),
(2247, 157, 316, 1, '2016-08-26', '13:08:34', 16, '2016-09-14', '16:09:45', 16, 1),
(2248, 157, 317, 1, '2016-08-26', '13:08:34', 16, '2016-09-14', '16:09:45', 16, 1),
(2249, 157, 318, 1, '2016-08-26', '13:08:34', 16, '2016-09-14', '16:09:45', 16, 1),
(2250, 157, 402, 1, '2016-08-26', '13:08:34', 16, '2016-09-14', '16:09:45', 16, 1),
(2251, 157, 403, 1, '2016-08-26', '13:08:34', 16, '2016-09-14', '16:09:45', 16, 1),
(2252, 157, 405, 1, '2016-08-26', '13:08:34', 16, '2016-09-14', '16:09:45', 16, 1),
(2253, 157, 406, 0, '2016-08-26', '13:08:34', 16, '2016-09-14', '16:09:45', 16, 1),
(2254, 157, 407, 1, '2016-08-26', '13:08:34', 16, '2016-09-14', '16:09:45', 16, 1),
(2255, 157, 408, 0, '2016-08-26', '13:08:34', 16, '2016-09-14', '16:09:45', 16, 1),
(2256, 157, 409, 1, '2016-08-26', '13:08:34', 16, '2016-09-14', '16:09:45', 16, 1),
(2257, 157, 424, 1, '2016-08-26', '13:08:34', 16, '2016-09-14', '16:09:45', 16, 1),
(2258, 157, 426, 1, '2016-08-26', '13:08:34', 16, '2016-09-14', '16:09:45', 16, 1),
(2259, 157, 430, 1, '2016-08-26', '13:08:34', 16, '2016-09-14', '16:09:45', 16, 1),
(2260, 157, 431, 1, '2016-08-26', '13:08:34', 16, '2016-09-14', '16:09:45', 16, 1),
(2261, 157, 440, 1, '2016-08-26', '13:08:34', 16, '2016-09-14', '16:09:45', 16, 1),
(2262, 157, 441, 1, '2016-08-26', '13:08:34', 16, '2016-09-14', '16:09:45', 16, 1),
(2263, 157, 448, 1, '2016-08-26', '13:08:34', 16, '2016-09-14', '16:09:45', 16, 1),
(2264, 157, 450, 1, '2016-08-26', '13:08:34', 16, '2016-09-14', '16:09:45', 16, 1),
(2265, 157, 451, 1, '2016-08-26', '13:08:34', 16, '2016-09-14', '16:09:45', 16, 1),
(2266, 157, 452, 1, '2016-08-26', '13:08:34', 16, '2016-09-14', '16:09:45', 16, 1),
(2267, 157, 453, 1, '2016-08-26', '13:08:34', 16, '2016-09-14', '16:09:45', 16, 1),
(2268, 157, 454, 1, '2016-08-26', '13:08:34', 16, '2016-09-14', '16:09:45', 16, 1),
(2269, 157, 455, 1, '2016-08-26', '13:08:34', 16, '2016-09-14', '16:09:45', 16, 1),
(2270, 157, 456, 1, '2016-08-26', '13:08:34', 16, '2016-09-14', '16:09:45', 16, 1),
(2271, 157, 457, 1, '2016-08-26', '13:08:34', 16, '2016-09-14', '16:09:45', 16, 1),
(2272, 157, 458, 1, '2016-08-26', '13:08:34', 16, '2016-09-14', '16:09:45', 16, 1),
(2273, 157, 459, 1, '2016-08-26', '13:08:34', 16, '2016-09-14', '16:09:45', 16, 1),
(2274, 157, 460, 1, '2016-08-26', '13:08:34', 16, '2016-09-14', '16:09:45', 16, 1),
(2275, 157, 461, 1, '2016-08-26', '13:08:34', 16, '2016-09-14', '16:09:45', 16, 1),
(2276, 157, 462, 1, '2016-08-26', '13:08:34', 16, '2016-09-14', '16:09:45', 16, 1),
(2277, 158, 348, 1, '2016-08-29', '08:08:25', 157, '2016-09-28', '08:33:15', 157, 1),
(2278, 158, 349, 1, '2016-08-29', '08:08:25', 157, '2016-09-28', '08:33:15', 157, 1),
(2279, 158, 350, 1, '2016-08-29', '08:08:25', 157, '2016-09-28', '08:33:15', 157, 1),
(2280, 158, 351, 0, '2016-08-29', '08:08:25', 157, '2016-09-28', '08:33:15', 157, 1),
(2281, 158, 352, 1, '2016-08-29', '08:08:25', 157, '2016-09-28', '08:33:15', 157, 1),
(2282, 158, 354, 1, '2016-08-29', '08:08:25', 157, '2016-09-28', '08:33:15', 157, 1),
(2283, 158, 355, 1, '2016-08-29', '08:08:25', 157, '2016-09-28', '08:33:15', 157, 1),
(2284, 158, 357, 1, '2016-08-29', '08:08:25', 157, '2016-09-28', '08:33:15', 157, 1),
(2285, 158, 377, 1, '2016-08-29', '08:08:25', 157, '2016-09-28', '08:33:15', 157, 1),
(2286, 158, 378, 0, '2016-08-29', '08:08:26', 157, '2016-09-28', '08:33:15', 157, 1),
(2287, 158, 379, 0, '2016-08-29', '08:08:26', 157, '2016-09-28', '08:33:15', 157, 1),
(2288, 158, 380, 1, '2016-08-29', '08:08:26', 157, '2016-09-28', '08:33:15', 157, 1),
(2289, 158, 381, 1, '2016-08-29', '08:08:26', 157, '2016-09-28', '08:33:15', 157, 1),
(2290, 158, 383, 1, '2016-08-29', '08:08:26', 157, '2016-09-28', '08:33:15', 157, 1),
(2291, 158, 384, 1, '2016-08-29', '08:08:26', 157, '2016-09-28', '08:33:15', 157, 1),
(2292, 158, 385, 1, '2016-08-29', '08:08:26', 157, '2016-09-28', '08:33:15', 157, 1),
(2293, 158, 420, 1, '2016-08-29', '08:08:26', 157, '2016-09-28', '08:33:15', 157, 1),
(2294, 158, 422, 1, '2016-08-29', '08:08:27', 157, '2016-09-28', '08:33:15', 157, 1),
(2295, 158, 423, 1, '2016-08-29', '08:08:27', 157, '2016-09-28', '08:33:15', 157, 1),
(2296, 158, 438, 1, '2016-08-29', '08:08:27', 157, '2016-09-28', '08:33:15', 157, 1),
(2297, 158, 442, 1, '2016-08-29', '08:08:27', 157, '2016-09-28', '08:33:15', 157, 1),
(2298, 158, 443, 1, '2016-08-29', '08:08:27', 157, '2016-09-28', '08:33:15', 157, 1),
(2299, 158, 449, 1, '2016-08-29', '08:08:27', 157, '2016-09-28', '08:33:15', 157, 1),
(2300, 159, 393, 1, '2016-08-29', '08:08:59', 158, '2016-08-29', '08:08:59', 158, 1),
(2301, 159, 394, 1, '2016-08-29', '08:08:00', 158, '2016-08-29', '08:08:00', 158, 1),
(2302, 159, 395, 1, '2016-08-29', '08:08:00', 158, '2016-08-29', '08:08:00', 158, 1),
(2303, 159, 396, 1, '2016-08-29', '08:08:00', 158, '2016-08-29', '08:08:00', 158, 1),
(2304, 159, 397, 1, '2016-08-29', '08:08:00', 158, '2016-08-29', '08:08:00', 158, 1),
(2305, 159, 399, 1, '2016-08-29', '08:08:00', 158, '2016-08-29', '08:08:00', 158, 1),
(2306, 159, 401, 1, '2016-08-29', '08:08:00', 158, '2016-08-29', '08:08:00', 158, 1),
(2307, 159, 427, 1, '2016-08-29', '08:08:00', 158, '2016-08-29', '08:08:00', 158, 1),
(2308, 159, 428, 1, '2016-08-29', '08:08:01', 158, '2016-08-29', '08:08:01', 158, 1),
(2309, 159, 429, 1, '2016-08-29', '08:08:01', 158, '2016-08-29', '08:08:01', 158, 1),
(2310, 159, 437, 1, '2016-08-29', '08:08:01', 158, '2016-08-29', '08:08:01', 158, 1),
(2311, 160, 257, 1, '2016-08-30', '10:08:22', 157, '2016-08-30', '10:08:22', 157, 1),
(2312, 160, 319, 1, '2016-08-30', '10:08:22', 157, '2016-08-30', '10:08:22', 157, 1),
(2313, 160, 320, 1, '2016-08-30', '10:08:22', 157, '2016-08-30', '10:08:22', 157, 1),
(2314, 160, 321, 1, '2016-08-30', '10:08:23', 157, '2016-08-30', '10:08:23', 157, 1),
(2315, 160, 322, 1, '2016-08-30', '10:08:23', 157, '2016-08-30', '10:08:23', 157, 1),
(2316, 160, 323, 1, '2016-08-30', '10:08:23', 157, '2016-08-30', '10:08:23', 157, 1),
(2317, 160, 324, 1, '2016-08-30', '10:08:23', 157, '2016-08-30', '10:08:23', 157, 1),
(2318, 160, 325, 1, '2016-08-30', '10:08:23', 157, '2016-08-30', '10:08:23', 157, 1),
(2319, 160, 326, 1, '2016-08-30', '10:08:23', 157, '2016-08-30', '10:08:23', 157, 1),
(2320, 160, 327, 1, '2016-08-30', '10:08:23', 157, '2016-08-30', '10:08:23', 157, 1),
(2321, 160, 328, 1, '2016-08-30', '10:08:23', 157, '2016-08-30', '10:08:23', 157, 1),
(2322, 160, 329, 1, '2016-08-30', '10:08:24', 157, '2016-08-30', '10:08:24', 157, 1),
(2323, 160, 332, 1, '2016-08-30', '10:08:24', 157, '2016-08-30', '10:08:24', 157, 1),
(2324, 160, 333, 1, '2016-08-30', '10:08:24', 157, '2016-08-30', '10:08:24', 157, 1),
(2325, 160, 335, 1, '2016-08-30', '10:08:24', 157, '2016-08-30', '10:08:24', 157, 1),
(2326, 160, 336, 1, '2016-08-30', '10:08:24', 157, '2016-08-30', '10:08:24', 157, 1),
(2327, 160, 337, 1, '2016-08-30', '10:08:24', 157, '2016-08-30', '10:08:24', 157, 1),
(2328, 160, 338, 1, '2016-08-30', '10:08:25', 157, '2016-08-30', '10:08:25', 157, 1),
(2329, 160, 339, 1, '2016-08-30', '10:08:25', 157, '2016-08-30', '10:08:25', 157, 1),
(2330, 160, 340, 1, '2016-08-30', '10:08:25', 157, '2016-08-30', '10:08:25', 157, 1),
(2331, 160, 341, 1, '2016-08-30', '10:08:25', 157, '2016-08-30', '10:08:25', 157, 1),
(2332, 160, 342, 1, '2016-08-30', '10:08:25', 157, '2016-08-30', '10:08:25', 157, 1),
(2333, 160, 343, 1, '2016-08-30', '10:08:25', 157, '2016-08-30', '10:08:25', 157, 1),
(2334, 160, 344, 1, '2016-08-30', '10:08:26', 157, '2016-08-30', '10:08:26', 157, 1),
(2335, 160, 345, 1, '2016-08-30', '10:08:26', 157, '2016-08-30', '10:08:26', 157, 1),
(2336, 160, 346, 1, '2016-08-30', '10:08:26', 157, '2016-08-30', '10:08:26', 157, 1),
(2337, 160, 353, 1, '2016-08-30', '10:08:26', 157, '2016-08-30', '10:08:26', 157, 1),
(2338, 160, 416, 1, '2016-08-30', '10:08:26', 157, '2016-08-30', '10:08:26', 157, 1),
(2339, 160, 418, 1, '2016-08-30', '10:08:26', 157, '2016-08-30', '10:08:26', 157, 1),
(2340, 160, 419, 1, '2016-08-30', '10:08:27', 157, '2016-08-30', '10:08:27', 157, 1),
(2341, 160, 432, 1, '2016-08-30', '10:08:27', 157, '2016-08-30', '10:08:27', 157, 1),
(2342, 160, 433, 1, '2016-08-30', '10:08:27', 157, '2016-08-30', '10:08:27', 157, 1),
(2343, 160, 435, 1, '2016-08-30', '10:08:27', 157, '2016-08-30', '10:08:27', 157, 1),
(2344, 160, 436, 1, '2016-08-30', '10:08:27', 157, '2016-08-30', '10:08:27', 157, 1),
(2345, 160, 444, 1, '2016-08-30', '10:08:27', 157, '2016-08-30', '10:08:27', 157, 1),
(2346, 160, 445, 1, '2016-08-30', '10:08:27', 157, '2016-08-30', '10:08:27', 157, 1),
(2347, 161, 348, 1, '2016-08-30', '11:08:48', 160, '2016-08-30', '11:08:48', 160, 1),
(2348, 161, 349, 1, '2016-08-30', '11:08:49', 160, '2016-08-30', '11:08:49', 160, 1),
(2349, 161, 350, 1, '2016-08-30', '11:08:49', 160, '2016-08-30', '11:08:49', 160, 1),
(2350, 161, 351, 1, '2016-08-30', '11:08:49', 160, '2016-08-30', '11:08:49', 160, 1),
(2351, 161, 352, 1, '2016-08-30', '11:08:49', 160, '2016-08-30', '11:08:49', 160, 1),
(2352, 161, 354, 1, '2016-08-30', '11:08:49', 160, '2016-08-30', '11:08:49', 160, 1),
(2353, 161, 355, 1, '2016-08-30', '11:08:49', 160, '2016-08-30', '11:08:49', 160, 1),
(2354, 161, 357, 1, '2016-08-30', '11:08:49', 160, '2016-08-30', '11:08:49', 160, 1),
(2355, 161, 377, 1, '2016-08-30', '11:08:49', 160, '2016-08-30', '11:08:49', 160, 1),
(2356, 161, 378, 1, '2016-08-30', '11:08:50', 160, '2016-08-30', '11:08:50', 160, 1),
(2357, 161, 379, 1, '2016-08-30', '11:08:50', 160, '2016-08-30', '11:08:50', 160, 1),
(2358, 161, 380, 1, '2016-08-30', '11:08:50', 160, '2016-08-30', '11:08:50', 160, 1),
(2359, 161, 381, 1, '2016-08-30', '11:08:50', 160, '2016-08-30', '11:08:50', 160, 1),
(2360, 161, 383, 1, '2016-08-30', '11:08:50', 160, '2016-08-30', '11:08:50', 160, 1),
(2361, 161, 384, 1, '2016-08-30', '11:08:50', 160, '2016-08-30', '11:08:50', 160, 1),
(2362, 161, 385, 1, '2016-08-30', '11:08:50', 160, '2016-08-30', '11:08:50', 160, 1),
(2363, 161, 420, 1, '2016-08-30', '11:08:50', 160, '2016-08-30', '11:08:50', 160, 1),
(2364, 161, 422, 1, '2016-08-30', '11:08:51', 160, '2016-08-30', '11:08:51', 160, 1),
(2365, 161, 423, 1, '2016-08-30', '11:08:51', 160, '2016-08-30', '11:08:51', 160, 1),
(2366, 161, 438, 1, '2016-08-30', '11:08:51', 160, '2016-08-30', '11:08:51', 160, 1),
(2367, 161, 442, 1, '2016-08-30', '11:08:51', 160, '2016-08-30', '11:08:51', 160, 1),
(2368, 161, 443, 1, '2016-08-30', '11:08:51', 160, '2016-08-30', '11:08:51', 160, 1),
(2369, 161, 449, 1, '2016-08-30', '11:08:51', 160, '2016-08-30', '11:08:51', 160, 1),
(2370, 162, 348, 1, '2016-08-30', '15:08:38', 160, '2016-08-30', '15:08:38', 160, 1),
(2371, 162, 349, 1, '2016-08-30', '15:08:38', 160, '2016-08-30', '15:08:38', 160, 1),
(2372, 162, 350, 1, '2016-08-30', '15:08:38', 160, '2016-08-30', '15:08:38', 160, 1),
(2373, 162, 351, 1, '2016-08-30', '15:08:39', 160, '2016-08-30', '15:08:39', 160, 1),
(2374, 162, 352, 1, '2016-08-30', '15:08:39', 160, '2016-08-30', '15:08:39', 160, 1),
(2375, 162, 354, 1, '2016-08-30', '15:08:39', 160, '2016-08-30', '15:08:39', 160, 1),
(2376, 162, 355, 1, '2016-08-30', '15:08:39', 160, '2016-08-30', '15:08:39', 160, 1),
(2377, 162, 357, 1, '2016-08-30', '15:08:39', 160, '2016-08-30', '15:08:39', 160, 1),
(2378, 162, 377, 1, '2016-08-30', '15:08:39', 160, '2016-08-30', '15:08:39', 160, 1),
(2379, 162, 378, 1, '2016-08-30', '15:08:40', 160, '2016-08-30', '15:08:40', 160, 1),
(2380, 162, 379, 1, '2016-08-30', '15:08:40', 160, '2016-08-30', '15:08:40', 160, 1),
(2381, 162, 380, 1, '2016-08-30', '15:08:40', 160, '2016-08-30', '15:08:40', 160, 1),
(2382, 162, 381, 1, '2016-08-30', '15:08:40', 160, '2016-08-30', '15:08:40', 160, 1),
(2383, 162, 383, 1, '2016-08-30', '15:08:40', 160, '2016-08-30', '15:08:40', 160, 1),
(2384, 162, 384, 1, '2016-08-30', '15:08:40', 160, '2016-08-30', '15:08:40', 160, 1),
(2385, 162, 385, 1, '2016-08-30', '15:08:40', 160, '2016-08-30', '15:08:40', 160, 1),
(2386, 162, 420, 1, '2016-08-30', '15:08:40', 160, '2016-08-30', '15:08:40', 160, 1),
(2387, 162, 422, 1, '2016-08-30', '15:08:41', 160, '2016-08-30', '15:08:41', 160, 1),
(2388, 162, 423, 1, '2016-08-30', '15:08:41', 160, '2016-08-30', '15:08:41', 160, 1),
(2389, 162, 438, 1, '2016-08-30', '15:08:41', 160, '2016-08-30', '15:08:41', 160, 1),
(2390, 162, 442, 1, '2016-08-30', '15:08:41', 160, '2016-08-30', '15:08:41', 160, 1),
(2391, 162, 443, 1, '2016-08-30', '15:08:41', 160, '2016-08-30', '15:08:41', 160, 1),
(2392, 162, 449, 1, '2016-08-30', '15:08:41', 160, '2016-08-30', '15:08:41', 160, 1),
(2393, 163, 393, 1, '2016-09-02', '15:09:30', 157, '2016-09-02', '15:09:30', 157, 1),
(2394, 163, 394, 1, '2016-09-02', '15:09:30', 157, '2016-09-02', '15:09:30', 157, 1),
(2395, 163, 395, 1, '2016-09-02', '15:09:31', 157, '2016-09-02', '15:09:31', 157, 1),
(2396, 163, 396, 1, '2016-09-02', '15:09:31', 157, '2016-09-02', '15:09:31', 157, 1),
(2397, 163, 397, 1, '2016-09-02', '15:09:31', 157, '2016-09-02', '15:09:31', 157, 1),
(2398, 163, 399, 1, '2016-09-02', '15:09:31', 157, '2016-09-02', '15:09:31', 157, 1),
(2399, 163, 401, 1, '2016-09-02', '15:09:31', 157, '2016-09-02', '15:09:31', 157, 1),
(2400, 163, 427, 1, '2016-09-02', '15:09:31', 157, '2016-09-02', '15:09:31', 157, 1),
(2401, 163, 428, 1, '2016-09-02', '15:09:31', 157, '2016-09-02', '15:09:31', 157, 1),
(2402, 163, 429, 1, '2016-09-02', '15:09:31', 157, '2016-09-02', '15:09:31', 157, 1),
(2403, 163, 437, 1, '2016-09-02', '15:09:31', 157, '2016-09-02', '15:09:31', 157, 1),
(2404, 157, 463, 1, '2016-09-05', '16:04:58', 1, '2016-09-14', '16:09:45', 1, 1),
(2405, 157, 464, 1, '2016-09-05', '16:05:21', 1, '2016-09-14', '16:09:45', 1, 1),
(2406, 157, 468, 1, '2016-09-06', '15:15:00', 1, '2016-09-14', '16:09:45', 1, 1),
(2407, 157, 465, 1, '2016-09-06', '15:15:00', 1, '2016-09-14', '16:09:45', 1, 1),
(2408, 157, 466, 1, '2016-09-06', '15:15:00', 1, '2016-09-14', '16:09:45', 1, 1),
(2409, 157, 467, 1, '2016-09-06', '15:15:00', 1, '2016-09-14', '16:09:45', 1, 1),
(2410, 164, 236, 1, '2016-09-07', '09:09:15', 157, '2016-09-07', '09:09:15', 157, 1),
(2411, 164, 237, 1, '2016-09-07', '09:09:15', 157, '2016-09-07', '09:09:15', 157, 1),
(2412, 164, 239, 1, '2016-09-07', '09:09:15', 157, '2016-09-07', '09:09:15', 157, 1),
(2413, 164, 240, 1, '2016-09-07', '09:09:16', 157, '2016-09-07', '09:09:16', 157, 1),
(2414, 164, 241, 1, '2016-09-07', '09:09:16', 157, '2016-09-07', '09:09:16', 157, 1),
(2415, 164, 243, 1, '2016-09-07', '09:09:16', 157, '2016-09-07', '09:09:16', 157, 1),
(2416, 164, 244, 1, '2016-09-07', '09:09:16', 157, '2016-09-07', '09:09:16', 157, 1),
(2417, 164, 245, 1, '2016-09-07', '09:09:16', 157, '2016-09-07', '09:09:16', 157, 1),
(2418, 164, 246, 1, '2016-09-07', '09:09:16', 157, '2016-09-07', '09:09:16', 157, 1),
(2419, 164, 247, 1, '2016-09-07', '09:09:16', 157, '2016-09-07', '09:09:16', 157, 1),
(2420, 164, 248, 1, '2016-09-07', '09:09:16', 157, '2016-09-07', '09:09:16', 157, 1),
(2421, 164, 249, 1, '2016-09-07', '09:09:16', 157, '2016-09-07', '09:09:16', 157, 1),
(2422, 164, 250, 1, '2016-09-07', '09:09:17', 157, '2016-09-07', '09:09:17', 157, 1),
(2423, 164, 251, 1, '2016-09-07', '09:09:17', 157, '2016-09-07', '09:09:17', 157, 1),
(2424, 164, 252, 1, '2016-09-07', '09:09:17', 157, '2016-09-07', '09:09:17', 157, 1),
(2425, 164, 258, 1, '2016-09-07', '09:09:17', 157, '2016-09-07', '09:09:17', 157, 1),
(2426, 164, 259, 1, '2016-09-07', '09:09:17', 157, '2016-09-07', '09:09:17', 157, 1),
(2427, 164, 260, 1, '2016-09-07', '09:09:17', 157, '2016-09-07', '09:09:17', 157, 1),
(2428, 164, 261, 1, '2016-09-07', '09:09:17', 157, '2016-09-07', '09:09:17', 157, 1),
(2429, 164, 262, 1, '2016-09-07', '09:09:17', 157, '2016-09-07', '09:09:17', 157, 1),
(2430, 164, 263, 1, '2016-09-07', '09:09:18', 157, '2016-09-07', '09:09:18', 157, 1),
(2431, 164, 264, 1, '2016-09-07', '09:09:18', 157, '2016-09-07', '09:09:18', 157, 1),
(2432, 164, 265, 1, '2016-09-07', '09:09:18', 157, '2016-09-07', '09:09:18', 157, 1),
(2433, 164, 266, 1, '2016-09-07', '09:09:18', 157, '2016-09-07', '09:09:18', 157, 1),
(2434, 164, 267, 1, '2016-09-07', '09:09:18', 157, '2016-09-07', '09:09:18', 157, 1),
(2435, 164, 268, 1, '2016-09-07', '09:09:18', 157, '2016-09-07', '09:09:18', 157, 1),
(2436, 164, 269, 1, '2016-09-07', '09:09:18', 157, '2016-09-07', '09:09:18', 157, 1),
(2437, 164, 270, 1, '2016-09-07', '09:09:19', 157, '2016-09-07', '09:09:19', 157, 1),
(2438, 164, 271, 1, '2016-09-07', '09:09:19', 157, '2016-09-07', '09:09:19', 157, 1),
(2439, 164, 272, 1, '2016-09-07', '09:09:19', 157, '2016-09-07', '09:09:19', 157, 1),
(2440, 164, 273, 1, '2016-09-07', '09:09:19', 157, '2016-09-07', '09:09:19', 157, 1),
(2441, 164, 274, 1, '2016-09-07', '09:09:19', 157, '2016-09-07', '09:09:19', 157, 1),
(2442, 164, 275, 1, '2016-09-07', '09:09:19', 157, '2016-09-07', '09:09:19', 157, 1),
(2443, 164, 276, 1, '2016-09-07', '09:09:19', 157, '2016-09-07', '09:09:19', 157, 1),
(2444, 164, 277, 1, '2016-09-07', '09:09:19', 157, '2016-09-07', '09:09:19', 157, 1),
(2445, 164, 283, 1, '2016-09-07', '09:09:20', 157, '2016-09-07', '09:09:20', 157, 1),
(2446, 164, 284, 1, '2016-09-07', '09:09:20', 157, '2016-09-07', '09:09:20', 157, 1),
(2447, 164, 285, 1, '2016-09-07', '09:09:20', 157, '2016-09-07', '09:09:20', 157, 1),
(2448, 164, 286, 1, '2016-09-07', '09:09:20', 157, '2016-09-07', '09:09:20', 157, 1),
(2449, 164, 287, 1, '2016-09-07', '09:09:20', 157, '2016-09-07', '09:09:20', 157, 1),
(2450, 164, 288, 1, '2016-09-07', '09:09:20', 157, '2016-09-07', '09:09:20', 157, 1),
(2451, 164, 289, 1, '2016-09-07', '09:09:20', 157, '2016-09-07', '09:09:20', 157, 1),
(2452, 164, 290, 1, '2016-09-07', '09:09:20', 157, '2016-09-07', '09:09:20', 157, 1),
(2453, 164, 291, 1, '2016-09-07', '09:09:20', 157, '2016-09-07', '09:09:20', 157, 1),
(2454, 164, 292, 1, '2016-09-07', '09:09:21', 157, '2016-09-07', '09:09:21', 157, 1),
(2455, 164, 293, 1, '2016-09-07', '09:09:21', 157, '2016-09-07', '09:09:21', 157, 1),
(2456, 164, 294, 1, '2016-09-07', '09:09:21', 157, '2016-09-07', '09:09:21', 157, 1),
(2457, 164, 295, 1, '2016-09-07', '09:09:21', 157, '2016-09-07', '09:09:21', 157, 1),
(2458, 164, 296, 1, '2016-09-07', '09:09:21', 157, '2016-09-07', '09:09:21', 157, 1),
(2459, 164, 297, 1, '2016-09-07', '09:09:21', 157, '2016-09-07', '09:09:21', 157, 1),
(2460, 164, 298, 1, '2016-09-07', '09:09:21', 157, '2016-09-07', '09:09:21', 157, 1),
(2461, 164, 299, 1, '2016-09-07', '09:09:21', 157, '2016-09-07', '09:09:21', 157, 1),
(2462, 164, 300, 1, '2016-09-07', '09:09:22', 157, '2016-09-07', '09:09:22', 157, 1),
(2463, 164, 301, 1, '2016-09-07', '09:09:22', 157, '2016-09-07', '09:09:22', 157, 1),
(2464, 164, 302, 1, '2016-09-07', '09:09:22', 157, '2016-09-07', '09:09:22', 157, 1),
(2465, 164, 303, 1, '2016-09-07', '09:09:22', 157, '2016-09-07', '09:09:22', 157, 1),
(2466, 164, 304, 1, '2016-09-07', '09:09:22', 157, '2016-09-07', '09:09:22', 157, 1),
(2467, 164, 305, 1, '2016-09-07', '09:09:22', 157, '2016-09-07', '09:09:22', 157, 1),
(2468, 164, 306, 1, '2016-09-07', '09:09:23', 157, '2016-09-07', '09:09:23', 157, 1),
(2469, 164, 307, 1, '2016-09-07', '09:09:23', 157, '2016-09-07', '09:09:23', 157, 1),
(2470, 164, 308, 1, '2016-09-07', '09:09:23', 157, '2016-09-07', '09:09:23', 157, 1),
(2471, 164, 309, 1, '2016-09-07', '09:09:23', 157, '2016-09-07', '09:09:23', 157, 1),
(2472, 164, 310, 1, '2016-09-07', '09:09:23', 157, '2016-09-07', '09:09:23', 157, 1),
(2473, 164, 311, 1, '2016-09-07', '09:09:23', 157, '2016-09-07', '09:09:23', 157, 1),
(2474, 164, 312, 1, '2016-09-07', '09:09:23', 157, '2016-09-07', '09:09:23', 157, 1),
(2475, 164, 313, 1, '2016-09-07', '09:09:23', 157, '2016-09-07', '09:09:23', 157, 1),
(2476, 164, 314, 1, '2016-09-07', '09:09:23', 157, '2016-09-07', '09:09:23', 157, 1),
(2477, 164, 315, 1, '2016-09-07', '09:09:24', 157, '2016-09-07', '09:09:24', 157, 1),
(2478, 164, 316, 1, '2016-09-07', '09:09:24', 157, '2016-09-07', '09:09:24', 157, 1),
(2479, 164, 317, 1, '2016-09-07', '09:09:24', 157, '2016-09-07', '09:09:24', 157, 1),
(2480, 164, 318, 1, '2016-09-07', '09:09:24', 157, '2016-09-07', '09:09:24', 157, 1),
(2481, 164, 402, 1, '2016-09-07', '09:09:24', 157, '2016-09-07', '09:09:24', 157, 1),
(2482, 164, 403, 1, '2016-09-07', '09:09:24', 157, '2016-09-07', '09:09:24', 157, 1),
(2483, 164, 405, 1, '2016-09-07', '09:09:24', 157, '2016-09-07', '09:09:24', 157, 1),
(2484, 164, 406, 1, '2016-09-07', '09:09:24', 157, '2016-09-07', '09:09:24', 157, 1),
(2485, 164, 407, 1, '2016-09-07', '09:09:24', 157, '2016-09-07', '09:09:24', 157, 1),
(2486, 164, 408, 1, '2016-09-07', '09:09:25', 157, '2016-09-07', '09:09:25', 157, 1),
(2487, 164, 409, 1, '2016-09-07', '09:09:25', 157, '2016-09-07', '09:09:25', 157, 1),
(2488, 164, 424, 1, '2016-09-07', '09:09:25', 157, '2016-09-07', '09:09:25', 157, 1),
(2489, 164, 426, 1, '2016-09-07', '09:09:25', 157, '2016-09-07', '09:09:25', 157, 1),
(2490, 164, 430, 1, '2016-09-07', '09:09:25', 157, '2016-09-07', '09:09:25', 157, 1),
(2491, 164, 431, 1, '2016-09-07', '09:09:25', 157, '2016-09-07', '09:09:25', 157, 1),
(2492, 164, 440, 1, '2016-09-07', '09:09:25', 157, '2016-09-07', '09:09:25', 157, 1),
(2493, 164, 441, 1, '2016-09-07', '09:09:26', 157, '2016-09-07', '09:09:26', 157, 1),
(2494, 164, 448, 1, '2016-09-07', '09:09:26', 157, '2016-09-07', '09:09:26', 157, 1),
(2495, 164, 450, 1, '2016-09-07', '09:09:26', 157, '2016-09-07', '09:09:26', 157, 1),
(2496, 164, 451, 1, '2016-09-07', '09:09:26', 157, '2016-09-07', '09:09:26', 157, 1),
(2497, 164, 452, 1, '2016-09-07', '09:09:26', 157, '2016-09-07', '09:09:26', 157, 1),
(2498, 164, 453, 1, '2016-09-07', '09:09:26', 157, '2016-09-07', '09:09:26', 157, 1),
(2499, 164, 454, 1, '2016-09-07', '09:09:26', 157, '2016-09-07', '09:09:26', 157, 1),
(2500, 164, 455, 1, '2016-09-07', '09:09:26', 157, '2016-09-07', '09:09:26', 157, 1),
(2501, 164, 456, 1, '2016-09-07', '09:09:26', 157, '2016-09-07', '09:09:26', 157, 1),
(2502, 164, 457, 1, '2016-09-07', '09:09:27', 157, '2016-09-07', '09:09:27', 157, 1),
(2503, 164, 458, 1, '2016-09-07', '09:09:27', 157, '2016-09-07', '09:09:27', 157, 1),
(2504, 164, 459, 1, '2016-09-07', '09:09:27', 157, '2016-09-07', '09:09:27', 157, 1),
(2505, 164, 460, 1, '2016-09-07', '09:09:27', 157, '2016-09-07', '09:09:27', 157, 1),
(2506, 164, 461, 1, '2016-09-07', '09:09:27', 157, '2016-09-07', '09:09:27', 157, 1),
(2507, 164, 462, 1, '2016-09-07', '09:09:27', 157, '2016-09-07', '09:09:27', 157, 1),
(2508, 164, 463, 1, '2016-09-07', '09:09:27', 157, '2016-09-07', '09:09:27', 157, 1),
(2509, 164, 464, 1, '2016-09-07', '09:09:27', 157, '2016-09-07', '09:09:27', 157, 1),
(2510, 164, 465, 1, '2016-09-07', '09:09:27', 157, '2016-09-07', '09:09:27', 157, 1),
(2511, 164, 466, 1, '2016-09-07', '09:09:28', 157, '2016-09-07', '09:09:28', 157, 1),
(2512, 164, 467, 1, '2016-09-07', '09:09:28', 157, '2016-09-07', '09:09:28', 157, 1),
(2513, 164, 468, 1, '2016-09-07', '09:09:28', 157, '2016-09-07', '09:09:28', 157, 1),
(2514, 165, 348, 1, '2016-09-07', '09:09:30', 157, '2016-09-07', '09:09:30', 157, 1),
(2515, 165, 349, 1, '2016-09-07', '09:09:30', 157, '2016-09-07', '09:09:30', 157, 1),
(2516, 165, 350, 1, '2016-09-07', '09:09:31', 157, '2016-09-07', '09:09:31', 157, 1),
(2517, 165, 351, 1, '2016-09-07', '09:09:31', 157, '2016-09-07', '09:09:31', 157, 1),
(2518, 165, 352, 1, '2016-09-07', '09:09:31', 157, '2016-09-07', '09:09:31', 157, 1),
(2519, 165, 354, 1, '2016-09-07', '09:09:31', 157, '2016-09-07', '09:09:31', 157, 1),
(2520, 165, 355, 1, '2016-09-07', '09:09:31', 157, '2016-09-07', '09:09:31', 157, 1),
(2521, 165, 357, 1, '2016-09-07', '09:09:31', 157, '2016-09-07', '09:09:31', 157, 1),
(2522, 165, 377, 1, '2016-09-07', '09:09:31', 157, '2016-09-07', '09:09:31', 157, 1),
(2523, 165, 378, 1, '2016-09-07', '09:09:31', 157, '2016-09-07', '09:09:31', 157, 1),
(2524, 165, 379, 1, '2016-09-07', '09:09:32', 157, '2016-09-07', '09:09:32', 157, 1),
(2525, 165, 380, 1, '2016-09-07', '09:09:32', 157, '2016-09-07', '09:09:32', 157, 1),
(2526, 165, 381, 1, '2016-09-07', '09:09:32', 157, '2016-09-07', '09:09:32', 157, 1),
(2527, 165, 383, 1, '2016-09-07', '09:09:32', 157, '2016-09-07', '09:09:32', 157, 1),
(2528, 165, 384, 1, '2016-09-07', '09:09:32', 157, '2016-09-07', '09:09:32', 157, 1),
(2529, 165, 385, 1, '2016-09-07', '09:09:32', 157, '2016-09-07', '09:09:32', 157, 1),
(2530, 165, 420, 1, '2016-09-07', '09:09:32', 157, '2016-09-07', '09:09:32', 157, 1),
(2531, 165, 422, 1, '2016-09-07', '09:09:32', 157, '2016-09-07', '09:09:32', 157, 1),
(2532, 165, 423, 1, '2016-09-07', '09:09:32', 157, '2016-09-07', '09:09:32', 157, 1),
(2533, 165, 438, 1, '2016-09-07', '09:09:33', 157, '2016-09-07', '09:09:33', 157, 1),
(2534, 165, 442, 1, '2016-09-07', '09:09:33', 157, '2016-09-07', '09:09:33', 157, 1),
(2535, 165, 443, 1, '2016-09-07', '09:09:33', 157, '2016-09-07', '09:09:33', 157, 1),
(2536, 165, 449, 1, '2016-09-07', '09:09:33', 157, '2016-09-07', '09:09:33', 157, 1),
(2537, 157, 469, 1, '2016-09-07', '14:05:43', 1, '2016-09-14', '16:09:45', 1, 1),
(2538, 157, 473, 1, '2016-09-07', '14:05:43', 1, '2016-09-14', '16:09:45', 1, 1),
(2539, 157, 474, 1, '2016-09-07', '14:05:43', 1, '2016-09-14', '16:09:45', 1, 1),
(2540, 157, 470, 1, '2016-09-07', '14:05:43', 1, '2016-09-14', '16:09:45', 1, 1),
(2541, 157, 472, 1, '2016-09-07', '14:05:43', 1, '2016-09-14', '16:09:45', 1, 1),
(2543, 157, 475, 1, '2016-09-07', '15:57:38', 1, '2016-09-14', '16:09:45', 1, 1),
(2544, 157, 477, 1, '2016-09-07', '15:57:38', 1, '2016-09-14', '16:09:45', 1, 1),
(2545, 157, 478, 1, '2016-09-07', '15:57:38', 1, '2016-09-14', '16:09:45', 1, 1),
(2546, 157, 479, 1, '2016-09-07', '15:57:38', 1, '2016-09-14', '16:09:45', 1, 1),
(2548, 157, 480, 1, '2016-09-07', '16:13:22', 1, '2016-09-14', '16:09:45', 1, 1),
(2549, 158, 481, 1, '2016-09-14', '11:28:37', 1, '2016-09-28', '08:33:15', 1, 1),
(2550, 158, 482, 1, '2016-09-14', '11:28:55', 1, '2016-09-28', '08:33:15', 1, 1),
(2551, 158, 483, 1, '2016-09-14', '11:29:03', 1, '2016-09-28', '08:33:15', 1, 1),
(2552, 158, 483, 0, '2016-09-14', '11:29:14', 1, '2016-09-28', '08:33:15', 1, 1),
(2553, 158, 484, 1, '2016-09-14', '11:29:34', 1, '2016-09-28', '08:33:15', 1, 1),
(2554, 158, 485, 1, '2016-09-14', '11:29:44', 1, '2016-09-28', '08:33:15', 1, 1),
(2555, 158, 486, 1, '2016-09-14', '11:29:56', 1, '2016-09-28', '08:33:15', 1, 1),
(2556, 158, 487, 1, '2016-09-14', '11:30:07', 1, '2016-09-28', '08:33:15', 1, 1),
(2557, 158, 488, 1, '2016-09-14', '11:30:17', 1, '2016-09-28', '08:33:15', 1, 1),
(2558, 158, 489, 1, '2016-09-14', '11:30:28', 1, '2016-09-28', '08:33:15', 1, 1),
(2559, 158, 490, 1, '2016-09-14', '11:30:37', 1, '2016-09-28', '08:33:15', 1, 1),
(2560, 158, 490, 0, '2016-09-14', '11:30:49', 1, '2016-09-28', '08:33:15', 1, 1),
(2561, 158, 491, 0, '2016-09-14', '11:30:57', 1, '2016-09-28', '08:33:15', 1, 1),
(2562, 158, 491, 0, '2016-09-14', '11:31:07', 1, '2016-09-28', '08:33:15', 1, 1),
(2563, 158, 492, 1, '2016-09-14', '11:31:14', 1, '2016-09-28', '08:33:15', 1, 1),
(2565, 158, 493, 1, '2016-09-14', '11:31:36', 1, '2016-09-28', '08:33:15', 1, 1),
(2566, 158, 494, 1, '2016-09-14', '11:31:48', 1, '2016-09-28', '08:33:15', 1, 1),
(2567, 158, 494, 0, '2016-09-14', '11:32:01', 1, '2016-09-28', '08:33:15', 1, 1),
(2568, 158, 495, 1, '2016-09-14', '11:32:09', 1, '2016-09-28', '08:33:15', 1, 1),
(2569, 158, 495, 0, '2016-09-14', '11:32:18', 1, '2016-09-28', '08:33:15', 1, 1),
(2570, 158, 496, 1, '2016-09-14', '11:32:25', 1, '2016-09-28', '08:33:15', 1, 1),
(2571, 158, 497, 1, '2016-09-14', '11:32:33', 1, '2016-09-28', '08:33:15', 1, 1),
(2572, 157, 498, 1, '2016-09-14', '16:09:45', 1, '2016-09-14', '16:09:45', 1, 1),
(2573, 157, 500, 1, '2016-09-14', '16:09:45', 1, '2016-09-14', '16:09:45', 1, 1),
(2574, 157, 501, 1, '2016-09-14', '16:09:45', 1, '2016-09-14', '16:09:45', 1, 1),
(2575, 157, 502, 1, '2016-09-14', '16:09:45', 1, '2016-09-14', '16:09:45', 1, 1),
(2576, 157, 499, 1, '2016-09-14', '16:09:45', 1, '2016-09-14', '16:09:45', 1, 1),
(2577, 158, 503, 1, '2016-09-14', '16:09:45', 1, '2016-09-28', '08:33:15', 1, 1),
(2578, 158, 504, 1, '2016-09-14', '16:09:45', 1, '2016-09-28', '08:33:15', 1, 1),
(2579, 158, 505, 1, '2016-09-14', '16:09:45', 1, '2016-09-28', '08:33:15', 1, 1),
(2580, 158, 506, 1, '2016-09-14', '16:09:45', 1, '2016-09-28', '08:33:15', 1, 1),
(2581, 158, 507, 1, '2016-09-14', '16:09:45', 1, '2016-09-28', '08:33:15', 1, 1),
(2582, 157, 508, 1, '2016-09-15', '16:09:45', 1, '2016-09-15', '16:09:45', 1, 1),
(2583, 157, 509, 1, '2016-09-15', '16:09:45', 1, '2016-09-15', '16:09:45', 1, 1),
(2584, 157, 510, 1, '2016-09-15', '16:09:45', 1, '2016-09-15', '16:09:45', 1, 1),
(2585, 157, 511, 1, '2016-09-15', '16:09:45', 1, '2016-09-15', '16:09:45', 1, 1),
(2586, 157, 512, 1, '2016-09-15', '16:09:45', 1, '2016-09-15', '16:09:45', 1, 1),
(2587, 166, 513, 1, '2016-09-28', '07:09:18', 157, '2016-09-28', '07:34:16', 157, 1),
(2588, 166, 514, 1, '2016-09-28', '07:09:18', 157, '2016-09-28', '07:34:16', 157, 1),
(2589, 166, 515, 1, '2016-09-28', '07:09:18', 157, '2016-09-28', '07:34:16', 157, 1),
(2590, 166, 516, 1, '2016-09-28', '07:09:18', 157, '2016-09-28', '07:34:16', 157, 1),
(2591, 166, 517, 1, '2016-09-28', '07:09:18', 157, '2016-09-28', '07:34:16', 157, 1),
(2592, 166, 518, 1, '2016-09-28', '07:09:18', 157, '2016-09-28', '07:34:16', 157, 1),
(2593, 166, 519, 1, '2016-09-28', '07:09:18', 157, '2016-09-28', '07:34:16', 157, 1),
(2594, 166, 520, 1, '2016-09-28', '07:09:18', 157, '2016-09-28', '07:34:16', 157, 1),
(2595, 166, 521, 1, '2016-09-28', '07:09:19', 157, '2016-09-28', '07:34:16', 157, 1),
(2596, 166, 522, 1, '2016-09-28', '07:09:19', 157, '2016-09-28', '07:34:16', 157, 1),
(2597, 166, 523, 1, '2016-09-28', '07:09:19', 157, '2016-09-28', '07:34:16', 157, 1),
(2598, 166, 524, 1, '2016-09-28', '07:09:19', 157, '2016-09-28', '07:34:16', 157, 1),
(2599, 166, 525, 1, '2016-09-28', '07:09:19', 157, '2016-09-28', '07:34:16', 157, 1),
(2600, 166, 526, 1, '2016-09-28', '07:09:19', 157, '2016-09-28', '07:34:16', 157, 1),
(2601, 166, 527, 1, '2016-09-28', '07:09:19', 157, '2016-09-28', '07:34:16', 157, 1),
(2602, 166, 528, 1, '2016-09-28', '07:09:19', 157, '2016-09-28', '07:34:16', 157, 1),
(2603, 166, 529, 1, '2016-09-28', '07:09:19', 157, '2016-09-28', '07:34:16', 157, 1),
(2604, 166, 530, 1, '2016-09-28', '07:09:19', 157, '2016-09-28', '07:34:16', 157, 1),
(2605, 166, 531, 1, '2016-09-28', '07:09:20', 157, '2016-09-28', '07:34:16', 157, 1),
(2606, 166, 532, 1, '2016-09-28', '07:34:16', 1, '2016-09-28', '07:34:16', 1, 1),
(2607, 166, 533, 1, '2016-09-28', '07:34:16', 1, '2016-09-28', '07:34:16', 1, 1),
(2608, 158, 534, 1, '2016-09-28', '08:33:16', 1, '2016-09-28', '08:33:16', 1, 1),
(2609, 158, 537, 1, '2016-09-28', '08:33:16', 1, '2016-09-28', '08:33:16', 1, 1),
(2610, 158, 535, 1, '2016-09-28', '08:33:16', 1, '2016-09-28', '08:33:16', 1, 1),
(2611, 158, 539, 1, '2016-09-28', '08:33:16', 1, '2016-09-28', '08:33:16', 1, 1),
(2612, 158, 536, 1, '2016-09-28', '08:33:16', 1, '2016-09-28', '08:33:16', 1, 1),
(2613, 167, 513, 1, '2017-01-03', '16:01:28', 157, '2017-01-03', '16:01:28', 157, 1),
(2614, 167, 514, 1, '2017-01-03', '16:01:28', 157, '2017-01-03', '16:01:28', 157, 1),
(2615, 167, 515, 1, '2017-01-03', '16:01:29', 157, '2017-01-03', '16:01:29', 157, 1),
(2616, 167, 516, 1, '2017-01-03', '16:01:29', 157, '2017-01-03', '16:01:29', 157, 1),
(2617, 167, 517, 1, '2017-01-03', '16:01:29', 157, '2017-01-03', '16:01:29', 157, 1),
(2618, 167, 518, 1, '2017-01-03', '16:01:29', 157, '2017-01-03', '16:01:29', 157, 1),
(2619, 167, 519, 1, '2017-01-03', '16:01:29', 157, '2017-01-03', '16:01:29', 157, 1),
(2620, 167, 520, 1, '2017-01-03', '16:01:29', 157, '2017-01-03', '16:01:29', 157, 1),
(2621, 167, 521, 1, '2017-01-03', '16:01:30', 157, '2017-01-03', '16:01:30', 157, 1),
(2622, 167, 522, 1, '2017-01-03', '16:01:30', 157, '2017-01-03', '16:01:30', 157, 1),
(2623, 167, 523, 1, '2017-01-03', '16:01:30', 157, '2017-01-03', '16:01:30', 157, 1),
(2624, 167, 524, 1, '2017-01-03', '16:01:30', 157, '2017-01-03', '16:01:30', 157, 1),
(2625, 167, 525, 1, '2017-01-03', '16:01:30', 157, '2017-01-03', '16:01:30', 157, 1),
(2626, 167, 526, 1, '2017-01-03', '16:01:30', 157, '2017-01-03', '16:01:30', 157, 1),
(2627, 167, 527, 1, '2017-01-03', '16:01:31', 157, '2017-01-03', '16:01:31', 157, 1),
(2628, 167, 528, 1, '2017-01-03', '16:01:31', 157, '2017-01-03', '16:01:31', 157, 1),
(2629, 167, 529, 1, '2017-01-03', '16:01:31', 157, '2017-01-03', '16:01:31', 157, 1),
(2630, 167, 530, 1, '2017-01-03', '16:01:31', 157, '2017-01-03', '16:01:31', 157, 1),
(2631, 167, 531, 1, '2017-01-03', '16:01:31', 157, '2017-01-03', '16:01:31', 157, 1),
(2632, 167, 532, 1, '2017-01-03', '16:01:31', 157, '2017-01-03', '16:01:31', 157, 1),
(2633, 167, 533, 1, '2017-01-03', '16:01:32', 157, '2017-01-03', '16:01:32', 157, 1),
(2634, 16, 463, 1, '2017-05-19', '11:29:47', 1, '2017-05-19', '11:29:47', 1, 1),
(2635, 16, 464, 1, '2017-05-19', '11:29:47', 1, '2017-05-19', '11:29:47', 1, 1),
(2636, 16, 468, 1, '2017-05-19', '11:29:47', 1, '2017-05-19', '11:29:47', 1, 1),
(2637, 16, 465, 1, '2017-05-19', '11:29:47', 1, '2017-05-19', '11:29:47', 1, 1),
(2638, 16, 466, 1, '2017-05-19', '11:29:47', 1, '2017-05-19', '11:29:47', 1, 1),
(2639, 16, 467, 1, '2017-05-19', '11:29:47', 1, '2017-05-19', '11:29:47', 1, 1),
(2640, 16, 469, 1, '2017-05-19', '11:29:47', 1, '2017-05-19', '11:29:47', 1, 1),
(2641, 16, 473, 1, '2017-05-19', '11:29:47', 1, '2017-05-19', '11:29:47', 1, 1),
(2642, 16, 474, 1, '2017-05-19', '11:29:47', 1, '2017-05-19', '11:29:47', 1, 1),
(2643, 16, 470, 1, '2017-05-19', '11:29:47', 1, '2017-05-19', '11:29:47', 1, 1),
(2644, 16, 472, 1, '2017-05-19', '11:29:47', 1, '2017-05-19', '11:29:47', 1, 1),
(2645, 16, 475, 1, '2017-05-19', '11:29:47', 1, '2017-05-19', '11:29:47', 1, 1),
(2646, 16, 480, 1, '2017-05-19', '11:29:47', 1, '2017-05-19', '11:29:47', 1, 1),
(2647, 16, 477, 1, '2017-05-19', '11:29:47', 1, '2017-05-19', '11:29:47', 1, 1),
(2648, 16, 478, 1, '2017-05-19', '11:29:47', 1, '2017-05-19', '11:29:47', 1, 1),
(2649, 16, 479, 1, '2017-05-19', '11:29:47', 1, '2017-05-19', '11:29:47', 1, 1),
(2650, 16, 508, 1, '2017-05-19', '11:29:47', 1, '2017-05-19', '11:29:47', 1, 1),
(2651, 16, 511, 1, '2017-05-19', '11:29:47', 1, '2017-05-19', '11:29:47', 1, 1),
(2652, 16, 512, 1, '2017-05-19', '11:29:47', 1, '2017-05-19', '11:29:47', 1, 1),
(2653, 16, 509, 1, '2017-05-19', '11:29:47', 1, '2017-05-19', '11:29:47', 1, 1),
(2654, 16, 510, 1, '2017-05-19', '11:29:47', 1, '2017-05-19', '11:29:47', 1, 1),
(2655, 17, 463, 1, '2017-05-19', '11:33:12', 1, '2017-05-19', '11:33:12', 1, 1),
(2656, 17, 464, 1, '2017-05-19', '11:33:12', 1, '2017-05-19', '11:33:12', 1, 1),
(2657, 17, 468, 1, '2017-05-19', '11:33:12', 1, '2017-05-19', '11:33:12', 1, 1),
(2658, 17, 465, 1, '2017-05-19', '11:33:12', 1, '2017-05-19', '11:33:12', 1, 1),
(2659, 17, 466, 1, '2017-05-19', '11:33:12', 1, '2017-05-19', '11:33:12', 1, 1),
(2660, 17, 467, 1, '2017-05-19', '11:33:12', 1, '2017-05-19', '11:33:12', 1, 1),
(2661, 17, 469, 1, '2017-05-19', '11:33:12', 1, '2017-05-19', '11:33:12', 1, 1),
(2662, 17, 473, 1, '2017-05-19', '11:33:12', 1, '2017-05-19', '11:33:12', 1, 1),
(2663, 17, 474, 1, '2017-05-19', '11:33:12', 1, '2017-05-19', '11:33:12', 1, 1),
(2664, 17, 470, 1, '2017-05-19', '11:33:12', 1, '2017-05-19', '11:33:12', 1, 1),
(2665, 17, 472, 1, '2017-05-19', '11:33:12', 1, '2017-05-19', '11:33:12', 1, 1),
(2666, 17, 475, 1, '2017-05-19', '11:33:12', 1, '2017-05-19', '11:33:12', 1, 1),
(2667, 17, 480, 1, '2017-05-19', '11:33:12', 1, '2017-05-19', '11:33:12', 1, 1),
(2668, 17, 477, 1, '2017-05-19', '11:33:12', 1, '2017-05-19', '11:33:12', 1, 1),
(2669, 17, 478, 1, '2017-05-19', '11:33:12', 1, '2017-05-19', '11:33:12', 1, 1),
(2670, 17, 479, 1, '2017-05-19', '11:33:12', 1, '2017-05-19', '11:33:12', 1, 1),
(2671, 17, 508, 1, '2017-05-19', '11:33:12', 1, '2017-05-19', '11:33:12', 1, 1),
(2672, 17, 511, 1, '2017-05-19', '11:33:12', 1, '2017-05-19', '11:33:12', 1, 1),
(2673, 17, 512, 1, '2017-05-19', '11:33:12', 1, '2017-05-19', '11:33:12', 1, 1),
(2674, 17, 509, 1, '2017-05-19', '11:33:12', 1, '2017-05-19', '11:33:12', 1, 1),
(2675, 17, 510, 1, '2017-05-19', '11:33:12', 1, '2017-05-19', '11:33:12', 1, 1),
(2676, 20, 540, 1, '2017-05-19', '11:35:15', 1, '2017-05-19', '11:35:15', 1, 1),
(2677, 20, 541, 1, '2017-05-19', '11:35:15', 1, '2017-05-19', '11:35:15', 1, 1),
(2678, 20, 542, 1, '2017-05-19', '11:35:15', 1, '2017-05-19', '11:35:15', 1, 1),
(2679, 20, 543, 1, '2017-05-19', '11:35:15', 1, '2017-05-19', '11:35:15', 1, 1),
(2680, 20, 544, 1, '2017-05-19', '11:35:15', 1, '2017-05-19', '11:35:15', 1, 1),
(2681, 20, 545, 1, '2017-05-19', '11:35:15', 1, '2017-05-19', '11:35:15', 1, 1),
(2682, 20, 548, 1, '2017-05-19', '11:35:15', 1, '2017-05-19', '11:35:15', 1, 1),
(2683, 20, 546, 1, '2017-05-19', '11:35:15', 1, '2017-05-19', '11:35:15', 1, 1),
(2684, 20, 547, 1, '2017-05-19', '11:35:15', 1, '2017-05-19', '11:35:15', 1, 1),
(2685, 20, 549, 1, '2017-05-19', '11:35:15', 1, '2017-05-19', '11:35:15', 1, 1),
(2686, 20, 551, 1, '2017-05-19', '11:35:15', 1, '2017-05-19', '11:35:15', 1, 1),
(2687, 20, 552, 1, '2017-05-19', '11:35:15', 1, '2017-05-19', '11:35:15', 1, 1),
(2688, 20, 550, 1, '2017-05-19', '11:35:15', 1, '2017-05-19', '11:35:15', 1, 1),
(2689, 20, 553, 1, '2017-05-19', '11:35:15', 1, '2017-05-19', '11:35:15', 1, 1),
(2690, 20, 554, 1, '2017-05-19', '11:35:15', 1, '2017-05-19', '11:35:15', 1, 1),
(2691, 20, 555, 1, '2017-05-19', '11:35:15', 1, '2017-05-19', '11:35:15', 1, 1),
(2692, 168, 348, 1, '2017-07-17', '14:07:40', 17, '2017-07-18', '10:20:33', 17, 1),
(2693, 168, 349, 1, '2017-07-17', '14:07:40', 17, '2017-07-18', '10:20:33', 17, 1),
(2694, 168, 350, 1, '2017-07-17', '14:07:40', 17, '2017-07-18', '10:20:33', 17, 1),
(2695, 168, 351, 0, '2017-07-17', '14:07:40', 17, '2017-07-18', '10:20:33', 17, 1),
(2696, 168, 352, 1, '2017-07-17', '14:07:40', 17, '2017-07-18', '10:20:33', 17, 1),
(2697, 168, 354, 1, '2017-07-17', '14:07:40', 17, '2017-07-18', '10:20:33', 17, 1),
(2698, 168, 355, 1, '2017-07-17', '14:07:40', 17, '2017-07-18', '10:20:33', 17, 1),
(2699, 168, 357, 1, '2017-07-17', '14:07:40', 17, '2017-07-18', '10:20:33', 17, 1),
(2700, 168, 377, 1, '2017-07-17', '14:07:40', 17, '2017-07-18', '10:20:33', 17, 1),
(2701, 168, 378, 0, '2017-07-17', '14:07:40', 17, '2017-07-18', '10:20:33', 17, 1),
(2702, 168, 379, 0, '2017-07-17', '14:07:40', 17, '2017-07-18', '10:20:33', 17, 1),
(2703, 168, 380, 1, '2017-07-17', '14:07:40', 17, '2017-07-18', '10:20:33', 17, 1),
(2704, 168, 381, 1, '2017-07-17', '14:07:40', 17, '2017-07-18', '10:20:33', 17, 1),
(2705, 168, 383, 1, '2017-07-17', '14:07:40', 17, '2017-07-18', '10:20:33', 17, 1),
(2706, 168, 384, 1, '2017-07-17', '14:07:40', 17, '2017-07-18', '10:20:33', 17, 1),
(2707, 168, 385, 1, '2017-07-17', '14:07:40', 17, '2017-07-18', '10:20:33', 17, 1),
(2708, 168, 420, 1, '2017-07-17', '14:07:40', 17, '2017-07-18', '10:20:33', 17, 1),
(2709, 168, 422, 1, '2017-07-17', '14:07:40', 17, '2017-07-18', '10:20:33', 17, 1),
(2710, 168, 423, 1, '2017-07-17', '14:07:40', 17, '2017-07-18', '10:20:33', 17, 1),
(2711, 168, 438, 1, '2017-07-17', '14:07:40', 17, '2017-07-18', '10:20:33', 17, 1),
(2712, 168, 442, 1, '2017-07-17', '14:07:40', 17, '2017-07-18', '10:20:33', 17, 1),
(2713, 168, 443, 1, '2017-07-17', '14:07:40', 17, '2017-07-18', '10:20:33', 17, 1),
(2714, 168, 449, 1, '2017-07-17', '14:07:40', 17, '2017-07-18', '10:20:33', 17, 1),
(2715, 168, 481, 1, '2017-07-17', '14:07:40', 17, '2017-07-18', '10:20:33', 17, 1),
(2716, 168, 482, 0, '2017-07-17', '14:07:40', 17, '2017-07-18', '10:20:33', 17, 1),
(2717, 168, 483, 0, '2017-07-17', '14:07:40', 17, '2017-07-18', '10:20:33', 17, 1),
(2718, 168, 484, 0, '2017-07-17', '14:07:40', 17, '2017-07-18', '10:20:33', 17, 1),
(2719, 168, 485, 0, '2017-07-17', '14:07:40', 17, '2017-07-18', '10:20:33', 17, 1),
(2720, 168, 486, 0, '2017-07-17', '14:07:40', 17, '2017-07-18', '10:20:33', 17, 1),
(2721, 168, 487, 0, '2017-07-17', '14:07:40', 17, '2017-07-18', '10:20:33', 17, 1),
(2722, 168, 488, 0, '2017-07-17', '14:07:40', 17, '2017-07-18', '10:20:33', 17, 1),
(2723, 168, 489, 0, '2017-07-17', '14:07:40', 17, '2017-07-18', '10:20:33', 17, 1),
(2724, 168, 490, 0, '2017-07-17', '14:07:40', 17, '2017-07-18', '10:20:33', 17, 1),
(2725, 168, 491, 0, '2017-07-17', '14:07:40', 17, '2017-07-18', '10:20:33', 17, 1),
(2726, 168, 492, 0, '2017-07-17', '14:07:40', 17, '2017-07-18', '10:20:33', 17, 1),
(2727, 168, 493, 0, '2017-07-17', '14:07:40', 17, '2017-07-18', '10:20:33', 17, 1),
(2728, 168, 494, 0, '2017-07-17', '14:07:40', 17, '2017-07-18', '10:20:33', 17, 1),
(2729, 168, 495, 0, '2017-07-17', '14:07:40', 17, '2017-07-18', '10:20:33', 17, 1),
(2730, 168, 496, 0, '2017-07-17', '14:07:40', 17, '2017-07-18', '10:20:33', 17, 1),
(2731, 168, 497, 0, '2017-07-17', '14:07:40', 17, '2017-07-18', '10:20:33', 17, 1),
(2732, 168, 503, 0, '2017-07-17', '14:07:40', 17, '2017-07-18', '10:20:33', 17, 1),
(2733, 168, 504, 0, '2017-07-17', '14:07:40', 17, '2017-07-18', '10:20:33', 17, 1),
(2734, 168, 505, 0, '2017-07-17', '14:07:40', 17, '2017-07-18', '10:20:33', 17, 1),
(2735, 168, 506, 0, '2017-07-17', '14:07:40', 17, '2017-07-18', '10:20:33', 17, 1),
(2736, 168, 507, 0, '2017-07-17', '14:07:40', 17, '2017-07-18', '10:20:33', 17, 1),
(2737, 168, 534, 1, '2017-07-17', '14:07:40', 17, '2017-07-18', '10:20:33', 17, 1);
INSERT INTO `rbac_roles_opciones_usuarios` (`id`, `usuario_id`, `rol_opcion_id`, `estatus`, `registro_fecha`, `registro_hora`, `registro_usuario_id`, `modificado_fecha`, `modificado_hora`, `modificado_usuario_id`, `secuencia`) VALUES
(2738, 168, 535, 1, '2017-07-17', '14:07:40', 17, '2017-07-18', '10:20:33', 17, 1),
(2739, 168, 536, 0, '2017-07-17', '14:07:40', 17, '2017-07-18', '10:20:33', 17, 1),
(2740, 168, 537, 0, '2017-07-17', '14:07:40', 17, '2017-07-18', '10:20:33', 17, 1),
(2741, 168, 538, 0, '2017-07-17', '14:07:40', 17, '2017-07-18', '10:20:33', 17, 1),
(2742, 168, 539, 1, '2017-07-17', '14:07:40', 17, '2017-07-18', '10:20:33', 17, 1),
(2743, 18, 463, 1, '2017-07-18', '10:19:17', 1, '2017-07-18', '10:19:17', 1, 1),
(2744, 18, 464, 1, '2017-07-18', '10:19:17', 1, '2017-07-18', '10:19:17', 1, 1),
(2745, 18, 466, 1, '2017-07-18', '10:19:17', 1, '2017-07-18', '10:19:17', 1, 1),
(2746, 18, 467, 1, '2017-07-18', '10:19:17', 1, '2017-07-18', '10:19:17', 1, 1),
(2747, 18, 468, 1, '2017-07-18', '10:19:17', 1, '2017-07-18', '10:19:17', 1, 1),
(2748, 18, 465, 1, '2017-07-18', '10:19:17', 1, '2017-07-18', '10:19:17', 1, 1),
(2749, 18, 469, 1, '2017-07-18', '10:19:17', 1, '2017-07-18', '10:19:17', 1, 1),
(2750, 18, 470, 1, '2017-07-18', '10:19:17', 1, '2017-07-18', '10:19:17', 1, 1),
(2751, 18, 472, 1, '2017-07-18', '10:19:17', 1, '2017-07-18', '10:19:17', 1, 1),
(2752, 18, 473, 1, '2017-07-18', '10:19:17', 1, '2017-07-18', '10:19:17', 1, 1),
(2753, 18, 474, 1, '2017-07-18', '10:19:17', 1, '2017-07-18', '10:19:17', 1, 1),
(2754, 18, 475, 1, '2017-07-18', '10:19:17', 1, '2017-07-18', '10:19:17', 1, 1),
(2755, 18, 478, 1, '2017-07-18', '10:19:17', 1, '2017-07-18', '10:19:17', 1, 1),
(2756, 18, 479, 1, '2017-07-18', '10:19:17', 1, '2017-07-18', '10:19:17', 1, 1),
(2757, 18, 480, 1, '2017-07-18', '10:19:17', 1, '2017-07-18', '10:19:17', 1, 1),
(2758, 18, 477, 1, '2017-07-18', '10:19:17', 1, '2017-07-18', '10:19:17', 1, 1),
(2759, 18, 508, 1, '2017-07-18', '10:19:17', 1, '2017-07-18', '10:19:17', 1, 1),
(2760, 18, 510, 1, '2017-07-18', '10:19:17', 1, '2017-07-18', '10:19:17', 1, 1),
(2761, 18, 511, 1, '2017-07-18', '10:19:17', 1, '2017-07-18', '10:19:17', 1, 1),
(2762, 18, 512, 1, '2017-07-18', '10:19:17', 1, '2017-07-18', '10:19:17', 1, 1),
(2763, 18, 509, 1, '2017-07-18', '10:19:17', 1, '2017-07-18', '10:19:17', 1, 1),
(2764, 157, 583, 1, '2016-09-15', '16:09:45', 1, '2016-09-15', '16:09:45', 1, 1),
(2765, 157, 582, 1, '2016-09-15', '16:09:45', 1, '2016-09-15', '16:09:45', 1, 1),
(2766, 157, 581, 1, '2016-09-15', '16:09:45', 1, '2016-09-15', '16:09:45', 1, 1),
(2767, 157, 580, 1, '2016-09-15', '16:09:45', 1, '2016-09-15', '16:09:45', 1, 1),
(2768, 157, 579, 1, '2016-09-15', '16:09:45', 1, '2016-09-15', '16:09:45', 1, 1),
(2769, 157, 578, 1, '2016-09-15', '16:09:45', 1, '2016-09-15', '16:09:45', 1, 1),
(2770, 157, 577, 1, '2016-09-15', '16:09:45', 1, '2016-09-15', '16:09:45', 1, 1),
(2771, 157, 576, 1, '2016-09-15', '16:09:45', 1, '2016-09-15', '16:09:45', 1, 1),
(2772, 157, 575, 1, '2016-09-15', '16:09:45', 1, '2016-09-15', '16:09:45', 1, 1),
(2773, 16, 575, 1, '2016-09-15', '16:09:45', 1, '2016-09-15', '16:09:45', 1, 1),
(2774, 16, 583, 1, '2016-09-15', '16:09:45', 1, '2016-09-15', '16:09:45', 1, 1),
(2775, 16, 582, 1, '2016-09-15', '16:09:45', 1, '2016-09-15', '16:09:45', 1, 1),
(2776, 16, 581, 1, '2016-09-15', '16:09:45', 1, '2016-09-15', '16:09:45', 1, 1),
(2777, 16, 580, 1, '2016-09-15', '16:09:45', 1, '2016-09-15', '16:09:45', 1, 1),
(2778, 16, 579, 1, '2016-09-15', '16:09:45', 1, '2016-09-15', '16:09:45', 1, 1),
(2779, 16, 578, 1, '2016-09-15', '16:09:45', 1, '2016-09-15', '16:09:45', 1, 1),
(2780, 16, 577, 1, '2016-09-15', '16:09:45', 1, '2016-09-15', '16:09:45', 1, 1),
(2781, 16, 576, 1, '2016-09-15', '16:09:45', 1, '2016-09-15', '16:09:45', 1, 1),
(2782, 170, 236, 1, '2017-08-01', '10:08:53', 16, '2017-08-01', '10:08:53', 16, 1),
(2783, 170, 237, 1, '2017-08-01', '10:08:53', 16, '2017-08-01', '10:08:53', 16, 1),
(2784, 170, 239, 1, '2017-08-01', '10:08:53', 16, '2017-08-01', '10:08:53', 16, 1),
(2785, 170, 240, 1, '2017-08-01', '10:08:53', 16, '2017-08-01', '10:08:53', 16, 1),
(2786, 170, 241, 1, '2017-08-01', '10:08:53', 16, '2017-08-01', '10:08:53', 16, 1),
(2787, 170, 243, 1, '2017-08-01', '10:08:53', 16, '2017-08-01', '10:08:53', 16, 1),
(2788, 170, 244, 1, '2017-08-01', '10:08:53', 16, '2017-08-01', '10:08:53', 16, 1),
(2789, 170, 245, 1, '2017-08-01', '10:08:53', 16, '2017-08-01', '10:08:53', 16, 1),
(2790, 170, 246, 1, '2017-08-01', '10:08:53', 16, '2017-08-01', '10:08:53', 16, 1),
(2791, 170, 247, 1, '2017-08-01', '10:08:53', 16, '2017-08-01', '10:08:53', 16, 1),
(2792, 170, 248, 1, '2017-08-01', '10:08:53', 16, '2017-08-01', '10:08:53', 16, 1),
(2793, 170, 249, 1, '2017-08-01', '10:08:53', 16, '2017-08-01', '10:08:53', 16, 1),
(2794, 170, 250, 1, '2017-08-01', '10:08:53', 16, '2017-08-01', '10:08:53', 16, 1),
(2795, 170, 251, 1, '2017-08-01', '10:08:53', 16, '2017-08-01', '10:08:53', 16, 1),
(2796, 170, 252, 1, '2017-08-01', '10:08:53', 16, '2017-08-01', '10:08:53', 16, 1),
(2797, 170, 258, 1, '2017-08-01', '10:08:53', 16, '2017-08-01', '10:08:53', 16, 1),
(2798, 170, 259, 1, '2017-08-01', '10:08:53', 16, '2017-08-01', '10:08:53', 16, 1),
(2799, 170, 260, 1, '2017-08-01', '10:08:53', 16, '2017-08-01', '10:08:53', 16, 1),
(2800, 170, 261, 1, '2017-08-01', '10:08:53', 16, '2017-08-01', '10:08:53', 16, 1),
(2801, 170, 262, 1, '2017-08-01', '10:08:53', 16, '2017-08-01', '10:08:53', 16, 1),
(2802, 170, 263, 1, '2017-08-01', '10:08:53', 16, '2017-08-01', '10:08:53', 16, 1),
(2803, 170, 264, 1, '2017-08-01', '10:08:53', 16, '2017-08-01', '10:08:53', 16, 1),
(2804, 170, 265, 1, '2017-08-01', '10:08:53', 16, '2017-08-01', '10:08:53', 16, 1),
(2805, 170, 266, 1, '2017-08-01', '10:08:53', 16, '2017-08-01', '10:08:53', 16, 1),
(2806, 170, 267, 1, '2017-08-01', '10:08:53', 16, '2017-08-01', '10:08:53', 16, 1),
(2807, 170, 268, 1, '2017-08-01', '10:08:53', 16, '2017-08-01', '10:08:53', 16, 1),
(2808, 170, 269, 1, '2017-08-01', '10:08:53', 16, '2017-08-01', '10:08:53', 16, 1),
(2809, 170, 270, 1, '2017-08-01', '10:08:53', 16, '2017-08-01', '10:08:53', 16, 1),
(2810, 170, 271, 1, '2017-08-01', '10:08:53', 16, '2017-08-01', '10:08:53', 16, 1),
(2811, 170, 272, 1, '2017-08-01', '10:08:53', 16, '2017-08-01', '10:08:53', 16, 1),
(2812, 170, 273, 1, '2017-08-01', '10:08:53', 16, '2017-08-01', '10:08:53', 16, 1),
(2813, 170, 274, 1, '2017-08-01', '10:08:53', 16, '2017-08-01', '10:08:53', 16, 1),
(2814, 170, 275, 1, '2017-08-01', '10:08:53', 16, '2017-08-01', '10:08:53', 16, 1),
(2815, 170, 276, 1, '2017-08-01', '10:08:53', 16, '2017-08-01', '10:08:53', 16, 1),
(2816, 170, 277, 1, '2017-08-01', '10:08:53', 16, '2017-08-01', '10:08:53', 16, 1),
(2817, 170, 283, 1, '2017-08-01', '10:08:53', 16, '2017-08-01', '10:08:53', 16, 1),
(2818, 170, 284, 1, '2017-08-01', '10:08:53', 16, '2017-08-01', '10:08:53', 16, 1),
(2819, 170, 285, 1, '2017-08-01', '10:08:53', 16, '2017-08-01', '10:08:53', 16, 1),
(2820, 170, 286, 1, '2017-08-01', '10:08:53', 16, '2017-08-01', '10:08:53', 16, 1),
(2821, 170, 287, 1, '2017-08-01', '10:08:53', 16, '2017-08-01', '10:08:53', 16, 1),
(2822, 170, 288, 1, '2017-08-01', '10:08:53', 16, '2017-08-01', '10:08:53', 16, 1),
(2823, 170, 289, 1, '2017-08-01', '10:08:53', 16, '2017-08-01', '10:08:53', 16, 1),
(2824, 170, 290, 1, '2017-08-01', '10:08:53', 16, '2017-08-01', '10:08:53', 16, 1),
(2825, 170, 291, 1, '2017-08-01', '10:08:53', 16, '2017-08-01', '10:08:53', 16, 1),
(2826, 170, 292, 1, '2017-08-01', '10:08:53', 16, '2017-08-01', '10:08:53', 16, 1),
(2827, 170, 293, 1, '2017-08-01', '10:08:53', 16, '2017-08-01', '10:08:53', 16, 1),
(2828, 170, 294, 1, '2017-08-01', '10:08:53', 16, '2017-08-01', '10:08:53', 16, 1),
(2829, 170, 295, 1, '2017-08-01', '10:08:53', 16, '2017-08-01', '10:08:53', 16, 1),
(2830, 170, 296, 1, '2017-08-01', '10:08:53', 16, '2017-08-01', '10:08:53', 16, 1),
(2831, 170, 297, 1, '2017-08-01', '10:08:53', 16, '2017-08-01', '10:08:53', 16, 1),
(2832, 170, 298, 1, '2017-08-01', '10:08:53', 16, '2017-08-01', '10:08:53', 16, 1),
(2833, 170, 299, 1, '2017-08-01', '10:08:53', 16, '2017-08-01', '10:08:53', 16, 1),
(2834, 170, 300, 1, '2017-08-01', '10:08:53', 16, '2017-08-01', '10:08:53', 16, 1),
(2835, 170, 301, 1, '2017-08-01', '10:08:53', 16, '2017-08-01', '10:08:53', 16, 1),
(2836, 170, 302, 1, '2017-08-01', '10:08:53', 16, '2017-08-01', '10:08:53', 16, 1),
(2837, 170, 303, 1, '2017-08-01', '10:08:53', 16, '2017-08-01', '10:08:53', 16, 1),
(2838, 170, 304, 1, '2017-08-01', '10:08:53', 16, '2017-08-01', '10:08:53', 16, 1),
(2839, 170, 305, 1, '2017-08-01', '10:08:53', 16, '2017-08-01', '10:08:53', 16, 1),
(2840, 170, 306, 1, '2017-08-01', '10:08:53', 16, '2017-08-01', '10:08:53', 16, 1),
(2841, 170, 307, 1, '2017-08-01', '10:08:53', 16, '2017-08-01', '10:08:53', 16, 1),
(2842, 170, 308, 1, '2017-08-01', '10:08:53', 16, '2017-08-01', '10:08:53', 16, 1),
(2843, 170, 309, 1, '2017-08-01', '10:08:53', 16, '2017-08-01', '10:08:53', 16, 1),
(2844, 170, 310, 1, '2017-08-01', '10:08:53', 16, '2017-08-01', '10:08:53', 16, 1),
(2845, 170, 311, 1, '2017-08-01', '10:08:53', 16, '2017-08-01', '10:08:53', 16, 1),
(2846, 170, 312, 1, '2017-08-01', '10:08:53', 16, '2017-08-01', '10:08:53', 16, 1),
(2847, 170, 313, 1, '2017-08-01', '10:08:53', 16, '2017-08-01', '10:08:53', 16, 1),
(2848, 170, 314, 1, '2017-08-01', '10:08:53', 16, '2017-08-01', '10:08:53', 16, 1),
(2849, 170, 315, 1, '2017-08-01', '10:08:53', 16, '2017-08-01', '10:08:53', 16, 1),
(2850, 170, 316, 1, '2017-08-01', '10:08:53', 16, '2017-08-01', '10:08:53', 16, 1),
(2851, 170, 317, 1, '2017-08-01', '10:08:53', 16, '2017-08-01', '10:08:53', 16, 1),
(2852, 170, 318, 1, '2017-08-01', '10:08:53', 16, '2017-08-01', '10:08:53', 16, 1),
(2853, 170, 402, 1, '2017-08-01', '10:08:53', 16, '2017-08-01', '10:08:53', 16, 1),
(2854, 170, 403, 1, '2017-08-01', '10:08:53', 16, '2017-08-01', '10:08:53', 16, 1),
(2855, 170, 405, 1, '2017-08-01', '10:08:53', 16, '2017-08-01', '10:08:53', 16, 1),
(2856, 170, 406, 1, '2017-08-01', '10:08:53', 16, '2017-08-01', '10:08:53', 16, 1),
(2857, 170, 407, 1, '2017-08-01', '10:08:53', 16, '2017-08-01', '10:08:53', 16, 1),
(2858, 170, 408, 1, '2017-08-01', '10:08:53', 16, '2017-08-01', '10:08:53', 16, 1),
(2859, 170, 409, 1, '2017-08-01', '10:08:53', 16, '2017-08-01', '10:08:53', 16, 1),
(2860, 170, 424, 1, '2017-08-01', '10:08:53', 16, '2017-08-01', '10:08:53', 16, 1),
(2861, 170, 426, 1, '2017-08-01', '10:08:54', 16, '2017-08-01', '10:08:54', 16, 1),
(2862, 170, 430, 1, '2017-08-01', '10:08:54', 16, '2017-08-01', '10:08:54', 16, 1),
(2863, 170, 431, 1, '2017-08-01', '10:08:54', 16, '2017-08-01', '10:08:54', 16, 1),
(2864, 170, 440, 1, '2017-08-01', '10:08:54', 16, '2017-08-01', '10:08:54', 16, 1),
(2865, 170, 441, 1, '2017-08-01', '10:08:54', 16, '2017-08-01', '10:08:54', 16, 1),
(2866, 170, 448, 1, '2017-08-01', '10:08:54', 16, '2017-08-01', '10:08:54', 16, 1),
(2867, 170, 450, 1, '2017-08-01', '10:08:54', 16, '2017-08-01', '10:08:54', 16, 1),
(2868, 170, 451, 1, '2017-08-01', '10:08:54', 16, '2017-08-01', '10:08:54', 16, 1),
(2869, 170, 452, 1, '2017-08-01', '10:08:54', 16, '2017-08-01', '10:08:54', 16, 1),
(2870, 170, 453, 1, '2017-08-01', '10:08:54', 16, '2017-08-01', '10:08:54', 16, 1),
(2871, 170, 454, 1, '2017-08-01', '10:08:54', 16, '2017-08-01', '10:08:54', 16, 1),
(2872, 170, 455, 1, '2017-08-01', '10:08:54', 16, '2017-08-01', '10:08:54', 16, 1),
(2873, 170, 456, 1, '2017-08-01', '10:08:54', 16, '2017-08-01', '10:08:54', 16, 1),
(2874, 170, 457, 1, '2017-08-01', '10:08:54', 16, '2017-08-01', '10:08:54', 16, 1),
(2875, 170, 458, 1, '2017-08-01', '10:08:54', 16, '2017-08-01', '10:08:54', 16, 1),
(2876, 170, 459, 1, '2017-08-01', '10:08:54', 16, '2017-08-01', '10:08:54', 16, 1),
(2877, 170, 460, 1, '2017-08-01', '10:08:54', 16, '2017-08-01', '10:08:54', 16, 1),
(2878, 170, 461, 1, '2017-08-01', '10:08:54', 16, '2017-08-01', '10:08:54', 16, 1),
(2879, 170, 462, 1, '2017-08-01', '10:08:54', 16, '2017-08-01', '10:08:54', 16, 1),
(2880, 170, 463, 1, '2017-08-01', '10:08:54', 16, '2017-08-01', '10:08:54', 16, 1),
(2881, 170, 464, 1, '2017-08-01', '10:08:54', 16, '2017-08-01', '10:08:54', 16, 1),
(2882, 170, 465, 1, '2017-08-01', '10:08:54', 16, '2017-08-01', '10:08:54', 16, 1),
(2883, 170, 466, 1, '2017-08-01', '10:08:54', 16, '2017-08-01', '10:08:54', 16, 1),
(2884, 170, 467, 1, '2017-08-01', '10:08:54', 16, '2017-08-01', '10:08:54', 16, 1),
(2885, 170, 468, 1, '2017-08-01', '10:08:54', 16, '2017-08-01', '10:08:54', 16, 1),
(2886, 170, 469, 1, '2017-08-01', '10:08:54', 16, '2017-08-01', '10:08:54', 16, 1),
(2887, 170, 470, 1, '2017-08-01', '10:08:54', 16, '2017-08-01', '10:08:54', 16, 1),
(2888, 170, 472, 1, '2017-08-01', '10:08:54', 16, '2017-08-01', '10:08:54', 16, 1),
(2889, 170, 473, 1, '2017-08-01', '10:08:54', 16, '2017-08-01', '10:08:54', 16, 1),
(2890, 170, 474, 1, '2017-08-01', '10:08:54', 16, '2017-08-01', '10:08:54', 16, 1),
(2891, 170, 475, 1, '2017-08-01', '10:08:54', 16, '2017-08-01', '10:08:54', 16, 1),
(2892, 170, 477, 1, '2017-08-01', '10:08:54', 16, '2017-08-01', '10:08:54', 16, 1),
(2893, 170, 478, 1, '2017-08-01', '10:08:54', 16, '2017-08-01', '10:08:54', 16, 1),
(2894, 170, 479, 1, '2017-08-01', '10:08:54', 16, '2017-08-01', '10:08:54', 16, 1),
(2895, 170, 480, 1, '2017-08-01', '10:08:54', 16, '2017-08-01', '10:08:54', 16, 1),
(2896, 170, 498, 1, '2017-08-01', '10:08:54', 16, '2017-08-01', '10:08:54', 16, 1),
(2897, 170, 499, 1, '2017-08-01', '10:08:54', 16, '2017-08-01', '10:08:54', 16, 1),
(2898, 170, 500, 1, '2017-08-01', '10:08:54', 16, '2017-08-01', '10:08:54', 16, 1),
(2899, 170, 501, 1, '2017-08-01', '10:08:54', 16, '2017-08-01', '10:08:54', 16, 1),
(2900, 170, 502, 1, '2017-08-01', '10:08:54', 16, '2017-08-01', '10:08:54', 16, 1),
(2901, 170, 508, 1, '2017-08-01', '10:08:54', 16, '2017-08-01', '10:08:54', 16, 1),
(2902, 170, 509, 1, '2017-08-01', '10:08:54', 16, '2017-08-01', '10:08:54', 16, 1),
(2903, 170, 510, 1, '2017-08-01', '10:08:54', 16, '2017-08-01', '10:08:54', 16, 1),
(2904, 170, 511, 1, '2017-08-01', '10:08:54', 16, '2017-08-01', '10:08:54', 16, 1),
(2905, 170, 512, 1, '2017-08-01', '10:08:54', 16, '2017-08-01', '10:08:54', 16, 1),
(2906, 170, 575, 1, '2017-08-01', '10:08:54', 16, '2017-08-01', '10:08:54', 16, 1),
(2907, 170, 576, 1, '2017-08-01', '10:08:54', 16, '2017-08-01', '10:08:54', 16, 1),
(2908, 170, 577, 1, '2017-08-01', '10:08:54', 16, '2017-08-01', '10:08:54', 16, 1),
(2909, 170, 578, 1, '2017-08-01', '10:08:54', 16, '2017-08-01', '10:08:54', 16, 1),
(2910, 170, 579, 1, '2017-08-01', '10:08:54', 16, '2017-08-01', '10:08:54', 16, 1),
(2911, 170, 580, 1, '2017-08-01', '10:08:54', 16, '2017-08-01', '10:08:54', 16, 1),
(2912, 170, 581, 1, '2017-08-01', '10:08:54', 16, '2017-08-01', '10:08:54', 16, 1),
(2913, 170, 582, 1, '2017-08-01', '10:08:54', 16, '2017-08-01', '10:08:54', 16, 1),
(2914, 170, 583, 1, '2017-08-01', '10:08:54', 16, '2017-08-01', '10:08:54', 16, 1),
(2915, 171, 236, 1, '2017-08-02', '09:08:06', 170, '2017-08-02', '09:08:06', 170, 1),
(2916, 171, 237, 1, '2017-08-02', '09:08:06', 170, '2017-08-02', '09:08:06', 170, 1),
(2917, 171, 239, 1, '2017-08-02', '09:08:06', 170, '2017-08-02', '09:08:06', 170, 1),
(2918, 171, 240, 1, '2017-08-02', '09:08:06', 170, '2017-08-02', '09:08:06', 170, 1),
(2919, 171, 241, 1, '2017-08-02', '09:08:06', 170, '2017-08-02', '09:08:06', 170, 1),
(2920, 171, 243, 1, '2017-08-02', '09:08:06', 170, '2017-08-02', '09:08:06', 170, 1),
(2921, 171, 244, 1, '2017-08-02', '09:08:06', 170, '2017-08-02', '09:08:06', 170, 1),
(2922, 171, 245, 1, '2017-08-02', '09:08:06', 170, '2017-08-02', '09:08:06', 170, 1),
(2923, 171, 246, 1, '2017-08-02', '09:08:06', 170, '2017-08-02', '09:08:06', 170, 1),
(2924, 171, 247, 1, '2017-08-02', '09:08:06', 170, '2017-08-02', '09:08:06', 170, 1),
(2925, 171, 248, 1, '2017-08-02', '09:08:06', 170, '2017-08-02', '09:08:06', 170, 1),
(2926, 171, 249, 1, '2017-08-02', '09:08:06', 170, '2017-08-02', '09:08:06', 170, 1),
(2927, 171, 250, 1, '2017-08-02', '09:08:06', 170, '2017-08-02', '09:08:06', 170, 1),
(2928, 171, 251, 1, '2017-08-02', '09:08:06', 170, '2017-08-02', '09:08:06', 170, 1),
(2929, 171, 252, 1, '2017-08-02', '09:08:06', 170, '2017-08-02', '09:08:06', 170, 1),
(2930, 171, 258, 1, '2017-08-02', '09:08:06', 170, '2017-08-02', '09:08:06', 170, 1),
(2931, 171, 259, 1, '2017-08-02', '09:08:06', 170, '2017-08-02', '09:08:06', 170, 1),
(2932, 171, 260, 1, '2017-08-02', '09:08:06', 170, '2017-08-02', '09:08:06', 170, 1),
(2933, 171, 261, 1, '2017-08-02', '09:08:06', 170, '2017-08-02', '09:08:06', 170, 1),
(2934, 171, 262, 1, '2017-08-02', '09:08:06', 170, '2017-08-02', '09:08:06', 170, 1),
(2935, 171, 263, 1, '2017-08-02', '09:08:06', 170, '2017-08-02', '09:08:06', 170, 1),
(2936, 171, 264, 1, '2017-08-02', '09:08:06', 170, '2017-08-02', '09:08:06', 170, 1),
(2937, 171, 265, 1, '2017-08-02', '09:08:06', 170, '2017-08-02', '09:08:06', 170, 1),
(2938, 171, 266, 1, '2017-08-02', '09:08:06', 170, '2017-08-02', '09:08:06', 170, 1),
(2939, 171, 267, 1, '2017-08-02', '09:08:06', 170, '2017-08-02', '09:08:06', 170, 1),
(2940, 171, 268, 1, '2017-08-02', '09:08:06', 170, '2017-08-02', '09:08:06', 170, 1),
(2941, 171, 269, 1, '2017-08-02', '09:08:06', 170, '2017-08-02', '09:08:06', 170, 1),
(2942, 171, 270, 1, '2017-08-02', '09:08:06', 170, '2017-08-02', '09:08:06', 170, 1),
(2943, 171, 271, 1, '2017-08-02', '09:08:06', 170, '2017-08-02', '09:08:06', 170, 1),
(2944, 171, 272, 1, '2017-08-02', '09:08:06', 170, '2017-08-02', '09:08:06', 170, 1),
(2945, 171, 273, 1, '2017-08-02', '09:08:06', 170, '2017-08-02', '09:08:06', 170, 1),
(2946, 171, 274, 1, '2017-08-02', '09:08:06', 170, '2017-08-02', '09:08:06', 170, 1),
(2947, 171, 275, 1, '2017-08-02', '09:08:06', 170, '2017-08-02', '09:08:06', 170, 1),
(2948, 171, 276, 1, '2017-08-02', '09:08:06', 170, '2017-08-02', '09:08:06', 170, 1),
(2949, 171, 277, 1, '2017-08-02', '09:08:06', 170, '2017-08-02', '09:08:06', 170, 1),
(2950, 171, 283, 1, '2017-08-02', '09:08:06', 170, '2017-08-02', '09:08:06', 170, 1),
(2951, 171, 284, 1, '2017-08-02', '09:08:06', 170, '2017-08-02', '09:08:06', 170, 1),
(2952, 171, 285, 1, '2017-08-02', '09:08:06', 170, '2017-08-02', '09:08:06', 170, 1),
(2953, 171, 286, 1, '2017-08-02', '09:08:06', 170, '2017-08-02', '09:08:06', 170, 1),
(2954, 171, 287, 1, '2017-08-02', '09:08:06', 170, '2017-08-02', '09:08:06', 170, 1),
(2955, 171, 288, 1, '2017-08-02', '09:08:06', 170, '2017-08-02', '09:08:06', 170, 1),
(2956, 171, 289, 1, '2017-08-02', '09:08:06', 170, '2017-08-02', '09:08:06', 170, 1),
(2957, 171, 290, 1, '2017-08-02', '09:08:06', 170, '2017-08-02', '09:08:06', 170, 1),
(2958, 171, 291, 1, '2017-08-02', '09:08:06', 170, '2017-08-02', '09:08:06', 170, 1),
(2959, 171, 292, 1, '2017-08-02', '09:08:06', 170, '2017-08-02', '09:08:06', 170, 1),
(2960, 171, 293, 1, '2017-08-02', '09:08:06', 170, '2017-08-02', '09:08:06', 170, 1),
(2961, 171, 294, 1, '2017-08-02', '09:08:06', 170, '2017-08-02', '09:08:06', 170, 1),
(2962, 171, 295, 1, '2017-08-02', '09:08:06', 170, '2017-08-02', '09:08:06', 170, 1),
(2963, 171, 296, 1, '2017-08-02', '09:08:06', 170, '2017-08-02', '09:08:06', 170, 1),
(2964, 171, 297, 1, '2017-08-02', '09:08:06', 170, '2017-08-02', '09:08:06', 170, 1),
(2965, 171, 298, 1, '2017-08-02', '09:08:06', 170, '2017-08-02', '09:08:06', 170, 1),
(2966, 171, 299, 1, '2017-08-02', '09:08:06', 170, '2017-08-02', '09:08:06', 170, 1),
(2967, 171, 300, 1, '2017-08-02', '09:08:06', 170, '2017-08-02', '09:08:06', 170, 1),
(2968, 171, 301, 1, '2017-08-02', '09:08:06', 170, '2017-08-02', '09:08:06', 170, 1),
(2969, 171, 302, 1, '2017-08-02', '09:08:06', 170, '2017-08-02', '09:08:06', 170, 1),
(2970, 171, 303, 1, '2017-08-02', '09:08:06', 170, '2017-08-02', '09:08:06', 170, 1),
(2971, 171, 304, 1, '2017-08-02', '09:08:06', 170, '2017-08-02', '09:08:06', 170, 1),
(2972, 171, 305, 1, '2017-08-02', '09:08:06', 170, '2017-08-02', '09:08:06', 170, 1),
(2973, 171, 306, 1, '2017-08-02', '09:08:06', 170, '2017-08-02', '09:08:06', 170, 1),
(2974, 171, 307, 1, '2017-08-02', '09:08:06', 170, '2017-08-02', '09:08:06', 170, 1),
(2975, 171, 308, 1, '2017-08-02', '09:08:06', 170, '2017-08-02', '09:08:06', 170, 1),
(2976, 171, 309, 1, '2017-08-02', '09:08:06', 170, '2017-08-02', '09:08:06', 170, 1),
(2977, 171, 310, 1, '2017-08-02', '09:08:06', 170, '2017-08-02', '09:08:06', 170, 1),
(2978, 171, 311, 1, '2017-08-02', '09:08:06', 170, '2017-08-02', '09:08:06', 170, 1),
(2979, 171, 312, 1, '2017-08-02', '09:08:06', 170, '2017-08-02', '09:08:06', 170, 1),
(2980, 171, 313, 1, '2017-08-02', '09:08:06', 170, '2017-08-02', '09:08:06', 170, 1),
(2981, 171, 314, 1, '2017-08-02', '09:08:06', 170, '2017-08-02', '09:08:06', 170, 1),
(2982, 171, 315, 1, '2017-08-02', '09:08:06', 170, '2017-08-02', '09:08:06', 170, 1),
(2983, 171, 316, 1, '2017-08-02', '09:08:06', 170, '2017-08-02', '09:08:06', 170, 1),
(2984, 171, 317, 1, '2017-08-02', '09:08:06', 170, '2017-08-02', '09:08:06', 170, 1),
(2985, 171, 318, 1, '2017-08-02', '09:08:06', 170, '2017-08-02', '09:08:06', 170, 1),
(2986, 171, 402, 1, '2017-08-02', '09:08:06', 170, '2017-08-02', '09:08:06', 170, 1),
(2987, 171, 403, 1, '2017-08-02', '09:08:06', 170, '2017-08-02', '09:08:06', 170, 1),
(2988, 171, 405, 1, '2017-08-02', '09:08:06', 170, '2017-08-02', '09:08:06', 170, 1),
(2989, 171, 406, 1, '2017-08-02', '09:08:06', 170, '2017-08-02', '09:08:06', 170, 1),
(2990, 171, 407, 1, '2017-08-02', '09:08:06', 170, '2017-08-02', '09:08:06', 170, 1),
(2991, 171, 408, 1, '2017-08-02', '09:08:06', 170, '2017-08-02', '09:08:06', 170, 1),
(2992, 171, 409, 1, '2017-08-02', '09:08:06', 170, '2017-08-02', '09:08:06', 170, 1),
(2993, 171, 424, 1, '2017-08-02', '09:08:06', 170, '2017-08-02', '09:08:06', 170, 1),
(2994, 171, 426, 1, '2017-08-02', '09:08:06', 170, '2017-08-02', '09:08:06', 170, 1),
(2995, 171, 430, 1, '2017-08-02', '09:08:06', 170, '2017-08-02', '09:08:06', 170, 1),
(2996, 171, 431, 1, '2017-08-02', '09:08:06', 170, '2017-08-02', '09:08:06', 170, 1),
(2997, 171, 440, 1, '2017-08-02', '09:08:06', 170, '2017-08-02', '09:08:06', 170, 1),
(2998, 171, 441, 1, '2017-08-02', '09:08:06', 170, '2017-08-02', '09:08:06', 170, 1),
(2999, 171, 448, 1, '2017-08-02', '09:08:06', 170, '2017-08-02', '09:08:06', 170, 1),
(3000, 171, 450, 1, '2017-08-02', '09:08:06', 170, '2017-08-02', '09:08:06', 170, 1),
(3001, 171, 451, 1, '2017-08-02', '09:08:06', 170, '2017-08-02', '09:08:06', 170, 1),
(3002, 171, 452, 1, '2017-08-02', '09:08:06', 170, '2017-08-02', '09:08:06', 170, 1),
(3003, 171, 453, 1, '2017-08-02', '09:08:06', 170, '2017-08-02', '09:08:06', 170, 1),
(3004, 171, 454, 1, '2017-08-02', '09:08:06', 170, '2017-08-02', '09:08:06', 170, 1),
(3005, 171, 455, 1, '2017-08-02', '09:08:06', 170, '2017-08-02', '09:08:06', 170, 1),
(3006, 171, 456, 1, '2017-08-02', '09:08:06', 170, '2017-08-02', '09:08:06', 170, 1),
(3007, 171, 457, 1, '2017-08-02', '09:08:06', 170, '2017-08-02', '09:08:06', 170, 1),
(3008, 171, 458, 1, '2017-08-02', '09:08:06', 170, '2017-08-02', '09:08:06', 170, 1),
(3009, 171, 459, 1, '2017-08-02', '09:08:06', 170, '2017-08-02', '09:08:06', 170, 1),
(3010, 171, 460, 1, '2017-08-02', '09:08:06', 170, '2017-08-02', '09:08:06', 170, 1),
(3011, 171, 461, 1, '2017-08-02', '09:08:06', 170, '2017-08-02', '09:08:06', 170, 1),
(3012, 171, 462, 1, '2017-08-02', '09:08:06', 170, '2017-08-02', '09:08:06', 170, 1),
(3013, 171, 463, 1, '2017-08-02', '09:08:06', 170, '2017-08-02', '09:08:06', 170, 1),
(3014, 171, 464, 1, '2017-08-02', '09:08:06', 170, '2017-08-02', '09:08:06', 170, 1),
(3015, 171, 465, 1, '2017-08-02', '09:08:06', 170, '2017-08-02', '09:08:06', 170, 1),
(3016, 171, 466, 1, '2017-08-02', '09:08:06', 170, '2017-08-02', '09:08:06', 170, 1),
(3017, 171, 467, 1, '2017-08-02', '09:08:06', 170, '2017-08-02', '09:08:06', 170, 1),
(3018, 171, 468, 1, '2017-08-02', '09:08:06', 170, '2017-08-02', '09:08:06', 170, 1),
(3019, 171, 469, 1, '2017-08-02', '09:08:06', 170, '2017-08-02', '09:08:06', 170, 1),
(3020, 171, 470, 1, '2017-08-02', '09:08:06', 170, '2017-08-02', '09:08:06', 170, 1),
(3021, 171, 472, 1, '2017-08-02', '09:08:06', 170, '2017-08-02', '09:08:06', 170, 1),
(3022, 171, 473, 1, '2017-08-02', '09:08:06', 170, '2017-08-02', '09:08:06', 170, 1),
(3023, 171, 474, 1, '2017-08-02', '09:08:06', 170, '2017-08-02', '09:08:06', 170, 1),
(3024, 171, 475, 1, '2017-08-02', '09:08:06', 170, '2017-08-02', '09:08:06', 170, 1),
(3025, 171, 477, 1, '2017-08-02', '09:08:06', 170, '2017-08-02', '09:08:06', 170, 1),
(3026, 171, 478, 1, '2017-08-02', '09:08:06', 170, '2017-08-02', '09:08:06', 170, 1),
(3027, 171, 479, 1, '2017-08-02', '09:08:06', 170, '2017-08-02', '09:08:06', 170, 1),
(3028, 171, 480, 1, '2017-08-02', '09:08:06', 170, '2017-08-02', '09:08:06', 170, 1),
(3029, 171, 498, 1, '2017-08-02', '09:08:06', 170, '2017-08-02', '09:08:06', 170, 1),
(3030, 171, 499, 1, '2017-08-02', '09:08:06', 170, '2017-08-02', '09:08:06', 170, 1),
(3031, 171, 500, 1, '2017-08-02', '09:08:06', 170, '2017-08-02', '09:08:06', 170, 1),
(3032, 171, 501, 1, '2017-08-02', '09:08:06', 170, '2017-08-02', '09:08:06', 170, 1),
(3033, 171, 502, 1, '2017-08-02', '09:08:06', 170, '2017-08-02', '09:08:06', 170, 1),
(3034, 171, 508, 1, '2017-08-02', '09:08:06', 170, '2017-08-02', '09:08:06', 170, 1),
(3035, 171, 509, 1, '2017-08-02', '09:08:06', 170, '2017-08-02', '09:08:06', 170, 1),
(3036, 171, 510, 1, '2017-08-02', '09:08:06', 170, '2017-08-02', '09:08:06', 170, 1),
(3037, 171, 511, 1, '2017-08-02', '09:08:06', 170, '2017-08-02', '09:08:06', 170, 1),
(3038, 171, 512, 1, '2017-08-02', '09:08:06', 170, '2017-08-02', '09:08:06', 170, 1),
(3039, 171, 575, 1, '2017-08-02', '09:08:06', 170, '2017-08-02', '09:08:06', 170, 1),
(3040, 171, 576, 1, '2017-08-02', '09:08:06', 170, '2017-08-02', '09:08:06', 170, 1),
(3041, 171, 577, 1, '2017-08-02', '09:08:06', 170, '2017-08-02', '09:08:06', 170, 1),
(3042, 171, 578, 1, '2017-08-02', '09:08:06', 170, '2017-08-02', '09:08:06', 170, 1),
(3043, 171, 579, 1, '2017-08-02', '09:08:06', 170, '2017-08-02', '09:08:06', 170, 1),
(3044, 171, 580, 1, '2017-08-02', '09:08:06', 170, '2017-08-02', '09:08:06', 170, 1),
(3045, 171, 581, 1, '2017-08-02', '09:08:06', 170, '2017-08-02', '09:08:06', 170, 1),
(3046, 171, 582, 1, '2017-08-02', '09:08:06', 170, '2017-08-02', '09:08:06', 170, 1),
(3047, 171, 583, 1, '2017-08-02', '09:08:06', 170, '2017-08-02', '09:08:06', 170, 1),
(3048, 173, 393, 1, '2017-08-03', '15:08:10', 170, '2017-08-03', '15:19:20', 170, 1),
(3049, 173, 394, 1, '2017-08-03', '15:08:10', 170, '2017-08-03', '15:19:20', 170, 1),
(3050, 173, 395, 1, '2017-08-03', '15:08:10', 170, '2017-08-03', '15:19:20', 170, 1),
(3051, 173, 396, 1, '2017-08-03', '15:08:10', 170, '2017-08-03', '15:19:20', 170, 1),
(3052, 173, 397, 1, '2017-08-03', '15:08:10', 170, '2017-08-03', '15:19:20', 170, 1),
(3053, 173, 399, 1, '2017-08-03', '15:08:10', 170, '2017-08-03', '15:19:20', 170, 1),
(3054, 173, 401, 1, '2017-08-03', '15:08:10', 170, '2017-08-03', '15:19:20', 170, 1),
(3055, 173, 427, 1, '2017-08-03', '15:08:10', 170, '2017-08-03', '15:19:20', 170, 1),
(3056, 173, 428, 1, '2017-08-03', '15:08:10', 170, '2017-08-03', '15:19:20', 170, 1),
(3057, 173, 429, 1, '2017-08-03', '15:08:10', 170, '2017-08-03', '15:19:20', 170, 1),
(3058, 173, 437, 1, '2017-08-03', '15:08:10', 170, '2017-08-03', '15:19:20', 170, 1),
(3059, 173, 572, 0, '2017-08-03', '15:08:10', 170, '2017-08-03', '15:19:20', 170, 1),
(3060, 173, 573, 0, '2017-08-03', '15:08:10', 170, '2017-08-03', '15:19:20', 170, 1),
(3061, 173, 574, 0, '2017-08-03', '15:08:10', 170, '2017-08-03', '15:19:20', 170, 1),
(3062, 174, 236, 1, '2017-08-04', '11:08:23', 171, '2017-08-04', '11:08:23', 171, 1),
(3063, 174, 237, 1, '2017-08-04', '11:08:23', 171, '2017-08-04', '11:08:23', 171, 1),
(3064, 174, 239, 1, '2017-08-04', '11:08:23', 171, '2017-08-04', '11:08:23', 171, 1),
(3065, 174, 240, 1, '2017-08-04', '11:08:23', 171, '2017-08-04', '11:08:23', 171, 1),
(3066, 174, 241, 1, '2017-08-04', '11:08:23', 171, '2017-08-04', '11:08:23', 171, 1),
(3067, 174, 243, 1, '2017-08-04', '11:08:23', 171, '2017-08-04', '11:08:23', 171, 1),
(3068, 174, 244, 1, '2017-08-04', '11:08:23', 171, '2017-08-04', '11:08:23', 171, 1),
(3069, 174, 245, 1, '2017-08-04', '11:08:23', 171, '2017-08-04', '11:08:23', 171, 1),
(3070, 174, 246, 1, '2017-08-04', '11:08:23', 171, '2017-08-04', '11:08:23', 171, 1),
(3071, 174, 247, 1, '2017-08-04', '11:08:23', 171, '2017-08-04', '11:08:23', 171, 1),
(3072, 174, 248, 1, '2017-08-04', '11:08:23', 171, '2017-08-04', '11:08:23', 171, 1),
(3073, 174, 249, 1, '2017-08-04', '11:08:23', 171, '2017-08-04', '11:08:23', 171, 1),
(3074, 174, 250, 1, '2017-08-04', '11:08:23', 171, '2017-08-04', '11:08:23', 171, 1),
(3075, 174, 251, 1, '2017-08-04', '11:08:23', 171, '2017-08-04', '11:08:23', 171, 1),
(3076, 174, 252, 1, '2017-08-04', '11:08:23', 171, '2017-08-04', '11:08:23', 171, 1),
(3077, 174, 258, 1, '2017-08-04', '11:08:23', 171, '2017-08-04', '11:08:23', 171, 1),
(3078, 174, 259, 1, '2017-08-04', '11:08:23', 171, '2017-08-04', '11:08:23', 171, 1),
(3079, 174, 260, 1, '2017-08-04', '11:08:23', 171, '2017-08-04', '11:08:23', 171, 1),
(3080, 174, 261, 1, '2017-08-04', '11:08:23', 171, '2017-08-04', '11:08:23', 171, 1),
(3081, 174, 262, 1, '2017-08-04', '11:08:23', 171, '2017-08-04', '11:08:23', 171, 1),
(3082, 174, 263, 1, '2017-08-04', '11:08:23', 171, '2017-08-04', '11:08:23', 171, 1),
(3083, 174, 264, 1, '2017-08-04', '11:08:23', 171, '2017-08-04', '11:08:23', 171, 1),
(3084, 174, 265, 1, '2017-08-04', '11:08:23', 171, '2017-08-04', '11:08:23', 171, 1),
(3085, 174, 266, 1, '2017-08-04', '11:08:23', 171, '2017-08-04', '11:08:23', 171, 1),
(3086, 174, 267, 1, '2017-08-04', '11:08:23', 171, '2017-08-04', '11:08:23', 171, 1),
(3087, 174, 268, 1, '2017-08-04', '11:08:23', 171, '2017-08-04', '11:08:23', 171, 1),
(3088, 174, 269, 1, '2017-08-04', '11:08:23', 171, '2017-08-04', '11:08:23', 171, 1),
(3089, 174, 270, 1, '2017-08-04', '11:08:23', 171, '2017-08-04', '11:08:23', 171, 1),
(3090, 174, 271, 1, '2017-08-04', '11:08:23', 171, '2017-08-04', '11:08:23', 171, 1),
(3091, 174, 272, 1, '2017-08-04', '11:08:23', 171, '2017-08-04', '11:08:23', 171, 1),
(3092, 174, 273, 1, '2017-08-04', '11:08:23', 171, '2017-08-04', '11:08:23', 171, 1),
(3093, 174, 274, 1, '2017-08-04', '11:08:23', 171, '2017-08-04', '11:08:23', 171, 1),
(3094, 174, 275, 1, '2017-08-04', '11:08:23', 171, '2017-08-04', '11:08:23', 171, 1),
(3095, 174, 276, 1, '2017-08-04', '11:08:23', 171, '2017-08-04', '11:08:23', 171, 1),
(3096, 174, 277, 1, '2017-08-04', '11:08:23', 171, '2017-08-04', '11:08:23', 171, 1),
(3097, 174, 283, 1, '2017-08-04', '11:08:23', 171, '2017-08-04', '11:08:23', 171, 1),
(3098, 174, 284, 1, '2017-08-04', '11:08:23', 171, '2017-08-04', '11:08:23', 171, 1),
(3099, 174, 285, 1, '2017-08-04', '11:08:23', 171, '2017-08-04', '11:08:23', 171, 1),
(3100, 174, 286, 1, '2017-08-04', '11:08:23', 171, '2017-08-04', '11:08:23', 171, 1),
(3101, 174, 287, 1, '2017-08-04', '11:08:23', 171, '2017-08-04', '11:08:23', 171, 1),
(3102, 174, 288, 1, '2017-08-04', '11:08:23', 171, '2017-08-04', '11:08:23', 171, 1),
(3103, 174, 289, 1, '2017-08-04', '11:08:23', 171, '2017-08-04', '11:08:23', 171, 1),
(3104, 174, 290, 1, '2017-08-04', '11:08:23', 171, '2017-08-04', '11:08:23', 171, 1),
(3105, 174, 291, 1, '2017-08-04', '11:08:23', 171, '2017-08-04', '11:08:23', 171, 1),
(3106, 174, 292, 1, '2017-08-04', '11:08:23', 171, '2017-08-04', '11:08:23', 171, 1),
(3107, 174, 293, 1, '2017-08-04', '11:08:23', 171, '2017-08-04', '11:08:23', 171, 1),
(3108, 174, 294, 1, '2017-08-04', '11:08:23', 171, '2017-08-04', '11:08:23', 171, 1),
(3109, 174, 295, 1, '2017-08-04', '11:08:23', 171, '2017-08-04', '11:08:23', 171, 1),
(3110, 174, 296, 1, '2017-08-04', '11:08:23', 171, '2017-08-04', '11:08:23', 171, 1),
(3111, 174, 297, 1, '2017-08-04', '11:08:23', 171, '2017-08-04', '11:08:23', 171, 1),
(3112, 174, 298, 1, '2017-08-04', '11:08:23', 171, '2017-08-04', '11:08:23', 171, 1),
(3113, 174, 299, 1, '2017-08-04', '11:08:23', 171, '2017-08-04', '11:08:23', 171, 1),
(3114, 174, 300, 1, '2017-08-04', '11:08:23', 171, '2017-08-04', '11:08:23', 171, 1),
(3115, 174, 301, 1, '2017-08-04', '11:08:23', 171, '2017-08-04', '11:08:23', 171, 1),
(3116, 174, 302, 1, '2017-08-04', '11:08:23', 171, '2017-08-04', '11:08:23', 171, 1),
(3117, 174, 303, 1, '2017-08-04', '11:08:23', 171, '2017-08-04', '11:08:23', 171, 1),
(3118, 174, 304, 1, '2017-08-04', '11:08:23', 171, '2017-08-04', '11:08:23', 171, 1),
(3119, 174, 305, 1, '2017-08-04', '11:08:23', 171, '2017-08-04', '11:08:23', 171, 1),
(3120, 174, 306, 1, '2017-08-04', '11:08:23', 171, '2017-08-04', '11:08:23', 171, 1),
(3121, 174, 307, 1, '2017-08-04', '11:08:23', 171, '2017-08-04', '11:08:23', 171, 1),
(3122, 174, 308, 1, '2017-08-04', '11:08:23', 171, '2017-08-04', '11:08:23', 171, 1),
(3123, 174, 309, 1, '2017-08-04', '11:08:23', 171, '2017-08-04', '11:08:23', 171, 1),
(3124, 174, 310, 1, '2017-08-04', '11:08:23', 171, '2017-08-04', '11:08:23', 171, 1),
(3125, 174, 311, 1, '2017-08-04', '11:08:23', 171, '2017-08-04', '11:08:23', 171, 1),
(3126, 174, 312, 1, '2017-08-04', '11:08:23', 171, '2017-08-04', '11:08:23', 171, 1),
(3127, 174, 313, 1, '2017-08-04', '11:08:23', 171, '2017-08-04', '11:08:23', 171, 1),
(3128, 174, 314, 1, '2017-08-04', '11:08:23', 171, '2017-08-04', '11:08:23', 171, 1),
(3129, 174, 315, 1, '2017-08-04', '11:08:23', 171, '2017-08-04', '11:08:23', 171, 1),
(3130, 174, 316, 1, '2017-08-04', '11:08:23', 171, '2017-08-04', '11:08:23', 171, 1),
(3131, 174, 317, 1, '2017-08-04', '11:08:23', 171, '2017-08-04', '11:08:23', 171, 1),
(3132, 174, 318, 1, '2017-08-04', '11:08:23', 171, '2017-08-04', '11:08:23', 171, 1),
(3133, 174, 402, 1, '2017-08-04', '11:08:23', 171, '2017-08-04', '11:08:23', 171, 1),
(3134, 174, 403, 1, '2017-08-04', '11:08:23', 171, '2017-08-04', '11:08:23', 171, 1),
(3135, 174, 405, 1, '2017-08-04', '11:08:23', 171, '2017-08-04', '11:08:23', 171, 1),
(3136, 174, 406, 1, '2017-08-04', '11:08:23', 171, '2017-08-04', '11:08:23', 171, 1),
(3137, 174, 407, 1, '2017-08-04', '11:08:23', 171, '2017-08-04', '11:08:23', 171, 1),
(3138, 174, 408, 1, '2017-08-04', '11:08:23', 171, '2017-08-04', '11:08:23', 171, 1),
(3139, 174, 409, 1, '2017-08-04', '11:08:23', 171, '2017-08-04', '11:08:23', 171, 1),
(3140, 174, 424, 1, '2017-08-04', '11:08:23', 171, '2017-08-04', '11:08:23', 171, 1),
(3141, 174, 426, 1, '2017-08-04', '11:08:23', 171, '2017-08-04', '11:08:23', 171, 1),
(3142, 174, 430, 1, '2017-08-04', '11:08:23', 171, '2017-08-04', '11:08:23', 171, 1),
(3143, 174, 431, 1, '2017-08-04', '11:08:23', 171, '2017-08-04', '11:08:23', 171, 1),
(3144, 174, 440, 1, '2017-08-04', '11:08:23', 171, '2017-08-04', '11:08:23', 171, 1),
(3145, 174, 441, 1, '2017-08-04', '11:08:23', 171, '2017-08-04', '11:08:23', 171, 1),
(3146, 174, 448, 1, '2017-08-04', '11:08:23', 171, '2017-08-04', '11:08:23', 171, 1),
(3147, 174, 450, 1, '2017-08-04', '11:08:23', 171, '2017-08-04', '11:08:23', 171, 1),
(3148, 174, 451, 1, '2017-08-04', '11:08:23', 171, '2017-08-04', '11:08:23', 171, 1),
(3149, 174, 452, 1, '2017-08-04', '11:08:23', 171, '2017-08-04', '11:08:23', 171, 1),
(3150, 174, 453, 1, '2017-08-04', '11:08:23', 171, '2017-08-04', '11:08:23', 171, 1),
(3151, 174, 454, 1, '2017-08-04', '11:08:23', 171, '2017-08-04', '11:08:23', 171, 1),
(3152, 174, 455, 1, '2017-08-04', '11:08:23', 171, '2017-08-04', '11:08:23', 171, 1),
(3153, 174, 456, 1, '2017-08-04', '11:08:23', 171, '2017-08-04', '11:08:23', 171, 1),
(3154, 174, 457, 1, '2017-08-04', '11:08:23', 171, '2017-08-04', '11:08:23', 171, 1),
(3155, 174, 458, 1, '2017-08-04', '11:08:23', 171, '2017-08-04', '11:08:23', 171, 1),
(3156, 174, 459, 1, '2017-08-04', '11:08:23', 171, '2017-08-04', '11:08:23', 171, 1),
(3157, 174, 460, 1, '2017-08-04', '11:08:23', 171, '2017-08-04', '11:08:23', 171, 1),
(3158, 174, 461, 1, '2017-08-04', '11:08:23', 171, '2017-08-04', '11:08:23', 171, 1),
(3159, 174, 462, 1, '2017-08-04', '11:08:23', 171, '2017-08-04', '11:08:23', 171, 1),
(3160, 174, 463, 1, '2017-08-04', '11:08:23', 171, '2017-08-04', '11:08:23', 171, 1),
(3161, 174, 464, 1, '2017-08-04', '11:08:23', 171, '2017-08-04', '11:08:23', 171, 1),
(3162, 174, 465, 1, '2017-08-04', '11:08:23', 171, '2017-08-04', '11:08:23', 171, 1),
(3163, 174, 466, 1, '2017-08-04', '11:08:23', 171, '2017-08-04', '11:08:23', 171, 1),
(3164, 174, 467, 1, '2017-08-04', '11:08:23', 171, '2017-08-04', '11:08:23', 171, 1),
(3165, 174, 468, 1, '2017-08-04', '11:08:23', 171, '2017-08-04', '11:08:23', 171, 1),
(3166, 174, 469, 1, '2017-08-04', '11:08:23', 171, '2017-08-04', '11:08:23', 171, 1),
(3167, 174, 470, 1, '2017-08-04', '11:08:23', 171, '2017-08-04', '11:08:23', 171, 1),
(3168, 174, 472, 1, '2017-08-04', '11:08:23', 171, '2017-08-04', '11:08:23', 171, 1),
(3169, 174, 473, 1, '2017-08-04', '11:08:23', 171, '2017-08-04', '11:08:23', 171, 1),
(3170, 174, 474, 1, '2017-08-04', '11:08:23', 171, '2017-08-04', '11:08:23', 171, 1),
(3171, 174, 475, 1, '2017-08-04', '11:08:23', 171, '2017-08-04', '11:08:23', 171, 1),
(3172, 174, 477, 1, '2017-08-04', '11:08:23', 171, '2017-08-04', '11:08:23', 171, 1),
(3173, 174, 478, 1, '2017-08-04', '11:08:23', 171, '2017-08-04', '11:08:23', 171, 1),
(3174, 174, 479, 1, '2017-08-04', '11:08:23', 171, '2017-08-04', '11:08:23', 171, 1),
(3175, 174, 480, 1, '2017-08-04', '11:08:23', 171, '2017-08-04', '11:08:23', 171, 1),
(3176, 174, 498, 1, '2017-08-04', '11:08:23', 171, '2017-08-04', '11:08:23', 171, 1),
(3177, 174, 499, 1, '2017-08-04', '11:08:23', 171, '2017-08-04', '11:08:23', 171, 1),
(3178, 174, 500, 1, '2017-08-04', '11:08:23', 171, '2017-08-04', '11:08:23', 171, 1),
(3179, 174, 501, 1, '2017-08-04', '11:08:23', 171, '2017-08-04', '11:08:23', 171, 1),
(3180, 174, 502, 1, '2017-08-04', '11:08:23', 171, '2017-08-04', '11:08:23', 171, 1),
(3181, 174, 508, 1, '2017-08-04', '11:08:23', 171, '2017-08-04', '11:08:23', 171, 1),
(3182, 174, 509, 1, '2017-08-04', '11:08:23', 171, '2017-08-04', '11:08:23', 171, 1),
(3183, 174, 510, 1, '2017-08-04', '11:08:23', 171, '2017-08-04', '11:08:23', 171, 1),
(3184, 174, 511, 1, '2017-08-04', '11:08:23', 171, '2017-08-04', '11:08:23', 171, 1),
(3185, 174, 512, 1, '2017-08-04', '11:08:23', 171, '2017-08-04', '11:08:23', 171, 1),
(3186, 174, 575, 1, '2017-08-04', '11:08:23', 171, '2017-08-04', '11:08:23', 171, 1),
(3187, 174, 576, 1, '2017-08-04', '11:08:23', 171, '2017-08-04', '11:08:23', 171, 1),
(3188, 174, 577, 1, '2017-08-04', '11:08:23', 171, '2017-08-04', '11:08:23', 171, 1),
(3189, 174, 578, 1, '2017-08-04', '11:08:23', 171, '2017-08-04', '11:08:23', 171, 1),
(3190, 174, 579, 1, '2017-08-04', '11:08:23', 171, '2017-08-04', '11:08:23', 171, 1),
(3191, 174, 580, 1, '2017-08-04', '11:08:23', 171, '2017-08-04', '11:08:23', 171, 1),
(3192, 174, 581, 1, '2017-08-04', '11:08:23', 171, '2017-08-04', '11:08:23', 171, 1),
(3193, 174, 582, 1, '2017-08-04', '11:08:23', 171, '2017-08-04', '11:08:23', 171, 1),
(3194, 174, 583, 1, '2017-08-04', '11:08:23', 171, '2017-08-04', '11:08:23', 171, 1),
(3195, 175, 236, 1, '2017-08-07', '09:08:13', 16, '2017-08-07', '09:08:13', 16, 1),
(3196, 175, 237, 1, '2017-08-07', '09:08:13', 16, '2017-08-07', '09:08:13', 16, 1),
(3197, 175, 239, 1, '2017-08-07', '09:08:13', 16, '2017-08-07', '09:08:13', 16, 1),
(3198, 175, 240, 1, '2017-08-07', '09:08:13', 16, '2017-08-07', '09:08:13', 16, 1),
(3199, 175, 241, 1, '2017-08-07', '09:08:13', 16, '2017-08-07', '09:08:13', 16, 1),
(3200, 175, 243, 1, '2017-08-07', '09:08:13', 16, '2017-08-07', '09:08:13', 16, 1),
(3201, 175, 244, 1, '2017-08-07', '09:08:13', 16, '2017-08-07', '09:08:13', 16, 1),
(3202, 175, 245, 1, '2017-08-07', '09:08:13', 16, '2017-08-07', '09:08:13', 16, 1),
(3203, 175, 246, 1, '2017-08-07', '09:08:13', 16, '2017-08-07', '09:08:13', 16, 1),
(3204, 175, 247, 1, '2017-08-07', '09:08:13', 16, '2017-08-07', '09:08:13', 16, 1),
(3205, 175, 248, 1, '2017-08-07', '09:08:13', 16, '2017-08-07', '09:08:13', 16, 1),
(3206, 175, 249, 1, '2017-08-07', '09:08:13', 16, '2017-08-07', '09:08:13', 16, 1),
(3207, 175, 250, 1, '2017-08-07', '09:08:13', 16, '2017-08-07', '09:08:13', 16, 1),
(3208, 175, 251, 1, '2017-08-07', '09:08:13', 16, '2017-08-07', '09:08:13', 16, 1),
(3209, 175, 252, 1, '2017-08-07', '09:08:13', 16, '2017-08-07', '09:08:13', 16, 1),
(3210, 175, 258, 1, '2017-08-07', '09:08:13', 16, '2017-08-07', '09:08:13', 16, 1),
(3211, 175, 259, 1, '2017-08-07', '09:08:13', 16, '2017-08-07', '09:08:13', 16, 1),
(3212, 175, 260, 1, '2017-08-07', '09:08:13', 16, '2017-08-07', '09:08:13', 16, 1),
(3213, 175, 261, 1, '2017-08-07', '09:08:13', 16, '2017-08-07', '09:08:13', 16, 1),
(3214, 175, 262, 1, '2017-08-07', '09:08:13', 16, '2017-08-07', '09:08:13', 16, 1),
(3215, 175, 263, 1, '2017-08-07', '09:08:13', 16, '2017-08-07', '09:08:13', 16, 1),
(3216, 175, 264, 1, '2017-08-07', '09:08:13', 16, '2017-08-07', '09:08:13', 16, 1),
(3217, 175, 265, 1, '2017-08-07', '09:08:13', 16, '2017-08-07', '09:08:13', 16, 1),
(3218, 175, 266, 1, '2017-08-07', '09:08:13', 16, '2017-08-07', '09:08:13', 16, 1),
(3219, 175, 267, 1, '2017-08-07', '09:08:13', 16, '2017-08-07', '09:08:13', 16, 1),
(3220, 175, 268, 1, '2017-08-07', '09:08:13', 16, '2017-08-07', '09:08:13', 16, 1),
(3221, 175, 269, 1, '2017-08-07', '09:08:13', 16, '2017-08-07', '09:08:13', 16, 1),
(3222, 175, 270, 1, '2017-08-07', '09:08:13', 16, '2017-08-07', '09:08:13', 16, 1),
(3223, 175, 271, 1, '2017-08-07', '09:08:13', 16, '2017-08-07', '09:08:13', 16, 1),
(3224, 175, 272, 1, '2017-08-07', '09:08:13', 16, '2017-08-07', '09:08:13', 16, 1),
(3225, 175, 273, 1, '2017-08-07', '09:08:13', 16, '2017-08-07', '09:08:13', 16, 1),
(3226, 175, 274, 1, '2017-08-07', '09:08:13', 16, '2017-08-07', '09:08:13', 16, 1),
(3227, 175, 275, 1, '2017-08-07', '09:08:13', 16, '2017-08-07', '09:08:13', 16, 1),
(3228, 175, 276, 1, '2017-08-07', '09:08:13', 16, '2017-08-07', '09:08:13', 16, 1),
(3229, 175, 277, 1, '2017-08-07', '09:08:13', 16, '2017-08-07', '09:08:13', 16, 1),
(3230, 175, 283, 1, '2017-08-07', '09:08:13', 16, '2017-08-07', '09:08:13', 16, 1),
(3231, 175, 284, 1, '2017-08-07', '09:08:13', 16, '2017-08-07', '09:08:13', 16, 1),
(3232, 175, 285, 1, '2017-08-07', '09:08:13', 16, '2017-08-07', '09:08:13', 16, 1),
(3233, 175, 286, 1, '2017-08-07', '09:08:13', 16, '2017-08-07', '09:08:13', 16, 1),
(3234, 175, 287, 1, '2017-08-07', '09:08:13', 16, '2017-08-07', '09:08:13', 16, 1),
(3235, 175, 288, 1, '2017-08-07', '09:08:13', 16, '2017-08-07', '09:08:13', 16, 1),
(3236, 175, 289, 1, '2017-08-07', '09:08:13', 16, '2017-08-07', '09:08:13', 16, 1),
(3237, 175, 290, 1, '2017-08-07', '09:08:13', 16, '2017-08-07', '09:08:13', 16, 1),
(3238, 175, 291, 1, '2017-08-07', '09:08:13', 16, '2017-08-07', '09:08:13', 16, 1),
(3239, 175, 292, 1, '2017-08-07', '09:08:13', 16, '2017-08-07', '09:08:13', 16, 1),
(3240, 175, 293, 1, '2017-08-07', '09:08:13', 16, '2017-08-07', '09:08:13', 16, 1),
(3241, 175, 294, 1, '2017-08-07', '09:08:13', 16, '2017-08-07', '09:08:13', 16, 1),
(3242, 175, 295, 1, '2017-08-07', '09:08:13', 16, '2017-08-07', '09:08:13', 16, 1),
(3243, 175, 296, 1, '2017-08-07', '09:08:13', 16, '2017-08-07', '09:08:13', 16, 1),
(3244, 175, 297, 1, '2017-08-07', '09:08:13', 16, '2017-08-07', '09:08:13', 16, 1),
(3245, 175, 298, 1, '2017-08-07', '09:08:13', 16, '2017-08-07', '09:08:13', 16, 1),
(3246, 175, 299, 1, '2017-08-07', '09:08:13', 16, '2017-08-07', '09:08:13', 16, 1),
(3247, 175, 300, 1, '2017-08-07', '09:08:13', 16, '2017-08-07', '09:08:13', 16, 1),
(3248, 175, 301, 1, '2017-08-07', '09:08:13', 16, '2017-08-07', '09:08:13', 16, 1),
(3249, 175, 302, 1, '2017-08-07', '09:08:13', 16, '2017-08-07', '09:08:13', 16, 1),
(3250, 175, 303, 1, '2017-08-07', '09:08:13', 16, '2017-08-07', '09:08:13', 16, 1),
(3251, 175, 304, 1, '2017-08-07', '09:08:13', 16, '2017-08-07', '09:08:13', 16, 1),
(3252, 175, 305, 1, '2017-08-07', '09:08:13', 16, '2017-08-07', '09:08:13', 16, 1),
(3253, 175, 306, 1, '2017-08-07', '09:08:13', 16, '2017-08-07', '09:08:13', 16, 1),
(3254, 175, 307, 1, '2017-08-07', '09:08:13', 16, '2017-08-07', '09:08:13', 16, 1),
(3255, 175, 308, 1, '2017-08-07', '09:08:13', 16, '2017-08-07', '09:08:13', 16, 1),
(3256, 175, 309, 1, '2017-08-07', '09:08:13', 16, '2017-08-07', '09:08:13', 16, 1),
(3257, 175, 310, 1, '2017-08-07', '09:08:13', 16, '2017-08-07', '09:08:13', 16, 1),
(3258, 175, 311, 1, '2017-08-07', '09:08:13', 16, '2017-08-07', '09:08:13', 16, 1),
(3259, 175, 312, 1, '2017-08-07', '09:08:13', 16, '2017-08-07', '09:08:13', 16, 1),
(3260, 175, 313, 1, '2017-08-07', '09:08:13', 16, '2017-08-07', '09:08:13', 16, 1),
(3261, 175, 314, 1, '2017-08-07', '09:08:13', 16, '2017-08-07', '09:08:13', 16, 1),
(3262, 175, 315, 1, '2017-08-07', '09:08:13', 16, '2017-08-07', '09:08:13', 16, 1),
(3263, 175, 316, 1, '2017-08-07', '09:08:13', 16, '2017-08-07', '09:08:13', 16, 1),
(3264, 175, 317, 1, '2017-08-07', '09:08:13', 16, '2017-08-07', '09:08:13', 16, 1),
(3265, 175, 318, 1, '2017-08-07', '09:08:13', 16, '2017-08-07', '09:08:13', 16, 1),
(3266, 175, 402, 1, '2017-08-07', '09:08:13', 16, '2017-08-07', '09:08:13', 16, 1),
(3267, 175, 403, 1, '2017-08-07', '09:08:13', 16, '2017-08-07', '09:08:13', 16, 1),
(3268, 175, 405, 1, '2017-08-07', '09:08:13', 16, '2017-08-07', '09:08:13', 16, 1),
(3269, 175, 406, 1, '2017-08-07', '09:08:13', 16, '2017-08-07', '09:08:13', 16, 1),
(3270, 175, 407, 1, '2017-08-07', '09:08:13', 16, '2017-08-07', '09:08:13', 16, 1),
(3271, 175, 408, 1, '2017-08-07', '09:08:13', 16, '2017-08-07', '09:08:13', 16, 1),
(3272, 175, 409, 1, '2017-08-07', '09:08:13', 16, '2017-08-07', '09:08:13', 16, 1),
(3273, 175, 424, 1, '2017-08-07', '09:08:13', 16, '2017-08-07', '09:08:13', 16, 1),
(3274, 175, 426, 1, '2017-08-07', '09:08:13', 16, '2017-08-07', '09:08:13', 16, 1),
(3275, 175, 430, 1, '2017-08-07', '09:08:13', 16, '2017-08-07', '09:08:13', 16, 1),
(3276, 175, 431, 1, '2017-08-07', '09:08:13', 16, '2017-08-07', '09:08:13', 16, 1),
(3277, 175, 440, 1, '2017-08-07', '09:08:13', 16, '2017-08-07', '09:08:13', 16, 1),
(3278, 175, 441, 1, '2017-08-07', '09:08:13', 16, '2017-08-07', '09:08:13', 16, 1),
(3279, 175, 448, 1, '2017-08-07', '09:08:13', 16, '2017-08-07', '09:08:13', 16, 1),
(3280, 175, 450, 1, '2017-08-07', '09:08:13', 16, '2017-08-07', '09:08:13', 16, 1),
(3281, 175, 451, 1, '2017-08-07', '09:08:13', 16, '2017-08-07', '09:08:13', 16, 1),
(3282, 175, 452, 1, '2017-08-07', '09:08:13', 16, '2017-08-07', '09:08:13', 16, 1),
(3283, 175, 453, 1, '2017-08-07', '09:08:13', 16, '2017-08-07', '09:08:13', 16, 1),
(3284, 175, 454, 1, '2017-08-07', '09:08:13', 16, '2017-08-07', '09:08:13', 16, 1),
(3285, 175, 455, 1, '2017-08-07', '09:08:13', 16, '2017-08-07', '09:08:13', 16, 1),
(3286, 175, 456, 1, '2017-08-07', '09:08:13', 16, '2017-08-07', '09:08:13', 16, 1),
(3287, 175, 457, 1, '2017-08-07', '09:08:13', 16, '2017-08-07', '09:08:13', 16, 1),
(3288, 175, 458, 1, '2017-08-07', '09:08:13', 16, '2017-08-07', '09:08:13', 16, 1),
(3289, 175, 459, 1, '2017-08-07', '09:08:13', 16, '2017-08-07', '09:08:13', 16, 1),
(3290, 175, 460, 1, '2017-08-07', '09:08:13', 16, '2017-08-07', '09:08:13', 16, 1),
(3291, 175, 461, 1, '2017-08-07', '09:08:13', 16, '2017-08-07', '09:08:13', 16, 1),
(3292, 175, 462, 1, '2017-08-07', '09:08:13', 16, '2017-08-07', '09:08:13', 16, 1),
(3293, 175, 463, 1, '2017-08-07', '09:08:13', 16, '2017-08-07', '09:08:13', 16, 1),
(3294, 175, 464, 1, '2017-08-07', '09:08:13', 16, '2017-08-07', '09:08:13', 16, 1),
(3295, 175, 465, 1, '2017-08-07', '09:08:13', 16, '2017-08-07', '09:08:13', 16, 1),
(3296, 175, 466, 1, '2017-08-07', '09:08:13', 16, '2017-08-07', '09:08:13', 16, 1),
(3297, 175, 467, 1, '2017-08-07', '09:08:13', 16, '2017-08-07', '09:08:13', 16, 1),
(3298, 175, 468, 1, '2017-08-07', '09:08:13', 16, '2017-08-07', '09:08:13', 16, 1),
(3299, 175, 469, 1, '2017-08-07', '09:08:13', 16, '2017-08-07', '09:08:13', 16, 1),
(3300, 175, 470, 1, '2017-08-07', '09:08:13', 16, '2017-08-07', '09:08:13', 16, 1),
(3301, 175, 472, 1, '2017-08-07', '09:08:13', 16, '2017-08-07', '09:08:13', 16, 1),
(3302, 175, 473, 1, '2017-08-07', '09:08:13', 16, '2017-08-07', '09:08:13', 16, 1),
(3303, 175, 474, 1, '2017-08-07', '09:08:13', 16, '2017-08-07', '09:08:13', 16, 1),
(3304, 175, 475, 1, '2017-08-07', '09:08:13', 16, '2017-08-07', '09:08:13', 16, 1),
(3305, 175, 477, 1, '2017-08-07', '09:08:13', 16, '2017-08-07', '09:08:13', 16, 1),
(3306, 175, 478, 1, '2017-08-07', '09:08:13', 16, '2017-08-07', '09:08:13', 16, 1),
(3307, 175, 479, 1, '2017-08-07', '09:08:13', 16, '2017-08-07', '09:08:13', 16, 1),
(3308, 175, 480, 1, '2017-08-07', '09:08:13', 16, '2017-08-07', '09:08:13', 16, 1),
(3309, 175, 498, 1, '2017-08-07', '09:08:13', 16, '2017-08-07', '09:08:13', 16, 1),
(3310, 175, 499, 1, '2017-08-07', '09:08:13', 16, '2017-08-07', '09:08:13', 16, 1),
(3311, 175, 500, 1, '2017-08-07', '09:08:13', 16, '2017-08-07', '09:08:13', 16, 1),
(3312, 175, 501, 1, '2017-08-07', '09:08:13', 16, '2017-08-07', '09:08:13', 16, 1),
(3313, 175, 502, 1, '2017-08-07', '09:08:13', 16, '2017-08-07', '09:08:13', 16, 1),
(3314, 175, 508, 1, '2017-08-07', '09:08:13', 16, '2017-08-07', '09:08:13', 16, 1),
(3315, 175, 509, 1, '2017-08-07', '09:08:13', 16, '2017-08-07', '09:08:13', 16, 1),
(3316, 175, 510, 1, '2017-08-07', '09:08:13', 16, '2017-08-07', '09:08:13', 16, 1),
(3317, 175, 511, 1, '2017-08-07', '09:08:13', 16, '2017-08-07', '09:08:13', 16, 1),
(3318, 175, 512, 1, '2017-08-07', '09:08:13', 16, '2017-08-07', '09:08:13', 16, 1),
(3319, 175, 575, 1, '2017-08-07', '09:08:13', 16, '2017-08-07', '09:08:13', 16, 1),
(3320, 175, 576, 1, '2017-08-07', '09:08:13', 16, '2017-08-07', '09:08:13', 16, 1),
(3321, 175, 577, 1, '2017-08-07', '09:08:13', 16, '2017-08-07', '09:08:13', 16, 1),
(3322, 175, 578, 1, '2017-08-07', '09:08:13', 16, '2017-08-07', '09:08:13', 16, 1),
(3323, 175, 579, 1, '2017-08-07', '09:08:13', 16, '2017-08-07', '09:08:13', 16, 1),
(3324, 175, 580, 1, '2017-08-07', '09:08:13', 16, '2017-08-07', '09:08:13', 16, 1),
(3325, 175, 581, 1, '2017-08-07', '09:08:13', 16, '2017-08-07', '09:08:13', 16, 1),
(3326, 175, 582, 1, '2017-08-07', '09:08:13', 16, '2017-08-07', '09:08:13', 16, 1),
(3327, 175, 583, 1, '2017-08-07', '09:08:13', 16, '2017-08-07', '09:08:13', 16, 1),
(3329, 176, 513, 1, '2017-08-11', '16:08:33', 17, '2017-08-11', '16:08:33', 17, 1),
(3330, 176, 514, 1, '2017-08-11', '16:08:33', 17, '2017-08-11', '16:08:33', 17, 1),
(3331, 176, 515, 1, '2017-08-11', '16:08:33', 17, '2017-08-11', '16:08:33', 17, 1),
(3332, 176, 516, 1, '2017-08-11', '16:08:33', 17, '2017-08-11', '16:08:33', 17, 1),
(3333, 176, 517, 1, '2017-08-11', '16:08:33', 17, '2017-08-11', '16:08:33', 17, 1),
(3334, 176, 518, 1, '2017-08-11', '16:08:33', 17, '2017-08-11', '16:08:33', 17, 1),
(3335, 176, 519, 1, '2017-08-11', '16:08:33', 17, '2017-08-11', '16:08:33', 17, 1),
(3336, 176, 520, 1, '2017-08-11', '16:08:33', 17, '2017-08-11', '16:08:33', 17, 1),
(3337, 176, 521, 1, '2017-08-11', '16:08:33', 17, '2017-08-11', '16:08:33', 17, 1),
(3338, 176, 522, 1, '2017-08-11', '16:08:33', 17, '2017-08-11', '16:08:33', 17, 1),
(3339, 176, 523, 1, '2017-08-11', '16:08:33', 17, '2017-08-11', '16:08:33', 17, 1);
INSERT INTO `rbac_roles_opciones_usuarios` (`id`, `usuario_id`, `rol_opcion_id`, `estatus`, `registro_fecha`, `registro_hora`, `registro_usuario_id`, `modificado_fecha`, `modificado_hora`, `modificado_usuario_id`, `secuencia`) VALUES
(3340, 176, 524, 1, '2017-08-11', '16:08:33', 17, '2017-08-11', '16:08:33', 17, 1),
(3341, 176, 525, 1, '2017-08-11', '16:08:33', 17, '2017-08-11', '16:08:33', 17, 1),
(3342, 176, 526, 1, '2017-08-11', '16:08:33', 17, '2017-08-11', '16:08:33', 17, 1),
(3343, 176, 527, 1, '2017-08-11', '16:08:33', 17, '2017-08-11', '16:08:33', 17, 1),
(3344, 176, 528, 1, '2017-08-11', '16:08:33', 17, '2017-08-11', '16:08:33', 17, 1),
(3345, 176, 529, 1, '2017-08-11', '16:08:33', 17, '2017-08-11', '16:08:33', 17, 1),
(3346, 176, 530, 1, '2017-08-11', '16:08:33', 17, '2017-08-11', '16:08:33', 17, 1),
(3347, 176, 531, 1, '2017-08-11', '16:08:33', 17, '2017-08-11', '16:08:33', 17, 1),
(3348, 176, 532, 1, '2017-08-11', '16:08:33', 17, '2017-08-11', '16:08:33', 17, 1),
(3349, 176, 533, 1, '2017-08-11', '16:08:33', 17, '2017-08-11', '16:08:33', 17, 1),
(3350, 176, 556, 1, '2017-08-11', '16:08:33', 17, '2017-08-11', '16:08:33', 17, 1),
(3351, 176, 557, 1, '2017-08-11', '16:08:33', 17, '2017-08-11', '16:08:33', 17, 1),
(3352, 176, 558, 1, '2017-08-11', '16:08:33', 17, '2017-08-11', '16:08:33', 17, 1),
(3353, 176, 559, 1, '2017-08-11', '16:08:33', 17, '2017-08-11', '16:08:33', 17, 1),
(3354, 176, 560, 1, '2017-08-11', '16:08:33', 17, '2017-08-11', '16:08:33', 17, 1),
(3355, 176, 561, 1, '2017-08-11', '16:08:33', 17, '2017-08-11', '16:08:33', 17, 1),
(3356, 176, 562, 1, '2017-08-11', '16:08:33', 17, '2017-08-11', '16:08:33', 17, 1),
(3357, 176, 563, 1, '2017-08-11', '16:08:33', 17, '2017-08-11', '16:08:33', 17, 1),
(3358, 176, 564, 1, '2017-08-11', '16:08:33', 17, '2017-08-11', '16:08:33', 17, 1),
(3359, 176, 565, 1, '2017-08-11', '16:08:33', 17, '2017-08-11', '16:08:33', 17, 1),
(3360, 176, 566, 1, '2017-08-11', '16:08:33', 17, '2017-08-11', '16:08:33', 17, 1),
(3361, 176, 567, 1, '2017-08-11', '16:08:33', 17, '2017-08-11', '16:08:33', 17, 1),
(3362, 176, 568, 1, '2017-08-11', '16:08:33', 17, '2017-08-11', '16:08:33', 17, 1),
(3363, 176, 569, 1, '2017-08-11', '16:08:33', 17, '2017-08-11', '16:08:33', 17, 1),
(3364, 176, 570, 1, '2017-08-11', '16:08:33', 17, '2017-08-11', '16:08:33', 17, 1),
(3365, 176, 571, 1, '2017-08-11', '16:08:33', 17, '2017-08-11', '16:08:33', 17, 1),
(3366, 178, 236, 1, '2018-03-19', '09:03:31', 16, '2018-03-21', '10:44:43', 16, 1),
(3367, 178, 237, 1, '2018-03-19', '09:03:31', 16, '2018-03-21', '10:44:43', 16, 1),
(3368, 178, 239, 1, '2018-03-19', '09:03:31', 16, '2018-03-21', '10:44:43', 16, 1),
(3369, 178, 240, 1, '2018-03-19', '09:03:31', 16, '2018-03-21', '10:44:43', 16, 1),
(3370, 178, 241, 0, '2018-03-19', '09:03:31', 16, '2018-03-21', '10:44:43', 16, 1),
(3371, 178, 243, 0, '2018-03-19', '09:03:31', 16, '2018-03-21', '10:44:43', 16, 1),
(3372, 178, 244, 0, '2018-03-19', '09:03:31', 16, '2018-03-21', '10:44:43', 16, 1),
(3373, 178, 245, 0, '2018-03-19', '09:03:31', 16, '2018-03-21', '10:44:43', 16, 1),
(3374, 178, 246, 1, '2018-03-19', '09:03:31', 16, '2018-03-21', '10:44:43', 16, 1),
(3375, 178, 247, 1, '2018-03-19', '09:03:31', 16, '2018-03-21', '10:44:43', 16, 1),
(3376, 178, 248, 1, '2018-03-19', '09:03:31', 16, '2018-03-21', '10:44:43', 16, 1),
(3377, 178, 249, 1, '2018-03-19', '09:03:31', 16, '2018-03-21', '10:44:43', 16, 1),
(3378, 178, 250, 1, '2018-03-19', '09:03:31', 16, '2018-03-21', '10:44:43', 16, 1),
(3379, 178, 251, 1, '2018-03-19', '09:03:31', 16, '2018-03-21', '10:44:43', 16, 1),
(3380, 178, 252, 1, '2018-03-19', '09:03:31', 16, '2018-03-21', '10:44:43', 16, 1),
(3381, 178, 258, 1, '2018-03-19', '09:03:31', 16, '2018-03-21', '10:44:43', 16, 1),
(3382, 178, 259, 1, '2018-03-19', '09:03:31', 16, '2018-03-21', '10:44:43', 16, 1),
(3383, 178, 260, 1, '2018-03-19', '09:03:31', 16, '2018-03-21', '10:44:43', 16, 1),
(3384, 178, 261, 1, '2018-03-19', '09:03:31', 16, '2018-03-21', '10:44:43', 16, 1),
(3385, 178, 262, 1, '2018-03-19', '09:03:31', 16, '2018-03-21', '10:44:43', 16, 1),
(3386, 178, 263, 1, '2018-03-19', '09:03:31', 16, '2018-03-21', '10:44:43', 16, 1),
(3387, 178, 264, 1, '2018-03-19', '09:03:31', 16, '2018-03-21', '10:44:43', 16, 1),
(3388, 178, 265, 1, '2018-03-19', '09:03:31', 16, '2018-03-21', '10:44:43', 16, 1),
(3389, 178, 266, 1, '2018-03-19', '09:03:31', 16, '2018-03-21', '10:44:43', 16, 1),
(3390, 178, 267, 1, '2018-03-19', '09:03:31', 16, '2018-03-21', '10:44:43', 16, 1),
(3391, 178, 268, 1, '2018-03-19', '09:03:31', 16, '2018-03-21', '10:44:43', 16, 1),
(3392, 178, 269, 1, '2018-03-19', '09:03:31', 16, '2018-03-21', '10:44:43', 16, 1),
(3393, 178, 270, 1, '2018-03-19', '09:03:31', 16, '2018-03-21', '10:44:43', 16, 1),
(3394, 178, 271, 1, '2018-03-19', '09:03:31', 16, '2018-03-21', '10:44:43', 16, 1),
(3395, 178, 272, 1, '2018-03-19', '09:03:31', 16, '2018-03-21', '10:44:43', 16, 1),
(3396, 178, 273, 0, '2018-03-19', '09:03:31', 16, '2018-03-21', '10:44:43', 16, 1),
(3397, 178, 274, 0, '2018-03-19', '09:03:31', 16, '2018-03-21', '10:44:43', 16, 1),
(3398, 178, 275, 0, '2018-03-19', '09:03:31', 16, '2018-03-21', '10:44:43', 16, 1),
(3399, 178, 276, 0, '2018-03-19', '09:03:31', 16, '2018-03-21', '10:44:43', 16, 1),
(3400, 178, 277, 0, '2018-03-19', '09:03:31', 16, '2018-03-21', '10:44:43', 16, 1),
(3401, 178, 283, 1, '2018-03-19', '09:03:31', 16, '2018-03-21', '10:44:43', 16, 1),
(3402, 178, 284, 1, '2018-03-19', '09:03:31', 16, '2018-03-21', '10:44:43', 16, 1),
(3403, 178, 285, 1, '2018-03-19', '09:03:31', 16, '2018-03-21', '10:44:43', 16, 1),
(3404, 178, 286, 1, '2018-03-19', '09:03:31', 16, '2018-03-21', '10:44:43', 16, 1),
(3405, 178, 287, 1, '2018-03-19', '09:03:31', 16, '2018-03-21', '10:44:43', 16, 1),
(3406, 178, 288, 1, '2018-03-19', '09:03:31', 16, '2018-03-21', '10:44:43', 16, 1),
(3407, 178, 289, 1, '2018-03-19', '09:03:31', 16, '2018-03-21', '10:44:43', 16, 1),
(3408, 178, 290, 1, '2018-03-19', '09:03:31', 16, '2018-03-21', '10:44:43', 16, 1),
(3409, 178, 291, 1, '2018-03-19', '09:03:31', 16, '2018-03-21', '10:44:43', 16, 1),
(3410, 178, 292, 1, '2018-03-19', '09:03:31', 16, '2018-03-21', '10:44:43', 16, 1),
(3411, 178, 293, 1, '2018-03-19', '09:03:31', 16, '2018-03-21', '10:44:43', 16, 1),
(3412, 178, 294, 1, '2018-03-19', '09:03:31', 16, '2018-03-21', '10:44:43', 16, 1),
(3413, 178, 295, 1, '2018-03-19', '09:03:31', 16, '2018-03-21', '10:44:43', 16, 1),
(3414, 178, 296, 1, '2018-03-19', '09:03:31', 16, '2018-03-21', '10:44:43', 16, 1),
(3415, 178, 297, 1, '2018-03-19', '09:03:31', 16, '2018-03-21', '10:44:43', 16, 1),
(3416, 178, 298, 1, '2018-03-19', '09:03:31', 16, '2018-03-21', '10:44:43', 16, 1),
(3417, 178, 299, 1, '2018-03-19', '09:03:31', 16, '2018-03-21', '10:44:43', 16, 1),
(3418, 178, 300, 1, '2018-03-19', '09:03:31', 16, '2018-03-21', '10:44:43', 16, 1),
(3419, 178, 301, 1, '2018-03-19', '09:03:31', 16, '2018-03-21', '10:44:43', 16, 1),
(3420, 178, 302, 1, '2018-03-19', '09:03:31', 16, '2018-03-21', '10:44:43', 16, 1),
(3421, 178, 303, 1, '2018-03-19', '09:03:31', 16, '2018-03-21', '10:44:43', 16, 1),
(3422, 178, 304, 1, '2018-03-19', '09:03:31', 16, '2018-03-21', '10:44:43', 16, 1),
(3423, 178, 305, 1, '2018-03-19', '09:03:31', 16, '2018-03-21', '10:44:43', 16, 1),
(3424, 178, 306, 1, '2018-03-19', '09:03:31', 16, '2018-03-21', '10:44:43', 16, 1),
(3425, 178, 307, 1, '2018-03-19', '09:03:31', 16, '2018-03-21', '10:44:43', 16, 1),
(3426, 178, 308, 1, '2018-03-19', '09:03:31', 16, '2018-03-21', '10:44:43', 16, 1),
(3427, 178, 309, 1, '2018-03-19', '09:03:31', 16, '2018-03-21', '10:44:43', 16, 1),
(3428, 178, 310, 1, '2018-03-19', '09:03:31', 16, '2018-03-21', '10:44:43', 16, 1),
(3429, 178, 311, 1, '2018-03-19', '09:03:31', 16, '2018-03-21', '10:44:43', 16, 1),
(3430, 178, 312, 1, '2018-03-19', '09:03:31', 16, '2018-03-21', '10:44:43', 16, 1),
(3431, 178, 313, 1, '2018-03-19', '09:03:31', 16, '2018-03-21', '10:44:43', 16, 1),
(3432, 178, 314, 1, '2018-03-19', '09:03:31', 16, '2018-03-21', '10:44:43', 16, 1),
(3433, 178, 315, 1, '2018-03-19', '09:03:31', 16, '2018-03-21', '10:44:43', 16, 1),
(3434, 178, 316, 1, '2018-03-19', '09:03:31', 16, '2018-03-21', '10:44:43', 16, 1),
(3435, 178, 317, 1, '2018-03-19', '09:03:31', 16, '2018-03-21', '10:44:43', 16, 1),
(3436, 178, 318, 1, '2018-03-19', '09:03:31', 16, '2018-03-21', '10:44:43', 16, 1),
(3437, 178, 402, 1, '2018-03-19', '09:03:31', 16, '2018-03-21', '10:44:43', 16, 1),
(3438, 178, 403, 1, '2018-03-19', '09:03:31', 16, '2018-03-21', '10:44:43', 16, 1),
(3439, 178, 405, 1, '2018-03-19', '09:03:31', 16, '2018-03-21', '10:44:43', 16, 1),
(3440, 178, 406, 0, '2018-03-19', '09:03:31', 16, '2018-03-21', '10:44:43', 16, 1),
(3441, 178, 407, 1, '2018-03-19', '09:03:31', 16, '2018-03-21', '10:44:43', 16, 1),
(3442, 178, 408, 0, '2018-03-19', '09:03:31', 16, '2018-03-21', '10:44:43', 16, 1),
(3443, 178, 409, 1, '2018-03-19', '09:03:31', 16, '2018-03-21', '10:44:43', 16, 1),
(3444, 178, 424, 1, '2018-03-19', '09:03:31', 16, '2018-03-21', '10:44:43', 16, 1),
(3445, 178, 426, 0, '2018-03-19', '09:03:31', 16, '2018-03-21', '10:44:43', 16, 1),
(3446, 178, 430, 1, '2018-03-19', '09:03:31', 16, '2018-03-21', '10:44:43', 16, 1),
(3447, 178, 431, 1, '2018-03-19', '09:03:31', 16, '2018-03-21', '10:44:43', 16, 1),
(3448, 178, 440, 1, '2018-03-19', '09:03:31', 16, '2018-03-21', '10:44:43', 16, 1),
(3449, 178, 441, 1, '2018-03-19', '09:03:31', 16, '2018-03-21', '10:44:43', 16, 1),
(3450, 178, 448, 1, '2018-03-19', '09:03:31', 16, '2018-03-21', '10:44:43', 16, 1),
(3451, 178, 450, 1, '2018-03-19', '09:03:31', 16, '2018-03-21', '10:44:43', 16, 1),
(3452, 178, 451, 1, '2018-03-19', '09:03:31', 16, '2018-03-21', '10:44:43', 16, 1),
(3453, 178, 452, 1, '2018-03-19', '09:03:31', 16, '2018-03-21', '10:44:43', 16, 1),
(3454, 178, 453, 1, '2018-03-19', '09:03:31', 16, '2018-03-21', '10:44:43', 16, 1),
(3455, 178, 454, 1, '2018-03-19', '09:03:31', 16, '2018-03-21', '10:44:43', 16, 1),
(3456, 178, 455, 1, '2018-03-19', '09:03:31', 16, '2018-03-21', '10:44:43', 16, 1),
(3457, 178, 456, 1, '2018-03-19', '09:03:31', 16, '2018-03-21', '10:44:43', 16, 1),
(3458, 178, 457, 1, '2018-03-19', '09:03:31', 16, '2018-03-21', '10:44:43', 16, 1),
(3459, 178, 458, 1, '2018-03-19', '09:03:31', 16, '2018-03-21', '10:44:43', 16, 1),
(3460, 178, 459, 1, '2018-03-19', '09:03:31', 16, '2018-03-21', '10:44:43', 16, 1),
(3461, 178, 460, 1, '2018-03-19', '09:03:31', 16, '2018-03-21', '10:44:43', 16, 1),
(3462, 178, 461, 1, '2018-03-19', '09:03:31', 16, '2018-03-21', '10:44:43', 16, 1),
(3463, 178, 462, 1, '2018-03-19', '09:03:31', 16, '2018-03-21', '10:44:43', 16, 1),
(3464, 178, 463, 1, '2018-03-19', '09:03:31', 16, '2018-03-21', '10:44:43', 16, 1),
(3465, 178, 464, 1, '2018-03-19', '09:03:31', 16, '2018-03-21', '10:44:43', 16, 1),
(3466, 178, 465, 1, '2018-03-19', '09:03:31', 16, '2018-03-21', '10:44:43', 16, 1),
(3467, 178, 466, 1, '2018-03-19', '09:03:31', 16, '2018-03-21', '10:44:43', 16, 1),
(3468, 178, 467, 1, '2018-03-19', '09:03:31', 16, '2018-03-21', '10:44:43', 16, 1),
(3469, 178, 468, 1, '2018-03-19', '09:03:31', 16, '2018-03-21', '10:44:43', 16, 1),
(3470, 178, 469, 1, '2018-03-19', '09:03:31', 16, '2018-03-21', '10:44:43', 16, 1),
(3471, 178, 470, 1, '2018-03-19', '09:03:31', 16, '2018-03-21', '10:44:43', 16, 1),
(3472, 178, 472, 1, '2018-03-19', '09:03:31', 16, '2018-03-21', '10:44:43', 16, 1),
(3473, 178, 473, 1, '2018-03-19', '09:03:31', 16, '2018-03-21', '10:44:43', 16, 1),
(3474, 178, 474, 1, '2018-03-19', '09:03:31', 16, '2018-03-21', '10:44:43', 16, 1),
(3475, 178, 475, 1, '2018-03-19', '09:03:31', 16, '2018-03-21', '10:44:43', 16, 1),
(3476, 178, 477, 1, '2018-03-19', '09:03:31', 16, '2018-03-21', '10:44:43', 16, 1),
(3477, 178, 478, 1, '2018-03-19', '09:03:31', 16, '2018-03-21', '10:44:43', 16, 1),
(3478, 178, 479, 1, '2018-03-19', '09:03:31', 16, '2018-03-21', '10:44:43', 16, 1),
(3479, 178, 480, 1, '2018-03-19', '09:03:31', 16, '2018-03-21', '10:44:43', 16, 1),
(3480, 178, 498, 0, '2018-03-19', '09:03:31', 16, '2018-03-21', '10:44:43', 16, 1),
(3481, 178, 499, 0, '2018-03-19', '09:03:31', 16, '2018-03-21', '10:44:43', 16, 1),
(3482, 178, 500, 0, '2018-03-19', '09:03:31', 16, '2018-03-21', '10:44:43', 16, 1),
(3483, 178, 501, 0, '2018-03-19', '09:03:31', 16, '2018-03-21', '10:44:43', 16, 1),
(3484, 178, 502, 0, '2018-03-19', '09:03:31', 16, '2018-03-21', '10:44:43', 16, 1),
(3485, 178, 508, 1, '2018-03-19', '09:03:31', 16, '2018-03-21', '10:44:43', 16, 1),
(3486, 178, 509, 1, '2018-03-19', '09:03:31', 16, '2018-03-21', '10:44:43', 16, 1),
(3487, 178, 510, 1, '2018-03-19', '09:03:31', 16, '2018-03-21', '10:44:43', 16, 1),
(3488, 178, 511, 1, '2018-03-19', '09:03:31', 16, '2018-03-21', '10:44:43', 16, 1),
(3489, 178, 512, 1, '2018-03-19', '09:03:31', 16, '2018-03-21', '10:44:43', 16, 1),
(3490, 178, 575, 0, '2018-03-19', '09:03:31', 16, '2018-03-21', '10:44:43', 16, 1),
(3491, 178, 576, 0, '2018-03-19', '09:03:31', 16, '2018-03-21', '10:44:43', 16, 1),
(3492, 178, 577, 0, '2018-03-19', '09:03:31', 16, '2018-03-21', '10:44:43', 16, 1),
(3493, 178, 578, 1, '2018-03-19', '09:03:31', 16, '2018-03-21', '10:44:43', 16, 1),
(3494, 178, 579, 1, '2018-03-19', '09:03:31', 16, '2018-03-21', '10:44:43', 16, 1),
(3495, 178, 580, 1, '2018-03-19', '09:03:31', 16, '2018-03-21', '10:44:43', 16, 1),
(3496, 178, 581, 1, '2018-03-19', '09:03:31', 16, '2018-03-21', '10:44:43', 16, 1),
(3497, 178, 582, 1, '2018-03-19', '09:03:31', 16, '2018-03-21', '10:44:43', 16, 1),
(3498, 178, 583, 1, '2018-03-19', '09:03:31', 16, '2018-03-21', '10:44:43', 16, 1),
(3499, 179, 236, 1, '2018-03-19', '09:03:53', 16, '2018-03-21', '10:44:32', 16, 1),
(3500, 179, 237, 1, '2018-03-19', '09:03:53', 16, '2018-03-21', '10:44:32', 16, 1),
(3501, 179, 239, 1, '2018-03-19', '09:03:53', 16, '2018-03-21', '10:44:32', 16, 1),
(3502, 179, 240, 1, '2018-03-19', '09:03:53', 16, '2018-03-21', '10:44:32', 16, 1),
(3503, 179, 241, 0, '2018-03-19', '09:03:53', 16, '2018-03-21', '10:44:32', 16, 1),
(3504, 179, 243, 0, '2018-03-19', '09:03:53', 16, '2018-03-21', '10:44:32', 16, 1),
(3505, 179, 244, 0, '2018-03-19', '09:03:53', 16, '2018-03-21', '10:44:32', 16, 1),
(3506, 179, 245, 0, '2018-03-19', '09:03:53', 16, '2018-03-21', '10:44:32', 16, 1),
(3507, 179, 246, 1, '2018-03-19', '09:03:53', 16, '2018-03-21', '10:44:32', 16, 1),
(3508, 179, 247, 1, '2018-03-19', '09:03:53', 16, '2018-03-21', '10:44:32', 16, 1),
(3509, 179, 248, 1, '2018-03-19', '09:03:53', 16, '2018-03-21', '10:44:32', 16, 1),
(3510, 179, 249, 1, '2018-03-19', '09:03:53', 16, '2018-03-21', '10:44:32', 16, 1),
(3511, 179, 250, 1, '2018-03-19', '09:03:53', 16, '2018-03-21', '10:44:32', 16, 1),
(3512, 179, 251, 1, '2018-03-19', '09:03:53', 16, '2018-03-21', '10:44:32', 16, 1),
(3513, 179, 252, 1, '2018-03-19', '09:03:53', 16, '2018-03-21', '10:44:32', 16, 1),
(3514, 179, 258, 1, '2018-03-19', '09:03:53', 16, '2018-03-21', '10:44:32', 16, 1),
(3515, 179, 259, 1, '2018-03-19', '09:03:53', 16, '2018-03-21', '10:44:32', 16, 1),
(3516, 179, 260, 1, '2018-03-19', '09:03:53', 16, '2018-03-21', '10:44:32', 16, 1),
(3517, 179, 261, 1, '2018-03-19', '09:03:53', 16, '2018-03-21', '10:44:32', 16, 1),
(3518, 179, 262, 1, '2018-03-19', '09:03:53', 16, '2018-03-21', '10:44:32', 16, 1),
(3519, 179, 263, 1, '2018-03-19', '09:03:53', 16, '2018-03-21', '10:44:32', 16, 1),
(3520, 179, 264, 1, '2018-03-19', '09:03:53', 16, '2018-03-21', '10:44:32', 16, 1),
(3521, 179, 265, 1, '2018-03-19', '09:03:53', 16, '2018-03-21', '10:44:32', 16, 1),
(3522, 179, 266, 1, '2018-03-19', '09:03:53', 16, '2018-03-21', '10:44:32', 16, 1),
(3523, 179, 267, 1, '2018-03-19', '09:03:53', 16, '2018-03-21', '10:44:32', 16, 1),
(3524, 179, 268, 1, '2018-03-19', '09:03:53', 16, '2018-03-21', '10:44:32', 16, 1),
(3525, 179, 269, 1, '2018-03-19', '09:03:53', 16, '2018-03-21', '10:44:32', 16, 1),
(3526, 179, 270, 1, '2018-03-19', '09:03:53', 16, '2018-03-21', '10:44:32', 16, 1),
(3527, 179, 271, 1, '2018-03-19', '09:03:53', 16, '2018-03-21', '10:44:32', 16, 1),
(3528, 179, 272, 1, '2018-03-19', '09:03:53', 16, '2018-03-21', '10:44:32', 16, 1),
(3529, 179, 273, 0, '2018-03-19', '09:03:53', 16, '2018-03-21', '10:44:32', 16, 1),
(3530, 179, 274, 0, '2018-03-19', '09:03:53', 16, '2018-03-21', '10:44:32', 16, 1),
(3531, 179, 275, 0, '2018-03-19', '09:03:53', 16, '2018-03-21', '10:44:32', 16, 1),
(3532, 179, 276, 0, '2018-03-19', '09:03:53', 16, '2018-03-21', '10:44:32', 16, 1),
(3533, 179, 277, 0, '2018-03-19', '09:03:53', 16, '2018-03-21', '10:44:32', 16, 1),
(3534, 179, 283, 1, '2018-03-19', '09:03:53', 16, '2018-03-21', '10:44:32', 16, 1),
(3535, 179, 284, 1, '2018-03-19', '09:03:53', 16, '2018-03-21', '10:44:32', 16, 1),
(3536, 179, 285, 1, '2018-03-19', '09:03:53', 16, '2018-03-21', '10:44:32', 16, 1),
(3537, 179, 286, 1, '2018-03-19', '09:03:53', 16, '2018-03-21', '10:44:32', 16, 1),
(3538, 179, 287, 1, '2018-03-19', '09:03:53', 16, '2018-03-21', '10:44:32', 16, 1),
(3539, 179, 288, 1, '2018-03-19', '09:03:53', 16, '2018-03-21', '10:44:32', 16, 1),
(3540, 179, 289, 1, '2018-03-19', '09:03:53', 16, '2018-03-21', '10:44:32', 16, 1),
(3541, 179, 290, 1, '2018-03-19', '09:03:53', 16, '2018-03-21', '10:44:32', 16, 1),
(3542, 179, 291, 1, '2018-03-19', '09:03:53', 16, '2018-03-21', '10:44:32', 16, 1),
(3543, 179, 292, 1, '2018-03-19', '09:03:53', 16, '2018-03-21', '10:44:32', 16, 1),
(3544, 179, 293, 1, '2018-03-19', '09:03:53', 16, '2018-03-21', '10:44:32', 16, 1),
(3545, 179, 294, 1, '2018-03-19', '09:03:53', 16, '2018-03-21', '10:44:32', 16, 1),
(3546, 179, 295, 1, '2018-03-19', '09:03:53', 16, '2018-03-21', '10:44:32', 16, 1),
(3547, 179, 296, 1, '2018-03-19', '09:03:53', 16, '2018-03-21', '10:44:32', 16, 1),
(3548, 179, 297, 1, '2018-03-19', '09:03:53', 16, '2018-03-21', '10:44:32', 16, 1),
(3549, 179, 298, 1, '2018-03-19', '09:03:53', 16, '2018-03-21', '10:44:32', 16, 1),
(3550, 179, 299, 1, '2018-03-19', '09:03:53', 16, '2018-03-21', '10:44:32', 16, 1),
(3551, 179, 300, 1, '2018-03-19', '09:03:53', 16, '2018-03-21', '10:44:32', 16, 1),
(3552, 179, 301, 1, '2018-03-19', '09:03:53', 16, '2018-03-21', '10:44:32', 16, 1),
(3553, 179, 302, 1, '2018-03-19', '09:03:53', 16, '2018-03-21', '10:44:32', 16, 1),
(3554, 179, 303, 1, '2018-03-19', '09:03:53', 16, '2018-03-21', '10:44:32', 16, 1),
(3555, 179, 304, 1, '2018-03-19', '09:03:53', 16, '2018-03-21', '10:44:32', 16, 1),
(3556, 179, 305, 1, '2018-03-19', '09:03:53', 16, '2018-03-21', '10:44:32', 16, 1),
(3557, 179, 306, 1, '2018-03-19', '09:03:53', 16, '2018-03-21', '10:44:32', 16, 1),
(3558, 179, 307, 1, '2018-03-19', '09:03:53', 16, '2018-03-21', '10:44:32', 16, 1),
(3559, 179, 308, 1, '2018-03-19', '09:03:53', 16, '2018-03-21', '10:44:32', 16, 1),
(3560, 179, 309, 1, '2018-03-19', '09:03:53', 16, '2018-03-21', '10:44:32', 16, 1),
(3561, 179, 310, 1, '2018-03-19', '09:03:53', 16, '2018-03-21', '10:44:32', 16, 1),
(3562, 179, 311, 1, '2018-03-19', '09:03:53', 16, '2018-03-21', '10:44:32', 16, 1),
(3563, 179, 312, 1, '2018-03-19', '09:03:53', 16, '2018-03-21', '10:44:32', 16, 1),
(3564, 179, 313, 1, '2018-03-19', '09:03:53', 16, '2018-03-21', '10:44:32', 16, 1),
(3565, 179, 314, 1, '2018-03-19', '09:03:53', 16, '2018-03-21', '10:44:32', 16, 1),
(3566, 179, 315, 1, '2018-03-19', '09:03:53', 16, '2018-03-21', '10:44:32', 16, 1),
(3567, 179, 316, 1, '2018-03-19', '09:03:53', 16, '2018-03-21', '10:44:32', 16, 1),
(3568, 179, 317, 1, '2018-03-19', '09:03:53', 16, '2018-03-21', '10:44:32', 16, 1),
(3569, 179, 318, 1, '2018-03-19', '09:03:53', 16, '2018-03-21', '10:44:32', 16, 1),
(3570, 179, 402, 1, '2018-03-19', '09:03:53', 16, '2018-03-21', '10:44:32', 16, 1),
(3571, 179, 403, 1, '2018-03-19', '09:03:53', 16, '2018-03-21', '10:44:32', 16, 1),
(3572, 179, 405, 1, '2018-03-19', '09:03:53', 16, '2018-03-21', '10:44:32', 16, 1),
(3573, 179, 406, 0, '2018-03-19', '09:03:53', 16, '2018-03-21', '10:44:32', 16, 1),
(3574, 179, 407, 1, '2018-03-19', '09:03:53', 16, '2018-03-21', '10:44:32', 16, 1),
(3575, 179, 408, 0, '2018-03-19', '09:03:53', 16, '2018-03-21', '10:44:32', 16, 1),
(3576, 179, 409, 1, '2018-03-19', '09:03:53', 16, '2018-03-21', '10:44:32', 16, 1),
(3577, 179, 424, 1, '2018-03-19', '09:03:53', 16, '2018-03-21', '10:44:32', 16, 1),
(3578, 179, 426, 0, '2018-03-19', '09:03:53', 16, '2018-03-21', '10:44:32', 16, 1),
(3579, 179, 430, 1, '2018-03-19', '09:03:53', 16, '2018-03-21', '10:44:32', 16, 1),
(3580, 179, 431, 1, '2018-03-19', '09:03:53', 16, '2018-03-21', '10:44:32', 16, 1),
(3581, 179, 440, 1, '2018-03-19', '09:03:53', 16, '2018-03-21', '10:44:32', 16, 1),
(3582, 179, 441, 1, '2018-03-19', '09:03:53', 16, '2018-03-21', '10:44:32', 16, 1),
(3583, 179, 448, 1, '2018-03-19', '09:03:53', 16, '2018-03-21', '10:44:32', 16, 1),
(3584, 179, 450, 1, '2018-03-19', '09:03:53', 16, '2018-03-21', '10:44:32', 16, 1),
(3585, 179, 451, 1, '2018-03-19', '09:03:53', 16, '2018-03-21', '10:44:32', 16, 1),
(3586, 179, 452, 1, '2018-03-19', '09:03:53', 16, '2018-03-21', '10:44:32', 16, 1),
(3587, 179, 453, 1, '2018-03-19', '09:03:53', 16, '2018-03-21', '10:44:32', 16, 1),
(3588, 179, 454, 1, '2018-03-19', '09:03:53', 16, '2018-03-21', '10:44:32', 16, 1),
(3589, 179, 455, 1, '2018-03-19', '09:03:53', 16, '2018-03-21', '10:44:32', 16, 1),
(3590, 179, 456, 1, '2018-03-19', '09:03:53', 16, '2018-03-21', '10:44:32', 16, 1),
(3591, 179, 457, 1, '2018-03-19', '09:03:53', 16, '2018-03-21', '10:44:32', 16, 1),
(3592, 179, 458, 1, '2018-03-19', '09:03:53', 16, '2018-03-21', '10:44:32', 16, 1),
(3593, 179, 459, 1, '2018-03-19', '09:03:53', 16, '2018-03-21', '10:44:32', 16, 1),
(3594, 179, 460, 1, '2018-03-19', '09:03:53', 16, '2018-03-21', '10:44:32', 16, 1),
(3595, 179, 461, 1, '2018-03-19', '09:03:53', 16, '2018-03-21', '10:44:32', 16, 1),
(3596, 179, 462, 1, '2018-03-19', '09:03:53', 16, '2018-03-21', '10:44:32', 16, 1),
(3597, 179, 463, 1, '2018-03-19', '09:03:53', 16, '2018-03-21', '10:44:32', 16, 1),
(3598, 179, 464, 1, '2018-03-19', '09:03:53', 16, '2018-03-21', '10:44:32', 16, 1),
(3599, 179, 465, 1, '2018-03-19', '09:03:53', 16, '2018-03-21', '10:44:32', 16, 1),
(3600, 179, 466, 1, '2018-03-19', '09:03:53', 16, '2018-03-21', '10:44:32', 16, 1),
(3601, 179, 467, 1, '2018-03-19', '09:03:53', 16, '2018-03-21', '10:44:32', 16, 1),
(3602, 179, 468, 1, '2018-03-19', '09:03:53', 16, '2018-03-21', '10:44:32', 16, 1),
(3603, 179, 469, 1, '2018-03-19', '09:03:53', 16, '2018-03-21', '10:44:32', 16, 1),
(3604, 179, 470, 1, '2018-03-19', '09:03:53', 16, '2018-03-21', '10:44:32', 16, 1),
(3605, 179, 472, 1, '2018-03-19', '09:03:53', 16, '2018-03-21', '10:44:32', 16, 1),
(3606, 179, 473, 1, '2018-03-19', '09:03:53', 16, '2018-03-21', '10:44:32', 16, 1),
(3607, 179, 474, 1, '2018-03-19', '09:03:53', 16, '2018-03-21', '10:44:32', 16, 1),
(3608, 179, 475, 1, '2018-03-19', '09:03:53', 16, '2018-03-21', '10:44:32', 16, 1),
(3609, 179, 477, 1, '2018-03-19', '09:03:53', 16, '2018-03-21', '10:44:32', 16, 1),
(3610, 179, 478, 1, '2018-03-19', '09:03:53', 16, '2018-03-21', '10:44:32', 16, 1),
(3611, 179, 479, 1, '2018-03-19', '09:03:53', 16, '2018-03-21', '10:44:32', 16, 1),
(3612, 179, 480, 1, '2018-03-19', '09:03:53', 16, '2018-03-21', '10:44:32', 16, 1),
(3613, 179, 498, 0, '2018-03-19', '09:03:53', 16, '2018-03-21', '10:44:32', 16, 1),
(3614, 179, 499, 0, '2018-03-19', '09:03:53', 16, '2018-03-21', '10:44:32', 16, 1),
(3615, 179, 500, 0, '2018-03-19', '09:03:53', 16, '2018-03-21', '10:44:32', 16, 1),
(3616, 179, 501, 0, '2018-03-19', '09:03:53', 16, '2018-03-21', '10:44:32', 16, 1),
(3617, 179, 502, 0, '2018-03-19', '09:03:53', 16, '2018-03-21', '10:44:32', 16, 1),
(3618, 179, 508, 1, '2018-03-19', '09:03:53', 16, '2018-03-21', '10:44:32', 16, 1),
(3619, 179, 509, 1, '2018-03-19', '09:03:53', 16, '2018-03-21', '10:44:32', 16, 1),
(3620, 179, 510, 1, '2018-03-19', '09:03:53', 16, '2018-03-21', '10:44:32', 16, 1),
(3621, 179, 511, 1, '2018-03-19', '09:03:53', 16, '2018-03-21', '10:44:32', 16, 1),
(3622, 179, 512, 1, '2018-03-19', '09:03:53', 16, '2018-03-21', '10:44:32', 16, 1),
(3623, 179, 575, 0, '2018-03-19', '09:03:53', 16, '2018-03-21', '10:44:32', 16, 1),
(3624, 179, 576, 0, '2018-03-19', '09:03:53', 16, '2018-03-21', '10:44:32', 16, 1),
(3625, 179, 577, 0, '2018-03-19', '09:03:53', 16, '2018-03-21', '10:44:32', 16, 1),
(3626, 179, 578, 1, '2018-03-19', '09:03:53', 16, '2018-03-21', '10:44:32', 16, 1),
(3627, 179, 579, 1, '2018-03-19', '09:03:53', 16, '2018-03-21', '10:44:32', 16, 1),
(3628, 179, 580, 1, '2018-03-19', '09:03:53', 16, '2018-03-21', '10:44:32', 16, 1),
(3629, 179, 581, 1, '2018-03-19', '09:03:53', 16, '2018-03-21', '10:44:32', 16, 1),
(3630, 179, 582, 1, '2018-03-19', '09:03:53', 16, '2018-03-21', '10:44:32', 16, 1),
(3631, 179, 583, 1, '2018-03-19', '09:03:53', 16, '2018-03-21', '10:44:32', 16, 1),
(3632, 177, 236, 1, '2018-03-21', '15:35:57', 1, '2018-03-21', '15:35:57', 1, 1),
(3633, 177, 314, 1, '2018-03-21', '15:35:57', 1, '2018-03-21', '15:35:57', 1, 1),
(3634, 177, 450, 1, '2018-03-21', '15:35:57', 1, '2018-03-21', '15:35:57', 1, 1),
(3635, 177, 313, 1, '2018-03-21', '15:35:57', 1, '2018-03-21', '15:35:57', 1, 1),
(3636, 177, 448, 1, '2018-03-21', '15:35:57', 1, '2018-03-21', '15:35:57', 1, 1),
(3637, 177, 311, 1, '2018-03-21', '15:35:57', 1, '2018-03-21', '15:35:57', 1, 1),
(3638, 177, 431, 1, '2018-03-21', '15:35:57', 1, '2018-03-21', '15:35:57', 1, 1),
(3639, 177, 430, 1, '2018-03-21', '15:35:57', 1, '2018-03-21', '15:35:57', 1, 1),
(3640, 177, 312, 1, '2018-03-21', '15:35:57', 1, '2018-03-21', '15:35:57', 1, 1),
(3641, 177, 310, 1, '2018-03-21', '15:35:57', 1, '2018-03-21', '15:35:57', 1, 1),
(3642, 177, 318, 1, '2018-03-21', '15:35:57', 1, '2018-03-21', '15:35:57', 1, 1),
(3643, 177, 317, 1, '2018-03-21', '15:35:57', 1, '2018-03-21', '15:35:57', 1, 1),
(3644, 177, 316, 1, '2018-03-21', '15:35:57', 1, '2018-03-21', '15:35:57', 1, 1),
(3645, 177, 315, 1, '2018-03-21', '15:35:57', 1, '2018-03-21', '15:35:57', 1, 1),
(3646, 177, 440, 1, '2018-03-21', '15:35:57', 1, '2018-03-21', '15:35:57', 1, 1),
(3647, 177, 441, 1, '2018-03-21', '15:35:57', 1, '2018-03-21', '15:35:57', 1, 1),
(3648, 177, 451, 1, '2018-03-21', '15:35:57', 1, '2018-03-21', '15:35:57', 1, 1),
(3649, 177, 455, 1, '2018-03-21', '15:35:57', 1, '2018-03-21', '15:35:57', 1, 1),
(3650, 177, 454, 1, '2018-03-21', '15:35:57', 1, '2018-03-21', '15:35:57', 1, 1),
(3651, 177, 453, 1, '2018-03-21', '15:35:57', 1, '2018-03-21', '15:35:57', 1, 1),
(3652, 177, 452, 1, '2018-03-21', '15:35:57', 1, '2018-03-21', '15:35:57', 1, 1),
(3653, 177, 456, 1, '2018-03-21', '15:35:57', 1, '2018-03-21', '15:35:57', 1, 1),
(3654, 177, 457, 1, '2018-03-21', '15:35:57', 1, '2018-03-21', '15:35:57', 1, 1),
(3655, 177, 462, 1, '2018-03-21', '15:35:57', 1, '2018-03-21', '15:35:57', 1, 1),
(3656, 177, 461, 1, '2018-03-21', '15:35:57', 1, '2018-03-21', '15:35:57', 1, 1),
(3657, 177, 460, 1, '2018-03-21', '15:35:57', 1, '2018-03-21', '15:35:57', 1, 1),
(3658, 177, 459, 1, '2018-03-21', '15:35:57', 1, '2018-03-21', '15:35:57', 1, 1),
(3659, 177, 458, 1, '2018-03-21', '15:35:57', 1, '2018-03-21', '15:35:57', 1, 1),
(3660, 177, 424, 1, '2018-03-21', '15:35:57', 1, '2018-03-21', '15:35:57', 1, 1),
(3661, 177, 403, 1, '2018-03-21', '15:35:57', 1, '2018-03-21', '15:35:57', 1, 1),
(3662, 177, 409, 1, '2018-03-21', '15:35:57', 1, '2018-03-21', '15:35:57', 1, 1),
(3663, 177, 407, 1, '2018-03-21', '15:35:57', 1, '2018-03-21', '15:35:57', 1, 1),
(3664, 177, 405, 1, '2018-03-21', '15:35:57', 1, '2018-03-21', '15:35:57', 1, 1),
(3665, 177, 247, 1, '2018-03-21', '15:35:57', 1, '2018-03-21', '15:35:57', 1, 1),
(3666, 177, 307, 1, '2018-03-21', '15:35:57', 1, '2018-03-21', '15:35:57', 1, 1),
(3667, 177, 306, 1, '2018-03-21', '15:35:57', 1, '2018-03-21', '15:35:57', 1, 1),
(3668, 177, 305, 1, '2018-03-21', '15:35:57', 1, '2018-03-21', '15:35:57', 1, 1),
(3669, 177, 304, 1, '2018-03-21', '15:35:57', 1, '2018-03-21', '15:35:57', 1, 1),
(3670, 177, 303, 1, '2018-03-21', '15:35:57', 1, '2018-03-21', '15:35:57', 1, 1),
(3671, 177, 240, 1, '2018-03-21', '15:35:57', 1, '2018-03-21', '15:35:57', 1, 1),
(3672, 177, 271, 1, '2018-03-21', '15:35:57', 1, '2018-03-21', '15:35:57', 1, 1),
(3673, 177, 270, 1, '2018-03-21', '15:35:57', 1, '2018-03-21', '15:35:57', 1, 1),
(3674, 177, 269, 1, '2018-03-21', '15:35:57', 1, '2018-03-21', '15:35:57', 1, 1),
(3675, 177, 268, 1, '2018-03-21', '15:35:57', 1, '2018-03-21', '15:35:57', 1, 1),
(3676, 177, 402, 1, '2018-03-21', '15:35:57', 1, '2018-03-21', '15:35:57', 1, 1),
(3677, 177, 309, 1, '2018-03-21', '15:35:57', 1, '2018-03-21', '15:35:57', 1, 1),
(3678, 177, 308, 1, '2018-03-21', '15:35:57', 1, '2018-03-21', '15:35:57', 1, 1),
(3679, 177, 272, 1, '2018-03-21', '15:35:57', 1, '2018-03-21', '15:35:57', 1, 1),
(3680, 177, 237, 1, '2018-03-21', '15:35:57', 1, '2018-03-21', '15:35:57', 1, 1),
(3681, 177, 262, 1, '2018-03-21', '15:35:57', 1, '2018-03-21', '15:35:57', 1, 1),
(3682, 177, 261, 1, '2018-03-21', '15:35:57', 1, '2018-03-21', '15:35:57', 1, 1),
(3683, 177, 260, 1, '2018-03-21', '15:35:57', 1, '2018-03-21', '15:35:57', 1, 1),
(3684, 177, 259, 1, '2018-03-21', '15:35:57', 1, '2018-03-21', '15:35:57', 1, 1),
(3685, 177, 258, 1, '2018-03-21', '15:35:57', 1, '2018-03-21', '15:35:57', 1, 1),
(3686, 177, 248, 1, '2018-03-21', '15:35:57', 1, '2018-03-21', '15:35:57', 1, 1),
(3687, 177, 249, 1, '2018-03-21', '15:35:57', 1, '2018-03-21', '15:35:57', 1, 1),
(3688, 177, 285, 1, '2018-03-21', '15:35:57', 1, '2018-03-21', '15:35:57', 1, 1),
(3689, 177, 284, 1, '2018-03-21', '15:35:57', 1, '2018-03-21', '15:35:57', 1, 1),
(3690, 177, 283, 1, '2018-03-21', '15:35:57', 1, '2018-03-21', '15:35:57', 1, 1),
(3691, 177, 287, 1, '2018-03-21', '15:35:57', 1, '2018-03-21', '15:35:57', 1, 1),
(3692, 177, 286, 1, '2018-03-21', '15:35:57', 1, '2018-03-21', '15:35:57', 1, 1),
(3693, 177, 239, 1, '2018-03-21', '15:35:57', 1, '2018-03-21', '15:35:57', 1, 1),
(3694, 177, 265, 1, '2018-03-21', '15:35:57', 1, '2018-03-21', '15:35:57', 1, 1),
(3695, 177, 264, 1, '2018-03-21', '15:35:57', 1, '2018-03-21', '15:35:57', 1, 1),
(3696, 177, 263, 1, '2018-03-21', '15:35:57', 1, '2018-03-21', '15:35:57', 1, 1),
(3697, 177, 267, 1, '2018-03-21', '15:35:57', 1, '2018-03-21', '15:35:57', 1, 1),
(3698, 177, 266, 1, '2018-03-21', '15:35:57', 1, '2018-03-21', '15:35:57', 1, 1),
(3699, 177, 250, 1, '2018-03-21', '15:35:57', 1, '2018-03-21', '15:35:57', 1, 1),
(3700, 177, 290, 1, '2018-03-21', '15:35:57', 1, '2018-03-21', '15:35:57', 1, 1),
(3701, 177, 289, 1, '2018-03-21', '15:35:57', 1, '2018-03-21', '15:35:57', 1, 1),
(3702, 177, 288, 1, '2018-03-21', '15:35:57', 1, '2018-03-21', '15:35:57', 1, 1),
(3703, 177, 292, 1, '2018-03-21', '15:35:57', 1, '2018-03-21', '15:35:57', 1, 1),
(3704, 177, 291, 1, '2018-03-21', '15:35:57', 1, '2018-03-21', '15:35:57', 1, 1),
(3705, 177, 251, 1, '2018-03-21', '15:35:57', 1, '2018-03-21', '15:35:57', 1, 1),
(3706, 177, 294, 1, '2018-03-21', '15:35:57', 1, '2018-03-21', '15:35:57', 1, 1),
(3707, 177, 293, 1, '2018-03-21', '15:35:57', 1, '2018-03-21', '15:35:57', 1, 1),
(3708, 177, 297, 1, '2018-03-21', '15:35:57', 1, '2018-03-21', '15:35:57', 1, 1),
(3709, 177, 296, 1, '2018-03-21', '15:35:57', 1, '2018-03-21', '15:35:57', 1, 1),
(3710, 177, 295, 1, '2018-03-21', '15:35:57', 1, '2018-03-21', '15:35:57', 1, 1),
(3711, 177, 252, 1, '2018-03-21', '15:35:57', 1, '2018-03-21', '15:35:57', 1, 1),
(3712, 177, 302, 1, '2018-03-21', '15:35:57', 1, '2018-03-21', '15:35:57', 1, 1),
(3713, 177, 301, 1, '2018-03-21', '15:35:57', 1, '2018-03-21', '15:35:57', 1, 1),
(3714, 177, 300, 1, '2018-03-21', '15:35:57', 1, '2018-03-21', '15:35:57', 1, 1),
(3715, 177, 299, 1, '2018-03-21', '15:35:57', 1, '2018-03-21', '15:35:57', 1, 1),
(3716, 177, 298, 1, '2018-03-21', '15:35:57', 1, '2018-03-21', '15:35:57', 1, 1),
(3717, 177, 463, 1, '2018-03-21', '15:35:57', 1, '2018-03-21', '15:35:57', 1, 1),
(3718, 177, 464, 1, '2018-03-21', '15:35:57', 1, '2018-03-21', '15:35:57', 1, 1),
(3719, 177, 465, 1, '2018-03-21', '15:35:57', 1, '2018-03-21', '15:35:57', 1, 1),
(3720, 177, 468, 1, '2018-03-21', '15:35:57', 1, '2018-03-21', '15:35:57', 1, 1),
(3721, 177, 467, 1, '2018-03-21', '15:35:57', 1, '2018-03-21', '15:35:57', 1, 1),
(3722, 177, 466, 1, '2018-03-21', '15:35:57', 1, '2018-03-21', '15:35:57', 1, 1),
(3723, 177, 469, 1, '2018-03-21', '15:35:57', 1, '2018-03-21', '15:35:57', 1, 1),
(3724, 177, 474, 1, '2018-03-21', '15:35:57', 1, '2018-03-21', '15:35:57', 1, 1),
(3725, 177, 473, 1, '2018-03-21', '15:35:57', 1, '2018-03-21', '15:35:57', 1, 1),
(3726, 177, 472, 1, '2018-03-21', '15:35:57', 1, '2018-03-21', '15:35:57', 1, 1),
(3727, 177, 470, 1, '2018-03-21', '15:35:57', 1, '2018-03-21', '15:35:57', 1, 1),
(3728, 177, 475, 1, '2018-03-21', '15:35:57', 1, '2018-03-21', '15:35:57', 1, 1),
(3729, 177, 477, 1, '2018-03-21', '15:35:57', 1, '2018-03-21', '15:35:57', 1, 1),
(3730, 177, 480, 1, '2018-03-21', '15:35:57', 1, '2018-03-21', '15:35:57', 1, 1),
(3731, 177, 479, 1, '2018-03-21', '15:35:57', 1, '2018-03-21', '15:35:57', 1, 1),
(3732, 177, 478, 1, '2018-03-21', '15:35:57', 1, '2018-03-21', '15:35:57', 1, 1),
(3733, 177, 578, 1, '2018-03-21', '15:35:57', 1, '2018-03-21', '15:35:57', 1, 1),
(3734, 177, 579, 1, '2018-03-21', '15:35:57', 1, '2018-03-21', '15:35:57', 1, 1),
(3735, 177, 583, 1, '2018-03-21', '15:35:57', 1, '2018-03-21', '15:35:57', 1, 1),
(3736, 177, 582, 1, '2018-03-21', '15:35:57', 1, '2018-03-21', '15:35:57', 1, 1),
(3737, 177, 581, 1, '2018-03-21', '15:35:57', 1, '2018-03-21', '15:35:57', 1, 1),
(3738, 177, 580, 1, '2018-03-21', '15:35:57', 1, '2018-03-21', '15:35:57', 1, 1),
(3739, 177, 508, 1, '2018-03-21', '15:35:57', 1, '2018-03-21', '15:35:57', 1, 1),
(3740, 177, 512, 1, '2018-03-21', '15:35:57', 1, '2018-03-21', '15:35:57', 1, 1),
(3741, 177, 511, 1, '2018-03-21', '15:35:57', 1, '2018-03-21', '15:35:57', 1, 1),
(3742, 177, 510, 1, '2018-03-21', '15:35:57', 1, '2018-03-21', '15:35:57', 1, 1),
(3743, 177, 509, 1, '2018-03-21', '15:35:57', 1, '2018-03-21', '15:35:57', 1, 1),
(3744, 177, 246, 1, '2018-03-21', '15:35:57', 1, '2018-03-21', '15:35:57', 1, 1);

-- --------------------------------------------------------

--
-- Estructura de tabla para la tabla `rbac_usuarios`
--

CREATE TABLE `rbac_usuarios` (
  `id` int(11) NOT NULL,
  `rol_id` int(11) NOT NULL,
  `nombreusuario` varchar(100) CHARACTER SET latin1 NOT NULL,
  `contrasena` text CHARACTER SET latin1 NOT NULL,
  `email` varchar(100) CHARACTER SET latin1 NOT NULL,
  `web` varchar(20) COLLATE utf8_spanish_ci DEFAULT NULL,
  `softwarehouse` varchar(45) CHARACTER SET utf8 DEFAULT NULL,
  `nombre` varchar(100) CHARACTER SET latin1 NOT NULL,
  `apellido` varchar(100) CHARACTER SET latin1 NOT NULL,
  `razon_social` varchar(100) COLLATE utf8_spanish_ci DEFAULT NULL,
  `address` varchar(255) COLLATE utf8_spanish_ci DEFAULT NULL,
  `estatus` smallint(6) NOT NULL DEFAULT '1',
  `dni_numero` varchar(20) CHARACTER SET latin1 NOT NULL,
  `ruc_dv` varchar(2) COLLATE utf8_spanish_ci DEFAULT NULL,
  `telf_local_tipo` int(11) DEFAULT NULL,
  `telf_local_numero` varchar(7) CHARACTER SET latin1 DEFAULT NULL,
  `principal` smallint(6) NOT NULL DEFAULT '0',
  `cambio_clave` smallint(6) DEFAULT '0',
  `registro_fecha` date NOT NULL,
  `registro_hora` time DEFAULT NULL,
  `registro_usuario_id` int(11) NOT NULL,
  `modificado_fecha` date NOT NULL,
  `modificado_hora` time DEFAULT NULL,
  `modificado_usuario_id` int(11) NOT NULL,
  `secuencia` smallint(6) NOT NULL DEFAULT '1',
  `file` varchar(40) COLLATE utf8_spanish_ci DEFAULT NULL,
  `distribuidor_id` int(11) DEFAULT NULL,
  `cod_saint` varchar(50) COLLATE utf8_spanish_ci DEFAULT NULL
) ENGINE=InnoDB DEFAULT CHARSET=utf8 COLLATE=utf8_spanish_ci;

--
-- Volcado de datos para la tabla `rbac_usuarios`
--

INSERT INTO `rbac_usuarios` (`id`, `rol_id`, `nombreusuario`, `contrasena`, `email`, `web`, `softwarehouse`, `nombre`, `apellido`, `razon_social`, `address`, `estatus`, `dni_numero`, `ruc_dv`, `telf_local_tipo`, `telf_local_numero`, `principal`, `cambio_clave`, `registro_fecha`, `registro_hora`, `registro_usuario_id`, `modificado_fecha`, `modificado_hora`, `modificado_usuario_id`, `secuencia`, `file`, `distribuidor_id`, `cod_saint`) VALUES
(4, 2, 'admin', '8d969eef6ecad3c29a3a629280e686cf0c3f5d5a86aff3ca12020c923adc6c92', 'ggomez@thefactoryhka.com', NULL, '', 'admin', 'main', 'admin', NULL, 1, '1234567890', NULL, NULL, '', 0, 0, '2015-09-04', '09:46:17', 1, '2015-09-04', '09:46:17', 1, 1, NULL, 4, NULL),
(16, 2, 'jramirez', '15e2b0d3c33891ebb0f1ef609ec419420c20e320ce94c65fbc8c3312448eb225', 'jramirez@thefactoryhka.com', NULL, '', 'Jenny', 'Ramirez', 'Jenny', NULL, 1, '12455455', NULL, 212, '1555151', 0, 0, '2015-10-29', '16:31:24', 15, '2015-10-29', '16:31:24', 15, 1, NULL, 16, NULL),
(17, 2, 'eferreira', '51503a7ba4e36eca6f91292d5e3b6de9a8cddb7abc5547bd4d987cbb4883ba73', 'eferreira@thefactoryhka.com', NULL, '', 'Efrain', 'Ferreira', 'Efrain', NULL, 1, '15455488', NULL, 212, '1554545', 0, 0, '2015-10-29', '16:37:16', 16, '2015-10-29', '16:37:16', 16, 1, NULL, 17, NULL),
(18, 2, 'jfigueira', '15e2b0d3c33891ebb0f1ef609ec419420c20e320ce94c65fbc8c3312448eb225', 'jfigueira2@thefactoryhka.com', NULL, '', 'Sergio', 'Figueira', 'Sergio Figueira', NULL, 1, '864776332', NULL, 212, '1541212', 0, 0, '2015-11-02', '14:58:31', 4, '2015-11-02', '14:58:31', 4, 1, NULL, 18, NULL),
(20, 4, 'hreggio', 'af3acc570413754e6dd9e24e488b280ab2fb79366a9a9e9b508bbff1845b6680', 'hreggio@thefactoryhka.com', NULL, '', 'Hugo', 'Reggio', 'Hugo Reggio', NULL, 1, '15455455', NULL, 212, '1541212', 0, 0, '2015-11-03', '14:58:59', 4, '2015-11-03', '14:58:59', 4, 1, NULL, 20, NULL),
(26, 4, 'oavendano', '75e8d5e5e26d33de4753124c5281597fd68b8730764675afb748883663df967a', 'oavendano@thefactoryhka.com', NULL, '', 'Omar', 'Avendano', 'OMa Avendano', '', 1, '123654000', '0', NULL, '', 0, 0, '2015-11-30', '16:35:33', 16, '2015-11-30', '16:35:33', 16, 1, NULL, 26, NULL),
(69, 4, 'rmatos', 'a46629b1f1e6c5c6809931489d125e6d803ba1a3ad59841abdb139c6fa784fce', 'rmatos@thefactoryhka.com', NULL, '', 'Ricardo', 'Matos', 'RicardoMatos', NULL, 1, '1245789865', NULL, NULL, '', 0, 0, '2016-02-18', '10:08:26', 4, '2016-02-18', '10:08:26', 4, 1, NULL, 69, NULL),
(104, 3, 'fullgestion', '14ca0b50ce6d0e8556dcf37ceddeec7dbbaef73e6450ac9eb719abd991d74ff2', 'info@fullgestionpanama.com', NULL, '', 'Jose', 'Pachano', 'FULLGESTION S.A', '', 1, '17749531700722', '74', NULL, '', 0, 0, '2016-06-09', '13:23:52', 17, '2016-06-09', '13:23:52', 17, 1, NULL, 104, '125'),
(105, 8, 'jlpp', '14ca0b50ce6d0e8556dcf37ceddeec7dbbaef73e6450ac9eb719abd991d74ff2', 'jlpachano@yahoo.com', NULL, '', 'Jose', 'Pachano', 'Jose Pachano', NULL, 1, '056666227', NULL, 69419090, '3998013', 0, 0, '2016-06-09', '16:24:37', 104, '2016-06-09', '16:24:37', 104, 1, NULL, 104, NULL),
(106, 8, 'marygabyr', '207045be31b6124372e55950f1277ac81b18e332d605a52ee68e1c252ac0b4a7', 'marygabyr@hotmail.com', NULL, '', 'Maria', 'Rodriguez', 'Maria Rodriguez', NULL, 1, '106698136', NULL, 65283509, '3998013', 0, 0, '2016-06-09', '16:31:52', 104, '2016-06-09', '16:31:52', 104, 1, NULL, 104, NULL),
(107, 8, 'damars', '8d969eef6ecad3c29a3a629280e686cf0c3f5d5a86aff3ca12020c923adc6c92', 'info@damars.net', NULL, '', 'Emizael', 'Perez', 'Emizael Perez', NULL, 1, '075566762', NULL, 61432778, '3998013', 0, 0, '2016-06-09', '16:42:54', 104, '2016-06-09', '16:42:54', 104, 1, NULL, 104, NULL),
(108, 8, 'mpachano', '22093744945cd435e1a73da78faa0b2a42a9f3dce1ed5799401b5bac5a6631b3', 'operaciones@fullgestionpanama.com', NULL, '', 'Melany', 'Pachano', 'Melany Pachano', NULL, 1, '057035080', NULL, 62498284, '3998013', 0, 0, '2016-06-09', '16:53:35', 104, '2016-06-09', '16:53:35', 104, 1, NULL, 104, NULL),
(109, 8, 'wilfredo', '2055b99f58ea05abf43392206a3880d257007669aab37806c86050a43176671a', 'wuribe@setpanama.net', NULL, '', 'Wilfredo', 'Uribe', 'Wilfredo Uribe', NULL, 1, '972268', NULL, 69825956, '3998013', 0, 0, '2016-06-09', '16:56:11', 104, '2016-06-09', '16:56:11', 104, 1, NULL, 104, NULL),
(110, 8, 'gustavo', '81879a1b5f5e9e99a3f4f207dfedf9a0a1296ea7df5bcfdbdb3a85005e0931d4', 'ventas@fullgestionpanama.com', NULL, '', 'Gustavo', 'Torres', 'Gustavo Torres', NULL, 1, '87322305', NULL, 62670647, '3998013', 0, 0, '2016-06-10', '15:53:35', 104, '2016-06-10', '15:53:35', 104, 1, NULL, 104, NULL),
(111, 3, 'tecnologiafiscal', '9594a29cde93a4ebc4fd83f597eddc19870143644a0044a13d4ab79e803200de', 'gerencia@tecnofiscal.com', NULL, '', 'Francisco', 'Pardo', 'TECNOLOGIA FISCAL S A', NULL, 1, '15560998622015', NULL, 67991774, '2791992', 0, 0, '2016-06-15', '16:06:16', 17, '2016-06-15', '16:06:16', 17, 1, NULL, 111, '128'),
(112, 4, 'lcabrera', '1f43010a698f2a72307b4afe5704bd899646d239cf2cfcb5b4fb1bfd4d7a6cbe', 'lcabrera@thefactoryhka.com', NULL, '', 'Luis', 'Cabrera', 'Luis Cabrera', NULL, 1, '1231233214', NULL, 2147483647, '', 0, 0, '2016-06-16', '07:43:29', 16, '2016-06-16', '07:43:29', 16, 1, NULL, 112, NULL),
(113, 3, 'josedasilva', '8d969eef6ecad3c29a3a629280e686cf0c3f5d5a86aff3ca12020c923adc6c92', 'j.dasilva@smartbillpty.com', NULL, '', 'Jose', 'Dasilva', 'SMART BILL', NULL, 1, '24073441805887DV7', NULL, 65671033, '3951602', 0, 0, '2016-06-21', '15:56:13', 112, '2016-06-21', '15:56:13', 112, 1, NULL, 113, '258'),
(114, 3, 'dacom', '723d4d25597d5e0b2b850a54e0ab02b505d46d07006192787cca0e630c4cc2a5', 'soporte@dacompanama.com', NULL, '', 'Virginia', 'Rodriguez', 'DACOM PANAMA', NULL, 1, '19826081737281DV77', NULL, NULL, '3211466', 0, 0, '2016-06-21', '16:23:23', 112, '2016-06-21', '16:23:23', 112, 1, NULL, 114, '257'),
(115, 3, 'scricca', '4888845b074446432e36f13d01cdce462fafc13cf766350a63331c7ddd6bbb3f', 'saintpanama@scricca.com.ve', NULL, '', 'BRIGGITT', 'PACHECO', 'L.A. SCRICCA ASESORES S.A.', NULL, 1, '20163361742663DV60', NULL, 66232556, '3896567', 0, 0, '2016-06-23', '09:45:06', 112, '2016-06-23', '09:45:06', 112, 1, NULL, 115, '259'),
(118, 8, 'bp', '4888845b074446432e36f13d01cdce462fafc13cf766350a63331c7ddd6bbb3f', 'lasapty@gmail.com', NULL, '', 'Briggitt', 'Pacheco', 'Briggitt Pacheco', NULL, 1, '8NT2107999DV81', NULL, 66232556, '3896567', 0, 0, '2016-06-23', '15:32:29', 115, '2016-06-23', '15:32:29', 115, 1, NULL, 115, NULL),
(119, 3, 'soportec', '9ecc5c27e0fd2c68800d15f364e65e323d7ff39d6e2d0bff1e6d3b9740f5b685', 'info@soportecpanama.com', NULL, '', 'CARLOS', 'GONZALEZ', 'SOPORTEC PANAMA', NULL, 1, '8315379', NULL, 65469848, '8367634', 0, 0, '2016-07-04', '16:00:13', 112, '2016-07-04', '16:00:13', 112, 1, NULL, 119, NULL),
(120, 8, 'olivia', 'de1a5ed3466a3f2c06da269126a8348cc2dce3be84cf555b5a49660a2e18651f', 'oliviasoportec@gmail.com', NULL, '', 'OLIVIA', 'RODRIGUEZ', 'OLIVIA RODRIGUEZ', NULL, 1, '21311004', NULL, NULL, '', 0, 0, '2016-07-05', '17:48:59', 119, '2016-07-05', '17:48:59', 119, 1, NULL, 119, NULL),
(121, 8, 'jramos', 'b5dc6c4fece0d28f2a26c627ccc8814e822a274e7f25c501be13306903788d37', 'jramos@soportecpanama.com', NULL, '', 'Jose', 'Ramos', 'Jose Ramos', NULL, 1, '130598640', NULL, 65662350, '', 0, 0, '2016-07-05', '17:51:27', 119, '2016-07-05', '17:51:27', 119, 1, NULL, 119, NULL),
(122, 8, 'enriqueo', 'bb1db9cce19c06dd2967548449889de515405218fd117adec3859b8949c69d20', 'enrique@soportecpanama.com', NULL, '', 'ENRIQUE', 'OLIVARES', 'ENRIQUE OLIVARES', NULL, 1, '055662167', NULL, 62685753, '', 0, 0, '2016-07-05', '17:54:49', 119, '2016-07-05', '17:54:49', 119, 1, NULL, 119, NULL),
(123, 8, 'avasquez', 'a5d622d014d75398427c5f06e6ea030ccd66909a80f8a4c9d0484ba8fb37b355', 'avasquez@soportecpanama.com', NULL, '', 'AURA', 'VASQUEZ', 'AURA VASQUEZ', NULL, 1, '2101234', NULL, NULL, '', 0, 0, '2016-07-05', '18:01:32', 119, '2016-07-05', '18:01:32', 119, 1, NULL, 119, NULL),
(124, 3, 'micromac', 'f4885056f3272edf49b14d0d00e372bea2e4e43a1b3b0fa420d93d15c83feb69', 'cesar_suarez@micromac.com.pa', NULL, '', 'CESAR', 'SUAREZ', 'MICROMAC S.A.', 'BETHANIA, VIA BOLIVAR Y VIA G. PATTERSON', 1, '18027571705580', '46', 69806246, '2369116', 0, 0, '2016-07-12', '11:06:10', 112, '2016-07-12', '11:06:10', 112, 1, NULL, 124, NULL),
(125, 3, 'marchasystems', '8d969eef6ecad3c29a3a629280e686cf0c3f5d5a86aff3ca12020c923adc6c92', 'administracion@marchasystems.com', NULL, '', 'ARLETTE', 'CABRERA', 'MARCHA SYSTEMS, S.A.', 'CALLE 54 ESTE CASA FRENTE AL EDIFICIO MARBELLA TOWER1', 1, '23191441732661', '0', NULL, '', 0, 0, '2016-07-12', '11:49:56', 112, '2016-07-12', '11:49:56', 112, 1, NULL, 125, NULL),
(126, 8, 'jorgecabrera', 'f3dacb33b2ce3f76920b83c41b7245b4cba14067af0657331d17ae34e2b4799b', 'jcabrera@marchasystems.com', NULL, '', 'jorge', 'cabrera', 'jorge cabrera', '', 1, '2319144179266100', '0', NULL, '', 0, 0, '2016-07-12', '12:30:43', 125, '2016-07-12', '12:30:43', 125, 1, NULL, 125, NULL),
(127, 8, 'amarchorro', '884533774c3534c66cf83b16aae0ce98c9cda0209735955c988f1292ec311670', 'amarchorro@hotmail.com', NULL, '', 'andres', 'marchorro', 'andres marchorro', '', 1, '2544627152205', '0', NULL, '', 0, 0, '2016-07-12', '12:33:14', 125, '2016-07-12', '12:33:14', 125, 1, NULL, 125, NULL),
(128, 3, 'orionmultiservices', '8d969eef6ecad3c29a3a629280e686cf0c3f5d5a86aff3ca12020c923adc6c92', 'karlavmillan@icg-panama.com', NULL, '', 'Karla', 'Millan', 'ORION MULTISERVICES S.A.', 'CALLE ELVIRA MENDEZ EDIF EL DORADO #24 PISO 2 OFIC #2 AY B', 1, '7454021478761', '28', 61127797, '2692212', 0, 0, '2016-07-12', '14:34:33', 112, '2016-07-12', '14:34:33', 112, 1, NULL, 128, NULL),
(129, 3, 'megabyte', '8d969eef6ecad3c29a3a629280e686cf0c3f5d5a86aff3ca12020c923adc6c92', 'blanca.chin@grupo-megabyte.net', NULL, '', 'Blanca', 'Chin', 'MEGABYTE CENTER', '', 1, '2885585233149', '0', 67807796, '2704444', 0, 0, '2016-07-13', '12:24:24', 112, '2016-07-13', '12:24:24', 112, 1, NULL, 129, NULL),
(130, 8, 'johan', '91559fc6a6eaec81f9c61315677d51d88900757de04f2d5f90b5732997175d7b', 'johan@micromac.com.pa', NULL, '', 'JOHAN', 'MORA', 'JOHAN MORA', '', 1, '106547939', '0', 69806247, '3960548', 0, 0, '2016-07-13', '14:21:20', 124, '2016-07-13', '14:21:20', 124, 1, NULL, 124, NULL),
(131, 8, 'ronar', 'a14a52f03b355df79d54ff766e2a61176d4b550991d1087af4216d95a3f2d1f9', 'ronar@micromac.com.pa', NULL, '', 'RONAR', 'YANEZ', 'RONAR YANEZ', '', 1, '110686772', '0', 68153193, '3960548', 0, 0, '2016-07-13', '14:23:51', 124, '2016-07-13', '14:23:51', 124, 1, NULL, 124, NULL),
(132, 3, 'hupeca', '8d969eef6ecad3c29a3a629280e686cf0c3f5d5a86aff3ca12020c923adc6c92', 'abest@hbmpanama.com', NULL, '', 'jose', 'Ariel', 'HUPECA PTY, S.A', 'PH. CENTENIAL PLAZA LOCAL 7', 1, '155623051-2-2016', '41', 64183950, '', 0, 0, '2016-07-14', '17:08:40', 112, '2016-07-14', '17:08:40', 112, 1, NULL, 132, NULL),
(133, 3, 'technologhies', '8d969eef6ecad3c29a3a629280e686cf0c3f5d5a86aff3ca12020c923adc6c92', 'max@tecservicepanama.com', NULL, '', 'maximilian', 'Kretzschmann', 'ALL IN ONE TECHNOLOGHIES', '', 1, '8NT-2-31214', '0', 68354035, '2710977', 0, 0, '2016-07-15', '12:32:08', 112, '2016-07-15', '12:32:08', 112, 1, NULL, 133, NULL),
(134, 8, 'alfredoy', '481f6cc0511143ccdd7e2d1b1b94faf0a700a8b49cd13922a70b5ae28acaa8c5', 'soporte@smartbillpty.com', NULL, '', 'ALFREDO', 'YEPEZ', 'ALFREDO YEPEZ', '', 1, 'E-8-139509', '0', 60350586, '3962317', 0, 0, '2016-07-15', '12:42:15', 113, '2016-07-15', '12:42:15', 113, 1, NULL, 113, NULL),
(135, 3, 'ayli', 'bfe555b549c1fbfd9811f0ae7744ab66877ff5166476ef7a9fcbc1471ed08ed9', 'aylisoporte@cwpanama.net', NULL, '', 'AYLI', 'AYLI', 'INVERSIONES AYLI , S.A.', 'CALLE REMON ARIAS EDIFICIO ONY B29 PLATA BAJA , EL CARMEN', 1, '32441-0052-247733', '79', NULL, '2138909', 0, 0, '2016-07-15', '14:45:23', 112, '2016-07-15', '14:45:23', 112, 1, NULL, 135, NULL),
(136, 3, 'pmsolutions', '8d263ac8bf7502043b492e8516fc089d7711aff62885c930a86c1673de4ebfde', 'ventas.inversionespm@gmail.com', NULL, '', 'Ricardo', 'Rosales', 'INVERSIONES PM SOLUTIONS S.A', '', 1, '15561172522015', '0', 62789144, '3887134', 0, 0, '2016-07-18', '10:52:36', 112, '2016-07-18', '10:52:36', 112, 1, NULL, 136, NULL),
(138, 8, 'thessie', '8d969eef6ecad3c29a3a629280e686cf0c3f5d5a86aff3ca12020c923adc6c92', 'thessie@micromac.com.pa', NULL, '', 'THESSIE', 'TAYLOR', 'THESSIE TAYLOR', '', 1, '8-812-1655', '0', NULL, '2369116', 0, 0, '2016-07-25', '18:29:38', 124, '2016-07-25', '18:29:38', 124, 1, NULL, 124, NULL),
(139, 3, 'innovacionesr2', '8d969eef6ecad3c29a3a629280e686cf0c3f5d5a86aff3ca12020c923adc6c92', 'ventas@sdtpanama.com', NULL, '', 'RONALD', 'HERNANDEZ', 'INNOVACIONES R2, S.A.', 'BETHANIA URB. LOS ANGELES, EDIF. PH CENTURY TOWER PISO 6, APTO.610', 1, '2383136-1-802452', '16', 62945113, '3945543', 0, 0, '2016-08-08', '11:16:40', 112, '2016-08-08', '11:16:40', 112, 1, NULL, 139, NULL),
(140, 8, 'ronaldh', '854f14c6d02c7536caccbba168a1f05b742e3331bb4086588e3f567744b833d5', 'ronaldh@sdtpanama.com', NULL, '', 'Ronald', 'Hernandez', 'Ronald Hernandez', '', 1, '134594831', '0', 66746821, '3945543', 0, 0, '2016-08-08', '11:46:53', 139, '2016-08-08', '11:46:53', 139, 1, NULL, 139, NULL),
(141, 8, 'vramirez', '854f14c6d02c7536caccbba168a1f05b742e3331bb4086588e3f567744b833d5', 'vramirez@sdtpanama.com', NULL, '', 'Vanessa', 'Ramirez', 'Vanessa Ramirez', '', 1, '067936061', '0', 62945113, '3945543', 0, 0, '2016-08-08', '11:58:26', 139, '2016-08-08', '11:58:26', 139, 1, NULL, 139, NULL),
(142, 8, 'jgonzalez', '854f14c6d02c7536caccbba168a1f05b742e3331bb4086588e3f567744b833d5', 'jgonzalez@sdtpanama.com', NULL, '', 'Jose', 'Gonzalez', 'Jose Gonzalez', '', 1, '117997198', '0', NULL, '3945543', 0, 0, '2016-08-08', '12:09:39', 139, '2016-08-08', '12:09:39', 139, 1, NULL, 139, NULL),
(143, 8, 'jherrera01', '8d969eef6ecad3c29a3a629280e686cf0c3f5d5a86aff3ca12020c923adc6c92', 'julio.herrera@icg-panama.com', NULL, '', 'JULIO', 'herrera', 'JULIO herrera', '', 0, '745402-1-478761', '0', NULL, '', 0, 0, '2016-08-08', '13:40:25', 128, '2016-08-08', '13:40:25', 128, 1, NULL, 128, NULL),
(144, 8, 'lhernandez', '8d969eef6ecad3c29a3a629280e686cf0c3f5d5a86aff3ca12020c923adc6c92', 'lhernandez@icg-panama.com', NULL, '', 'luis', 'hernandez', 'luis hernandez', '', 1, '8-757.1171', '0', NULL, '', 0, 0, '2016-08-09', '11:38:50', 128, '2016-08-09', '11:38:50', 128, 1, NULL, 128, NULL),
(145, 8, 'joseluisquintero', '8d969eef6ecad3c29a3a629280e686cf0c3f5d5a86aff3ca12020c923adc6c92', 'joseluis.quintero@icg-panama.com', NULL, '', 'joseluis', 'quintero', 'joseluis quintero', '', 1, '6-705-175', '0', NULL, '', 0, 0, '2016-08-09', '12:21:52', 128, '2016-08-09', '12:21:52', 128, 1, NULL, 128, NULL),
(146, 3, 'unlimited', 'e232c78862f9b699d17ef623feb36b395f17e3c9339ec4534517ddb7928a6d47', 'jmartinez@usol.net', NULL, '', 'jocelyn', 'Martinez', 'UNLIMITED SOLUTIONS', '', 1, '240282-1-401471', '71', 69989600, '2790100', 0, 0, '2016-08-12', '15:18:45', 112, '2016-08-12', '15:18:45', 112, 1, NULL, 146, NULL),
(147, 8, 'jenny', '8d969eef6ecad3c29a3a629280e686cf0c3f5d5a86aff3ca12020c923adc6c92', 'jalfaro@usol.net', NULL, '', 'Jenny', 'Alfaro', 'Jenny Alfaro', '', 1, '10-31-418', '0', NULL, '2790100', 0, 0, '2016-08-12', '15:49:48', 146, '2016-08-12', '15:49:48', 146, 1, NULL, 146, NULL),
(148, 8, 'ricardo', '8d969eef6ecad3c29a3a629280e686cf0c3f5d5a86aff3ca12020c923adc6c92', 'soporte@usol.net', NULL, '', 'Ricardo', 'Montero', 'Ricardo Montero', '', 1, 'E-8-91812', '0', NULL, '2790100', 0, 0, '2016-08-12', '15:51:53', 146, '2016-08-12', '15:51:53', 146, 1, NULL, 146, NULL),
(149, 8, 'edgar', '8d969eef6ecad3c29a3a629280e686cf0c3f5d5a86aff3ca12020c923adc6c92', 'eabrego@usol.net', NULL, '', 'Edgar', 'Abrego', 'Edgar Abrego', '', 1, '8-779-1580', '0', NULL, '2790100', 0, 0, '2016-08-12', '15:54:57', 146, '2016-08-12', '15:54:57', 146, 1, NULL, 146, NULL),
(150, 8, 'alexis', '8d969eef6ecad3c29a3a629280e686cf0c3f5d5a86aff3ca12020c923adc6c92', 'infosistemasgroup@gmail.com', NULL, '', 'Alexis', 'Hinestroza', 'Alexis Hinestroza', '', 1, '8-729-1753', '0', NULL, '2790100', 0, 0, '2016-08-17', '08:55:17', 146, '2016-08-17', '08:55:17', 146, 1, NULL, 146, NULL),
(151, 8, 'florence', '8d969eef6ecad3c29a3a629280e686cf0c3f5d5a86aff3ca12020c923adc6c92', 'florence@usol.net', NULL, '', 'Florence', 'Chan', 'Florence Chan', '', 1, 'N-19-460', '0', NULL, '2790100', 0, 0, '2016-08-17', '08:57:15', 146, '2016-08-17', '08:57:15', 146, 1, NULL, 146, NULL),
(152, 8, 'ciro', '8d969eef6ecad3c29a3a629280e686cf0c3f5d5a86aff3ca12020c923adc6c92', 'ciro@usol.net', NULL, '', 'Ciro', 'Loo', 'Ciro Loo', '', 1, '8-228-241', '0', NULL, '2790100', 0, 0, '2016-08-17', '08:59:28', 146, '2016-08-17', '08:59:28', 146, 1, NULL, 146, NULL),
(153, 3, 'solutionpm', '8d969eef6ecad3c29a3a629280e686cf0c3f5d5a86aff3ca12020c923adc6c92', 'ventas.solutionspm@gmail.com', NULL, '', 'MARIA', 'PACHECO', 'SOLUTION PM TECHNOGY S.A', 'PANAMA, CORREGIMIENTO DE BETANIA, URBANIZACION EL INGENIO, AV LA PAZ, CASA 155', 1, '155634-2-2016 ', '0', 60996858, '', 0, 0, '2016-08-19', '16:02:24', 112, '2016-08-19', '16:02:24', 112, 1, NULL, 153, NULL),
(154, 8, 'mariap', '56d6be21429e58f2b3481b56a32c8b6c6a9816753bc2d0203d195d0878666cf9', 'MARIAJPR55@GMAIL.COM', NULL, '', 'MARIA', 'PACHECO', 'MARIA PACHECO', '', 1, '0', '0', 60996858, '', 0, 0, '2016-08-20', '16:16:04', 153, '2016-08-20', '16:16:04', 153, 1, NULL, 153, NULL),
(155, 8, 'alexisv', 'eec4ef8f0cd123dd6a2ebca029097c168012c898094416f81ffe7ab01d77190d', 'soporte.solutionspm@gmail.com', NULL, '', 'alexis', 'vivas', 'alexis vivas', '', 0, '01', '0', 67487253, '', 0, 0, '2016-08-20', '16:22:48', 153, '2016-08-20', '16:22:48', 153, 1, NULL, 153, NULL),
(156, 8, 'justosanchez', '8d969eef6ecad3c29a3a629280e686cf0c3f5d5a86aff3ca12020c923adc6c92', 'justo.sanchez@icg-panama.com', NULL, '', 'justo', 'sanchez', 'justo sanchez', '', 0, '8-432-347', '0', NULL, '', 0, 0, '2016-08-22', '11:45:11', 128, '2016-08-22', '11:45:11', 128, 1, NULL, 128, NULL),
(157, 2, 'kbracho', 'd8afa1002c1212f296148d9fe4577703bc2d1ea24ac50a04abb138f2bf459bf6', 'kbracho@thefactoryhka.com', NULL, '', 'Katherine', 'Bracho', 'Katherine Bracho', '', 1, '12121212121212', '0', NULL, '', 0, 0, '2016-08-26', '13:42:34', 16, '2016-08-26', '13:42:34', 16, 1, NULL, 157, NULL),
(158, 3, 'kbrachod', 'd8afa1002c1212f296148d9fe4577703bc2d1ea24ac50a04abb138f2bf459bf6', 'sfsafk@gndjksng.com', NULL, NULL, 'kathe', 'bracho', 'xdfdsfsdfsdf', '', 1, '245415588', '12', NULL, '', 0, 0, '2016-08-29', '08:41:24', 157, '2016-08-29', '08:41:24', 157, 1, NULL, 158, NULL),
(159, 8, 'kbrachot', 'd8afa1002c1212f296148d9fe4577703bc2d1ea24ac50a04abb138f2bf459bf6', 'sidjsaid@sdjkfnk.com', NULL, NULL, 'kathe', 'bracho', 'kathe bracho', '', 1, '53562154', '0', NULL, '', 0, 0, '2016-08-29', '08:49:59', 158, '2016-08-29', '08:49:59', 158, 1, NULL, 158, NULL),
(160, 4, 'kbrachos', 'd8afa1002c1212f296148d9fe4577703bc2d1ea24ac50a04abb138f2bf459bf6', 'kbrachos@gmail.com', NULL, NULL, 'KatherineSoporte', 'bracho', 'KatherineSoporte bracho', '', 1, '201548967', '0', 2147483647, '', 0, 0, '2016-08-30', '10:50:22', 157, '2016-08-30', '10:50:22', 157, 1, NULL, 160, NULL),
(161, 3, 'kbrachodd', 'ff960cb55673958c594d0daaab1e368651c75c02f9687192a1811e7b180336a7', 'ksjkdh@dksjd.com', NULL, NULL, 'Kathe', 'bracho', 'kbrachoss', '', 1, 'sjjsjs', '0', NULL, '', 0, 0, '2016-08-30', '11:32:48', 160, '2016-08-30', '11:32:48', 160, 1, NULL, 161, NULL),
(162, 3, 'kbrachdd', '15e2b0d3c33891ebb0f1ef609ec419420c20e320ce94c65fbc8c3312448eb225', 'pp@gmail.com', NULL, NULL, 'pruebaa', 'kkkk', 'PruebaRZ', '', 1, 'sad', '0', NULL, '', 0, 0, '2016-08-30', '15:23:38', 160, '2016-08-30', '15:23:38', 160, 1, 'kbrachdd.jpg', 162, NULL),
(163, 8, '123456789', '15e2b0d3c33891ebb0f1ef609ec419420c20e320ce94c65fbc8c3312448eb225', 'sdlk@wjewio.cm', NULL, NULL, 'kathepp', 'sjds', 'kathepp sjds', '', 0, '123456789', '0', NULL, '', 0, 0, '2016-09-02', '15:11:30', 157, '2016-09-02', '15:11:30', 157, 1, NULL, 111, NULL),
(164, 2, 'dfd', '8d969eef6ecad3c29a3a629280e686cf0c3f5d5a86aff3ca12020c923adc6c92', 'dsds@sjdn.com', NULL, NULL, 'sdad', 'sdasd', 'sdad sdasd', '', 0, '323231231', '0', NULL, '', 0, 0, '2016-09-07', '09:27:15', 157, '2016-09-07', '09:27:15', 157, 1, NULL, 164, NULL),
(165, 3, 'ggg', '8d969eef6ecad3c29a3a629280e686cf0c3f5d5a86aff3ca12020c923adc6c92', 'tyty@jkedf.com', NULL, NULL, 'yy', 'yy', '45435', '', 0, '223344', '0', NULL, '', 0, 0, '2016-09-07', '09:31:30', 157, '2016-09-07', '09:31:30', 157, 1, NULL, 165, NULL),
(166, 9, 'kathest', '8d969eef6ecad3c29a3a629280e686cf0c3f5d5a86aff3ca12020c923adc6c92', 'sdsd@ksds.com', NULL, NULL, 'katherine', 'bracho', 'katherine bracho', '', 1, '8888888888', '0', 111, '111', 0, 0, '2016-09-28', '07:22:17', 157, '2016-09-28', '07:22:17', 157, 1, NULL, 166, NULL),
(167, 9, 'prueba', '8d969eef6ecad3c29a3a629280e686cf0c3f5d5a86aff3ca12020c923adc6c92', 'dfsd@hotmail.com', NULL, NULL, 'pruebaaa', 'pruebaaa', 'pruebaaa pruebaaa', '', 1, '215478963', '0', 2147483647, '1234567', 0, 0, '2017-01-03', '16:20:27', 157, '2017-01-03', '16:20:27', 157, 1, NULL, 167, NULL),
(168, 3, 'dprueba', 'ebf247891363dca500b01d99d299f8c8ed754bd4e937dc731f7fded3a4130fe1', 'jferreir81@hotmail.com', NULL, NULL, 'Prueba', 'Distribuidor', 'Distribuidor de prueba', '', 1, '987654321', '12', NULL, '', 0, 0, '2017-07-17', '14:26:39', 17, '2017-07-17', '14:26:39', 17, 1, NULL, 168, NULL),
(170, 2, 'favendano', '6d3df8e0bb99330bb70ced17cc29f3a9df4c9f1585ddf96226825f8a52d6c3de', 'favendano@thefactoryhka.com', NULL, NULL, 'Freddy', 'Avendano', 'Freddy Avendano', '', 1, '1234566541', '0', NULL, '', 0, 0, '2017-08-01', '10:37:53', 16, '2017-08-01', '10:37:53', 16, 1, NULL, 170, ''),
(171, 2, 'fpernia', '683757ed08ccc7c0f7cd7b5062e9ca5811875d40ae88a3f9090dd00b7ca1fa7d', 'fpernia@thefactoryhka.com', NULL, NULL, 'Fransisco', 'Pernia', 'Fransisco Pernia', '', 1, '12345678911', '0', NULL, '', 0, 0, '2017-08-02', '09:11:05', 170, '2017-08-02', '09:11:05', 170, 1, NULL, 171, ''),
(172, 1, 'freddyprueba', '8d969eef6ecad3c29a3a629280e686cf0c3f5d5a86aff3ca12020c923adc6c92', 'G@cantv.om', NULL, NULL, 'prueba', 'prueba', 'prueba prueba', '', 1, '[]¨*¡?=)=', '0', NULL, '', 0, 0, '2017-08-03', '08:49:33', 170, '2017-08-03', '08:49:33', 170, 1, NULL, 172, ''),
(173, 8, 'favendano1', '081385e4dbe75a19a1ee540c6d817f798ee542ff346f18c98af3ddf3a3f35b57', 'fo@g.com', NULL, NULL, 'freddy', 'freddy', 'freddy freddy', '', 1, '¡)/(=/&%$#{}+´[]*', '0', NULL, '', 0, 0, '2017-08-03', '15:04:10', 170, '2017-08-03', '15:04:10', 170, 1, NULL, 161, ''),
(174, 2, 'adosre', '93eb07c0311a16ee1eb6e85936f9920d0318b250fa010ed5b32d6f38f7c0251f', 'adosreis@thefactoryhka.com', NULL, NULL, 'Avelino', 'DosReis', 'Avelino DosReis', '', 0, '123344556', '0', NULL, '', 0, 0, '2017-08-04', '11:50:23', 171, '2017-08-04', '11:50:23', 171, 1, NULL, 174, ''),
(175, 2, 'serviciotecnico', 'e52621b07a54b5a8c907de2f41d5471006da0750e2971a8b900d85c4e9fa72c3', 'servicio@tfhka.com', NULL, NULL, 'Servicio', 'Tecnico', 'Servicio Tecnico', '', 1, '1232121', '0', NULL, '', 0, 0, '2017-08-07', '09:06:12', 16, '2017-08-07', '09:06:12', 16, 1, NULL, 175, ''),
(176, 9, 'dickson', '35ece4ea6146d29c3005a9705f2987af846f2dd69d01aef7fdace4425e5f8792', 'ddiaz@thefactoryhka.com', NULL, NULL, 'Dickson', 'Diaz', 'Dickson Diaz', '', 1, '87654321', '0', NULL, '', 0, 0, '2017-08-11', '16:25:33', 17, '2017-08-11', '16:25:33', 17, 1, NULL, 176, ''),
(177, 2, 'dperez', '8d969eef6ecad3c29a3a629280e686cf0c3f5d5a86aff3ca12020c923adc6c92', 'dperez@thefactoryhka.com', NULL, NULL, 'Daniel', 'Perez', 'Daniel Perez', '', 1, '1111115874', '0', NULL, '', 0, 0, '2018-03-15', '14:57:52', 16, '2018-03-15', '14:57:52', 16, 1, NULL, 177, ''),
(178, 2, 'hangulo', '779dbc104ddb5059c5f86f140ab8632d8b44d03010a2d106a93e0c1a337b855b', 'hangulo@thefactoryhka.com', NULL, NULL, 'Hanoi', 'Angulo', 'Hanoi Angulo', '', 1, '7878788777', '0', NULL, '', 0, 0, '2018-03-19', '09:42:31', 16, '2018-03-19', '09:42:31', 16, 1, NULL, 178, ''),
(179, 2, 'jechenique', 'f046ad168a298dedb103e74f27aa0cc78a1f58c39561245b887666e7f520118e', 'jechenique@thefactoryhka.com', NULL, NULL, 'Jose', 'Echenique', 'Jose Echenique', '', 1, '988899988899', '0', NULL, '', 0, 0, '2018-03-19', '09:43:52', 16, '2018-03-19', '09:43:52', 16, 1, NULL, 179, '');

-- --------------------------------------------------------

--
-- Estructura de tabla para la tabla `roles_type_files`
--

CREATE TABLE `roles_type_files` (
  `id` int(11) NOT NULL,
  `id_rol` int(11) DEFAULT NULL,
  `id_filetype` int(11) NOT NULL,
  `active` tinyint(1) NOT NULL
) ENGINE=InnoDB DEFAULT CHARSET=latin1;

--
-- Volcado de datos para la tabla `roles_type_files`
--

INSERT INTO `roles_type_files` (`id`, `id_rol`, `id_filetype`, `active`) VALUES
(1, 2, 1, 1),
(2, 2, 4, 1),
(5, 2, 11, 1),
(6, 4, 1, 1),
(7, 4, 4, 1),
(10, 4, 11, 1),
(12, 2, 17, 1),
(14, 2, 23, 1),
(16, 4, 17, 1),
(18, 4, 23, 1),
(19, 6, 1, 1),
(20, 6, 4, 1),
(21, 6, 11, 1),
(22, 6, 17, 1),
(23, 6, 23, 1),
(24, 3, 1, 1),
(25, 3, 4, 1),
(26, 3, 11, 1),
(27, 3, 17, 1),
(28, 3, 23, 1),
(29, 5, 1, 1),
(30, 5, 4, 1),
(31, 5, 11, 1),
(32, 5, 17, 1),
(33, 5, 23, 1),
(34, 7, 1, 1),
(35, 7, 4, 1),
(36, 7, 11, 1),
(37, 7, 17, 1),
(38, 7, 23, 1),
(39, 8, 1, 1),
(40, 8, 4, 1),
(41, 8, 11, 1),
(42, 8, 17, 1),
(43, 8, 23, 1),
(44, 2, 24, 1),
(45, 4, 24, 1);

-- --------------------------------------------------------

--
-- Estructura de tabla para la tabla `social_reasons`
--

CREATE TABLE `social_reasons` (
  `id` int(11) NOT NULL,
  `user_id` int(11) DEFAULT NULL,
  `name` varchar(200) COLLATE utf8_spanish_ci NOT NULL,
  `social_reason` varchar(100) COLLATE utf8_spanish_ci NOT NULL,
  `rnc` varchar(10) COLLATE utf8_spanish_ci NOT NULL,
  `phone` varchar(13) COLLATE utf8_spanish_ci NOT NULL,
  `address` text COLLATE utf8_spanish_ci NOT NULL,
  `active` tinyint(1) DEFAULT NULL,
  `created` datetime DEFAULT NULL,
  `modified` datetime DEFAULT NULL
) ENGINE=InnoDB DEFAULT CHARSET=utf8 COLLATE=utf8_spanish_ci;

--
-- Volcado de datos para la tabla `social_reasons`
--

INSERT INTO `social_reasons` (`id`, `user_id`, `name`, `social_reason`, `rnc`, `phone`, `address`, `active`, `created`, `modified`) VALUES
(1, 4, 'Thefactoryhka', 'Thefactoryhka', '12345678', '651561651655', 'panama', 1, '2015-12-09 00:00:00', NULL),
(2, 4, 'Guillermo', 'The Factory HKA', '16871752', '04142677404', 'Venezuela', 1, '2015-12-09 11:57:26', '2015-12-09 11:57:26'),
(3, 4, 'tecnico1', 'tecnico1', '123654000', '1234567890', 'Panama', 1, '2015-12-09 15:29:55', '2015-12-09 15:29:55');

-- --------------------------------------------------------

--
-- Estructura de tabla para la tabla `st_accesorios`
--

CREATE TABLE `st_accesorios` (
  `id` int(11) NOT NULL,
  `nombre` varchar(45) NOT NULL,
  `descripcion` text,
  `estatus` int(1) NOT NULL,
  `fecha_creacion` date DEFAULT NULL,
  `hora_creacion` time DEFAULT NULL,
  `usuario_crea` int(11) NOT NULL,
  `fecha_modificacion` date DEFAULT NULL,
  `hora_modificacion` time DEFAULT NULL,
  `usuario_modifica` int(11) NOT NULL
) ENGINE=InnoDB DEFAULT CHARSET=latin1;

--
-- Volcado de datos para la tabla `st_accesorios`
--

INSERT INTO `st_accesorios` (`id`, `nombre`, `descripcion`, `estatus`, `fecha_creacion`, `hora_creacion`, `usuario_crea`, `fecha_modificacion`, `hora_modificacion`, `usuario_modifica`) VALUES
(1, 'Ninguno', '', 1, '2016-09-07', '09:09:18', 157, '2016-09-14', '08:09:14', 157),
(2, 'Memoria Fiscal', '', 1, '2016-09-07', '09:09:21', 157, '2016-09-09', '11:09:17', 157),
(3, 'Memoria de auditoria', 'prueba2', 1, '2016-09-07', '09:09:52', 157, '2016-09-09', '11:09:16', 157),
(4, 'Cable de alimentación', 'Prueba de accesorios', 1, '2016-09-07', '13:09:16', 157, '2016-09-07', '13:09:48', 157),
(5, 'Adaptador de corriente', 'Prueba numero dos', 1, '2016-09-14', '08:09:12', 157, '2016-09-14', '08:09:46', 157),
(6, 'Cable de comunicacion', 'prueba uno', 1, '2016-09-14', '08:09:28', 157, '2016-09-14', '08:09:33', 157),
(7, 'Gaveta', 'Esta es la segunda prueba', 1, '2016-09-14', '08:09:01', 157, '2016-09-14', '08:09:16', 157),
(8, 'Carrete de auditoria', 'Prueba numero 1', 1, '2016-09-14', '08:09:08', 157, '2016-09-14', '09:09:12', 157),
(9, 'Prueba dos', 'Esta es la segunda prueba', 9, '2016-09-14', '08:09:25', 157, '2017-07-26', '16:07:36', 16),
(10, 'Rollo de auditoria', '', 9, '2016-09-14', '09:09:51', 157, '2017-07-26', '15:07:17', 16),
(11, 'Papel', '', 9, '2016-09-14', '09:09:01', 157, '2017-07-26', '16:07:53', 157),
(12, 'Manual de usuario', 'prueba', 1, '2016-09-14', '09:09:22', 157, '2017-07-25', '11:07:46', 157),
(13, 'pruebasfreggg', 'pruebas revision ggg', 9, '2017-08-01', '11:08:33', 170, '2017-08-01', '11:08:34', 170),
(14, '0000000000000000000000', '000000000000', 9, '2017-08-02', '09:08:12', 170, '2017-08-04', '15:08:34', 170);

-- --------------------------------------------------------

--
-- Estructura de tabla para la tabla `st_accesorios_orden`
--

CREATE TABLE `st_accesorios_orden` (
  `id` int(11) NOT NULL,
  `id_orden` int(11) DEFAULT NULL,
  `id_accesorio` int(11) DEFAULT NULL,
  `fecha` date DEFAULT NULL
) ENGINE=InnoDB DEFAULT CHARSET=latin1;

--
-- Volcado de datos para la tabla `st_accesorios_orden`
--

INSERT INTO `st_accesorios_orden` (`id`, `id_orden`, `id_accesorio`, `fecha`) VALUES
(67, 1, 6, '2016-10-20'),
(68, 1, 9, '2016-10-20'),
(69, 1, 7, '2016-10-20'),
(70, 1, 9, '2016-10-20'),
(71, 1, 6, '2016-10-20'),
(72, 1, 7, '2016-10-20'),
(73, 2, 6, '2016-10-20'),
(74, 2, 8, '2016-10-20'),
(75, 3, 7, '2016-10-21'),
(76, 3, 8, '2016-10-21'),
(77, 4, 7, '2016-11-02'),
(78, 4, 8, '2016-11-02'),
(79, 5, 6, '2016-11-03'),
(80, 5, 7, '2016-11-03'),
(81, 6, 6, '2016-11-03'),
(82, 6, 7, '2016-11-03'),
(83, 7, 6, '2016-11-03'),
(84, 8, 6, '2016-11-11'),
(85, 9, 6, '2016-11-11'),
(86, 9, 7, '2016-11-11'),
(87, 10, 6, '2016-11-11'),
(88, 10, 7, '2016-11-11'),
(89, 11, 6, '2016-11-11'),
(90, 11, 7, '2016-11-11'),
(91, 12, 6, '2016-11-11'),
(92, 12, 7, '2016-11-11'),
(93, 13, 6, '2016-11-11'),
(94, 14, 6, '2016-11-11'),
(95, 15, 6, '2016-11-11'),
(96, 16, 6, '2016-11-11'),
(97, 17, 6, '2016-11-11'),
(98, 18, 6, '2016-11-11'),
(99, 19, 6, '2016-11-11'),
(100, 20, 6, '2016-11-11'),
(101, 21, 6, '2016-11-11'),
(102, 22, 6, '2017-05-30'),
(103, 23, 6, '2017-06-06'),
(104, 23, 9, '2017-06-06'),
(105, 23, 10, '2017-06-06'),
(106, 24, 6, '2017-06-20'),
(107, 25, 6, '2017-06-27'),
(108, 25, 7, '2017-06-27'),
(109, 26, 7, '2017-07-12'),
(110, 26, 8, '2017-07-12'),
(111, 26, 11, '2017-07-12'),
(112, 27, 3, '2017-07-14'),
(113, 27, 5, '2017-07-14'),
(114, 28, 3, '2017-07-25'),
(115, 28, 4, '2017-07-25'),
(116, 29, 5, '2017-07-31'),
(117, 29, 6, '2017-07-31'),
(118, 30, 2, '2017-08-01'),
(119, 30, 3, '2017-08-01'),
(120, 30, 4, '2017-08-01'),
(121, 30, 5, '2017-08-01'),
(122, 30, 6, '2017-08-01'),
(123, 31, 5, '2017-08-11'),
(124, 31, 8, '2017-08-11'),
(125, 32, 3, '2018-03-19'),
(126, 32, 4, '2018-03-19'),
(127, 32, 5, '2018-03-19');

-- --------------------------------------------------------

--
-- Estructura de tabla para la tabla `st_estatus`
--

CREATE TABLE `st_estatus` (
  `id` int(11) NOT NULL,
  `nombre` varchar(45) NOT NULL,
  `descripcion` text,
  `estatus` int(1) NOT NULL,
  `fecha_creacion` date DEFAULT NULL,
  `hora_creacion` time DEFAULT NULL,
  `usuario_crea` int(11) NOT NULL,
  `fecha_modificacion` date DEFAULT NULL,
  `hora_modificacion` time DEFAULT NULL,
  `usuario_modifica` int(11) NOT NULL
) ENGINE=InnoDB DEFAULT CHARSET=latin1;

--
-- Volcado de datos para la tabla `st_estatus`
--

INSERT INTO `st_estatus` (`id`, `nombre`, `descripcion`, `estatus`, `fecha_creacion`, `hora_creacion`, `usuario_crea`, `fecha_modificacion`, `hora_modificacion`, `usuario_modifica`) VALUES
(1, 'Por recibir', '', 1, '2016-09-28', '09:09:59', 157, '2016-09-28', '09:09:59', 157),
(2, 'Recibido', '', 1, '2016-09-28', '09:09:16', 157, '2016-09-28', '09:09:16', 157),
(3, 'En  revisión', '', 1, '2016-09-28', '09:09:37', 157, '2016-09-28', '09:09:37', 157),
(4, 'Pendiente por aprobación', '', 1, '2016-09-28', '09:09:26', 157, '2016-09-28', '09:09:26', 157),
(5, 'En reparación', '', 1, '2016-09-28', '09:09:06', 157, '2016-09-28', '09:09:06', 157),
(6, 'Facturando', '', 1, '2016-09-28', '09:09:27', 157, '2016-09-28', '09:09:27', 157),
(7, 'Por entregar', '', 1, '2016-09-28', '09:09:41', 157, '2016-09-28', '09:09:41', 157),
(8, 'Entregado', '', 1, '2016-09-28', '09:09:59', 157, '2017-07-25', '11:07:38', 157),
(9, 'Anulado', '', 1, '2016-09-28', '09:09:16', 157, '2016-10-10', '10:10:30', 157),
(10, 'Enviado', '', 1, '2017-07-12', '13:07:17', 16, '2017-07-12', '13:07:17', 16),
(11, 'prueba fre', 'prueba para revsion', 9, '2017-08-01', '11:08:35', 170, '2017-08-04', '16:08:06', 170);

-- --------------------------------------------------------

--
-- Estructura de tabla para la tabla `st_fallas`
--

CREATE TABLE `st_fallas` (
  `id` int(11) NOT NULL,
  `nombre_falla` varchar(45) NOT NULL,
  `descripcion` text,
  `estatus` int(1) NOT NULL,
  `fecha_creacion` date DEFAULT NULL,
  `hora_creacion` time DEFAULT NULL,
  `usuario_crea` int(11) NOT NULL,
  `fecha_modificacion` date DEFAULT NULL,
  `hora_modificacion` time DEFAULT NULL,
  `usuario_modifica` int(11) NOT NULL
) ENGINE=InnoDB DEFAULT CHARSET=latin1;

--
-- Volcado de datos para la tabla `st_fallas`
--

INSERT INTO `st_fallas` (`id`, `nombre_falla`, `descripcion`, `estatus`, `fecha_creacion`, `hora_creacion`, `usuario_crea`, `fecha_modificacion`, `hora_modificacion`, `usuario_modifica`) VALUES
(1, 'No enciende', 'La maquina fiscal presenta problemas al encender', 1, '2016-09-07', '16:09:34', 157, '2016-09-14', '15:09:25', 157),
(2, 'Error en la Facturacion', '', 1, '2016-09-05', '16:09:28', 157, '2016-09-14', '15:09:23', 157),
(3, 'Memoria F', '', 1, '2016-08-28', '16:09:56', 157, '2016-09-15', '13:09:35', 158),
(4, 'Falla visor de precio', 'El visor no muestra la información en pantallasxxs', 1, '2016-09-07', '16:09:47', 157, '2016-09-14', '15:09:07', 158),
(5, 'Por Determinar', '', 1, '2017-07-12', '11:07:08', 16, '2017-07-12', '11:07:08', 16),
(6, 'Daño en la Carcaza', '', 1, '2017-07-12', '11:07:39', 16, '2017-07-12', '11:07:39', 16),
(7, 'Error al Configurar', '', 1, '2017-07-12', '11:07:57', 16, '2017-07-12', '11:07:57', 16),
(8, 'Error al Realizar RAM CLEAR', '', 1, '2017-07-12', '11:07:17', 16, '2017-07-12', '11:07:17', 16),
(9, 'Error de Carga de firmware', '', 1, '2017-07-12', '11:07:36', 16, '2017-07-12', '11:07:36', 16),
(10, 'Falla de Alimentación', '', 1, '2017-07-12', '11:07:55', 16, '2017-07-12', '11:07:55', 16),
(11, 'Falla de Auditoría', '', 1, '2017-07-12', '11:07:27', 16, '2017-07-12', '11:07:27', 16),
(12, 'Falla de Comunicación', '', 1, '2017-07-12', '11:07:45', 16, '2017-07-12', '11:07:45', 16),
(13, 'Falla de Control', '', 1, '2017-07-12', '11:07:00', 16, '2017-07-12', '11:07:00', 16),
(14, 'Falla de Firmware', '', 1, '2017-07-12', '11:07:16', 16, '2017-07-12', '11:07:16', 16),
(15, 'Falla del Fusible', '', 1, '2017-07-12', '11:07:23', 16, '2017-07-12', '11:07:23', 16),
(16, 'Falla Fiscal', '', 1, '2017-07-12', '11:07:38', 16, '2017-07-12', '11:07:38', 16),
(17, 'Falla Mecánica', '', 1, '2017-07-12', '11:07:54', 16, '2017-07-12', '11:07:54', 16),
(18, 'Re-enajenación', '', 1, '2017-07-12', '11:07:06', 16, '2017-07-12', '11:07:06', 16),
(19, 'Etiqueta Fiscal ', '', 1, '2017-07-12', '11:07:19', 16, '2017-07-12', '11:07:19', 16),
(20, 'Tarjeta controladora de Impresor', '', 1, '2017-07-12', '11:07:33', 16, '2017-07-12', '11:07:33', 16),
(21, 'Tarjeta controladora de teclado', '', 1, '2017-07-12', '11:07:51', 16, '2017-07-12', '11:07:51', 16),
(22, 'Impresor', '', 1, '2017-07-12', '11:07:07', 16, '2017-07-12', '11:07:07', 16),
(23, 'Batería', '', 1, '2017-07-12', '11:07:25', 16, '2017-07-12', '11:07:25', 16),
(24, 'Cable plano de tarjeta controladora de impres', '', 1, '2017-07-12', '11:07:39', 16, '2017-07-12', '11:07:39', 16),
(25, 'Cable plano de tarjeta controladora de teclad', '', 1, '2017-07-12', '11:07:10', 16, '2017-07-12', '11:07:10', 16),
(26, 'Teclado Numérico', '', 1, '2017-07-12', '11:07:23', 16, '2017-07-12', '11:07:23', 16),
(27, 'Teclado Plano', '', 1, '2017-07-12', '11:07:38', 16, '2017-07-12', '11:07:38', 16),
(28, 'Placa Principal', '', 1, '2017-07-12', '11:07:51', 16, '2017-07-12', '11:07:51', 16),
(29, 'Cortador Automático', '', 1, '2017-07-12', '12:07:09', 16, '2017-07-12', '12:07:09', 16),
(30, 'Visor', '', 1, '2017-07-12', '12:07:20', 16, '2017-07-12', '12:07:20', 16),
(31, 'Tamper', '', 1, '2017-07-12', '12:07:32', 16, '2017-07-12', '12:07:32', 16),
(32, 'Sensores', '', 1, '2017-07-12', '12:07:48', 16, '2017-07-12', '12:07:48', 16),
(33, 'Mantenimiento', '', 1, '2017-07-12', '12:07:59', 16, '2017-07-12', '12:07:59', 16),
(34, 'Memoria de Auditoria', '', 1, '2017-07-12', '12:07:09', 16, '2017-07-12', '12:07:09', 16),
(35, 'Memoria Fiscal', '', 1, '2017-07-12', '12:07:20', 16, '2017-07-12', '12:07:20', 16),
(36, 'Cambio de equipo por garantía', '', 1, '2017-07-12', '12:07:39', 16, '2017-07-12', '12:07:39', 16),
(37, ' Configuración de Dip Switch (Impresora)', '', 1, '2017-07-12', '12:07:54', 16, '2017-07-12', '12:07:54', 16),
(38, 'Hard Reset y Recuperación (ECR)', '', 1, '2017-07-12', '12:07:06', 16, '2017-07-12', '12:07:06', 16),
(39, 'Ram Clear', '', 1, '2017-07-12', '12:07:17', 16, '2017-07-12', '12:07:17', 16),
(40, 'Actualización Firmware', '', 1, '2017-07-12', '12:07:29', 16, '2017-07-12', '12:07:29', 16),
(41, 'Configuración de Parámetros', '', 1, '2017-07-12', '12:07:40', 16, '2017-07-12', '12:07:40', 16),
(42, 'Modulo Fiscal', '', 1, '2017-07-12', '12:07:51', 16, '2017-07-12', '12:07:51', 16),
(43, 'Memoria Fiscal', '', 1, '2017-07-12', '12:07:04', 16, '2017-07-12', '12:07:04', 16),
(44, 'Memoria de Auditoria', '', 1, '2017-07-12', '12:07:19', 16, '2017-07-12', '12:07:19', 16),
(45, 'Kit Fiscal', '', 1, '2017-07-12', '12:07:30', 16, '2017-07-12', '12:07:30', 16),
(46, 'Etiqueta Fiscal', '', 1, '2017-07-12', '12:07:41', 16, '2017-07-12', '12:07:41', 16),
(47, 'Fusible de modulo fiscal (Impresora)', '', 1, '2017-07-12', '12:07:54', 16, '2017-07-12', '12:07:54', 16),
(48, 'Batería modulo fiscal (3 VCC)', '', 1, '2017-07-12', '12:07:05', 16, '2017-07-12', '12:07:05', 16),
(49, 'Fiscalización', '', 1, '2017-07-12', '12:07:18', 16, '2017-07-12', '12:07:18', 16),
(50, 'Re-enajenación', '', 1, '2017-07-12', '12:07:31', 16, '2017-07-12', '12:07:31', 16),
(51, 'Liberación de Serial', '', 1, '2017-07-12', '12:07:42', 16, '2017-07-12', '12:07:42', 16),
(52, 'Fuente de Poder', '', 1, '2017-07-12', '12:07:53', 16, '2017-07-12', '12:07:53', 16),
(53, 'Batería de respaldo ( 6/12 VCC )', '', 1, '2017-07-12', '12:07:04', 16, '2017-07-12', '12:07:04', 16),
(54, 'Tarjeta Principal', '', 1, '2017-07-12', '12:07:15', 16, '2017-07-12', '12:07:15', 16),
(55, 'Tarjeta Controladora de Impresor', '', 1, '2017-07-12', '12:07:26', 16, '2017-07-12', '12:07:26', 16),
(56, 'Tarjeta controladora de teclado (ECR)', '', 1, '2017-07-12', '12:07:38', 16, '2017-07-12', '12:07:38', 16),
(57, 'Cable plano tarjeta controladora de impresor ', '', 1, '2017-07-12', '12:07:00', 16, '2017-07-12', '12:07:00', 16),
(58, 'Cable Plano tarjeta controladora de teclado (', '', 1, '2017-07-12', '12:07:14', 16, '2017-07-12', '12:07:14', 16),
(59, 'Teclado numérico (ECR)', '', 1, '2017-07-12', '12:07:25', 16, '2017-07-12', '12:07:25', 16),
(60, 'Teclado Plano (ECR)', '', 1, '2017-07-12', '12:07:38', 16, '2017-07-12', '12:07:38', 16),
(61, 'Carga de PLU (ECR)', '', 1, '2017-07-12', '12:07:50', 16, '2017-07-12', '12:07:50', 16),
(62, 'Error 114 (ECR)', '', 1, '2017-07-12', '12:07:02', 16, '2017-07-12', '12:07:02', 16),
(63, 'Impresor', '', 1, '2017-07-12', '12:07:15', 16, '2017-07-12', '12:07:15', 16),
(64, 'Cabezal de Impresión', '', 1, '2017-07-12', '12:07:28', 16, '2017-07-12', '12:07:28', 16),
(65, 'Cortador Automático (Impresora)', '', 1, '2017-07-12', '12:07:40', 16, '2017-07-12', '12:07:40', 16),
(66, 'Visor de Operador', '', 1, '2017-07-12', '12:07:50', 16, '2017-07-12', '12:07:50', 16),
(67, 'Visor de Cliente', '', 1, '2017-07-12', '12:07:01', 16, '2017-07-12', '12:07:01', 16),
(68, 'Tamper (Impresora)', '', 1, '2017-07-12', '12:07:11', 16, '2017-07-12', '12:07:11', 16),
(69, 'Sensores', '', 1, '2017-07-12', '12:07:22', 16, '2017-07-12', '12:07:22', 16),
(70, 'Fusor', '', 1, '2017-07-12', '12:07:35', 16, '2017-07-12', '12:07:35', 16),
(71, 'Tonner', '', 1, '2017-07-12', '12:07:45', 16, '2017-07-12', '12:07:45', 16),
(72, 'Mantenimiento', '', 1, '2017-07-12', '12:07:58', 16, '2017-07-12', '12:07:58', 16),
(73, 'Falla en el mecanismo', '', 1, '2017-07-12', '12:07:09', 16, '2017-07-12', '12:07:09', 16),
(74, 'Rodillo', '', 1, '2017-07-12', '12:07:18', 16, '2017-07-12', '12:07:18', 16),
(75, 'Por Determinar', '', 1, '2017-07-12', '12:07:29', 16, '2017-07-12', '12:07:29', 16),
(76, 'Otros', '', 1, '2017-07-12', '12:07:39', 16, '2017-07-12', '12:07:39', 16),
(77, 'pruebaweeex', '', 9, '2017-08-04', '14:08:56', 170, '2017-08-04', '14:08:14', 170),
(78, '56346546756745755555', '', 9, '2017-08-04', '16:08:49', 170, '2017-08-04', '16:08:19', 170);

-- --------------------------------------------------------

--
-- Estructura de tabla para la tabla `st_fallas_orden`
--

CREATE TABLE `st_fallas_orden` (
  `id` int(11) NOT NULL,
  `id_falla` int(11) NOT NULL,
  `id_orden` int(11) NOT NULL,
  `fecha` date NOT NULL
) ENGINE=InnoDB DEFAULT CHARSET=utf8;

--
-- Volcado de datos para la tabla `st_fallas_orden`
--

INSERT INTO `st_fallas_orden` (`id`, `id_falla`, `id_orden`, `fecha`) VALUES
(1, 2, 1, '2016-10-20'),
(2, 3, 1, '2016-10-20'),
(3, 2, 1, '2016-10-20'),
(4, 3, 1, '2016-10-20'),
(5, 2, 1, '2016-10-20'),
(6, 3, 1, '2016-10-20'),
(7, 2, 2, '2016-10-20'),
(9, 2, 3, '2016-10-21'),
(10, 4, 3, '2016-10-21'),
(11, 2, 4, '2016-11-02'),
(12, 3, 4, '2016-11-02'),
(13, 2, 5, '2016-11-03'),
(14, 3, 5, '2016-11-03'),
(15, 2, 6, '2016-11-03'),
(16, 3, 6, '2016-11-03'),
(18, 1, 2, '2016-11-10'),
(19, 4, 2, '2016-11-10'),
(21, 4, 7, '2016-11-10'),
(22, 1, 7, '2016-11-10'),
(23, 2, 7, '2016-11-10'),
(24, 2, 8, '2016-11-11'),
(25, 3, 8, '2016-11-11'),
(26, 2, 9, '2016-11-11'),
(27, 3, 9, '2016-11-11'),
(28, 2, 10, '2016-11-11'),
(29, 3, 10, '2016-11-11'),
(30, 2, 11, '2016-11-11'),
(31, 2, 12, '2016-11-11'),
(32, 2, 13, '2016-11-11'),
(33, 3, 13, '2016-11-11'),
(34, 1, 14, '2016-11-11'),
(35, 1, 15, '2016-11-11'),
(36, 1, 16, '2016-11-11'),
(37, 1, 17, '2016-11-11'),
(38, 1, 18, '2016-11-11'),
(39, 1, 19, '2016-11-11'),
(40, 1, 20, '2016-11-11'),
(41, 1, 21, '2016-11-11'),
(42, 1, 22, '2017-05-30'),
(43, 3, 22, '2017-05-30'),
(44, 1, 23, '2017-06-06'),
(45, 2, 23, '2017-06-06'),
(46, 3, 23, '2017-06-06'),
(47, 4, 23, '2017-06-06'),
(48, 1, 24, '2017-06-20'),
(49, 2, 25, '2017-06-27'),
(50, 3, 25, '2017-06-28'),
(51, 4, 25, '2017-06-28'),
(52, 2, 24, '2017-07-11'),
(53, 3, 24, '2017-07-11'),
(54, 4, 24, '2017-07-11'),
(55, 8, 26, '2017-07-12'),
(56, 3, 26, '2017-07-14'),
(57, 2, 27, '2017-07-14'),
(58, 3, 27, '2017-07-14'),
(59, 5, 27, '2017-07-14'),
(60, 6, 27, '2017-07-14'),
(61, 15, 27, '2017-07-14'),
(62, 2, 29, '2017-07-31'),
(63, 5, 29, '2017-07-31'),
(64, 6, 29, '2017-07-31'),
(65, 2, 30, '2017-08-01'),
(66, 3, 30, '2017-08-01'),
(67, 4, 30, '2017-08-01'),
(68, 5, 30, '2017-08-01'),
(69, 6, 30, '2017-08-01'),
(70, 7, 30, '2017-08-01'),
(71, 9, 30, '2017-08-01'),
(72, 18, 30, '2017-08-01'),
(73, 37, 30, '2017-08-01'),
(74, 47, 30, '2017-08-01'),
(75, 2, 31, '2017-08-11'),
(76, 1, 32, '2018-03-19'),
(77, 2, 32, '2018-03-19'),
(78, 4, 32, '2018-03-19');

-- --------------------------------------------------------

--
-- Estructura de tabla para la tabla `st_garantia`
--

CREATE TABLE `st_garantia` (
  `id` int(11) NOT NULL,
  `descripcion` varchar(100) NOT NULL,
  `usuario_crea` int(11) NOT NULL,
  `fecha_creacion` date DEFAULT NULL,
  `usuario_modifica` int(11) DEFAULT NULL,
  `fecha_modificacion` date DEFAULT NULL,
  `estatus` int(11) NOT NULL,
  `hora_creacion` time NOT NULL,
  `hora_modificacion` time DEFAULT NULL
) ENGINE=InnoDB DEFAULT CHARSET=utf8;

--
-- Volcado de datos para la tabla `st_garantia`
--

INSERT INTO `st_garantia` (`id`, `descripcion`, `usuario_crea`, `fecha_creacion`, `usuario_modifica`, `fecha_modificacion`, `estatus`, `hora_creacion`, `hora_modificacion`) VALUES
(1, 'Garantia de Venta', 157, '2017-07-18', 157, '2017-07-18', 1, '05:00:00', '05:00:00'),
(2, 'Por verificar', 157, '2017-07-18', 157, '2017-07-18', 1, '05:00:00', '05:00:00'),
(3, 'Sin Garantia', 157, '2017-07-18', 157, '2017-07-18', 1, '05:00:00', '05:00:00'),
(4, 'Garantia de Reparación', 157, '2017-07-18', 157, '2017-07-25', 1, '05:00:00', '11:07:02'),
(13, 'prueba frex', 170, '2017-08-01', 170, '2017-08-01', 9, '13:08:42', '13:08:09'),
(14, '?=¡¡?()=&/(&\"&%', 170, '2017-08-03', 170, '2017-08-03', 0, '15:08:32', '15:08:51'),
(15, 'wewewewrertt', 170, '2017-08-04', 170, '2017-08-04', 9, '16:08:38', '16:08:03');

-- --------------------------------------------------------

--
-- Estructura de tabla para la tabla `st_historial_ordenes`
--

CREATE TABLE `st_historial_ordenes` (
  `id` int(11) NOT NULL,
  `id_orden` int(11) DEFAULT NULL,
  `id_usuariorevision` int(11) DEFAULT NULL,
  `id_estatus` int(11) DEFAULT NULL,
  `descripcion` varchar(150) DEFAULT NULL,
  `fecha` date DEFAULT NULL
) ENGINE=InnoDB DEFAULT CHARSET=latin1;

--
-- Volcado de datos para la tabla `st_historial_ordenes`
--

INSERT INTO `st_historial_ordenes` (`id`, `id_orden`, `id_usuariorevision`, `id_estatus`, `descripcion`, `fecha`) VALUES
(1, 1, 157, 1, 'sedsds', '2016-10-20'),
(2, 1, 157, 1, 'zxdz', '2016-10-20'),
(3, 1, 157, 1, 'dasd', '2016-10-20'),
(4, 2, 157, 1, 'dfdsf', '2016-10-20'),
(5, 2, 157, 2, 'dfdsf', '2016-10-20'),
(6, 3, 157, 1, 'Prueba', '2016-10-21'),
(7, 4, 157, 1, 'Prueba numero 1', '2016-11-02'),
(8, 5, 157, 1, 'Prueba falla', '2016-11-03'),
(9, 6, 157, 1, 'Prueba falla', '2016-11-03'),
(10, 7, 157, 1, 'dsodjsa', '2016-11-03'),
(11, 2, 157, 3, 'Prueba Historia ', '2016-11-10'),
(12, 2, 157, 4, 'Prueba Historia 2', '2016-11-10'),
(13, 7, 157, 2, 'Prueba2', '2016-11-10'),
(14, 7, 157, 3, 'Prueba2', '2016-11-10'),
(15, 21, 157, 1, 'Prueba de longitud de caracteres para el detalle de la historia.', '2016-11-11'),
(16, 21, 157, 2, 'Prueba de longitud de caracteres para el detalle de la historia.', '2016-11-11'),
(17, 22, 157, 1, 'Prueba ', '2017-05-30'),
(18, 23, 16, 1, 'dsfsdfsdf', '2017-08-06'),
(19, 23, 16, 2, 'dsfsdfsdf', '2017-08-06'),
(20, 23, 16, 3, 'dsfsdfsdfkasjdkasjdklajdasjdjklashfjahsdf', '2017-08-06'),
(21, 24, 16, 1, 'Revisión  y diagnistico, el queipo presnta falla imprime de 5 a 3 y se queda colgada', '2017-06-20'),
(22, 23, 16, 6, 'dsfsdfsdfkasjdkasjdklajdasjdjklashfjahsdf', '2017-06-21'),
(23, 23, 16, 8, 'jhdflajsdhf ahfja\r\n\r\ndafhiasdjfhjkhfjksdfh', '2017-08-27'),
(24, 25, 16, 1, 'Registro de prueba para equipo', '2017-06-27'),
(25, 25, 16, 2, 'Registro de prueba para equipo', '2017-06-28'),
(26, 25, 16, 3, 'Registro de prueba para equipo', '2017-06-28'),
(27, 24, 16, 2, 'Revisión  y diagnistico, el queipo presnta falla imprime de 5 a 3 y se queda colgada', '2017-07-11'),
(28, 24, 16, 3, 'Revisión  y diagnistico, el queipo presnta falla imprime de 5 a 3 y se queda colgada', '2017-07-11'),
(29, 26, 16, 1, 'La balinera del mofle esta fallando por la churunbela\r\n', '2017-07-12'),
(30, 26, 16, 2, 'La balinera del mofle esta fallando por la churunbela\r\n', '2017-07-14'),
(31, 27, 16, 1, 'Cambio de memoria fiscal.', '2017-07-14'),
(32, 27, 16, 2, 'Cambio de memoria fiscal.\r\ncaSAJDKLASJD\r\nSKJDALKSJDAKLSDJ\r\nAKSDJAKLJDLAKJDLKJD', '2017-07-14'),
(33, 28, 157, 1, 'sdadsad', '2017-07-25'),
(34, 29, 16, 1, 'Descripcion de falla', '2017-07-31'),
(35, 29, 16, 2, 'Descripcion de falla', '2017-07-31'),
(36, 29, 16, 3, 'Agregar la informacion de la revision', '2017-07-31'),
(37, 29, 16, 5, 'Agregar informe de reparacion', '2017-07-31'),
(38, 29, 16, 7, 'Agregar informe de reparacion', '2017-07-31'),
(39, 29, 16, 8, 'Agregar informe de reparacion', '2017-07-31'),
(40, 30, 170, 1, '1234567890\'1234567890\'1234567890\'1234567890\'1234567890\'1234567890\'1234567890\'1234567890\'1234567890\'1234567890\'1234567890\'1234567890\'1234567890', '2017-08-01'),
(41, 30, 170, 3, '1234567890\'1234567890\'1234567890\'1234567890\'1234567890\'1234567890\'1234567890\'1234567890\'1234567890\'1234567890\'1234567890\'1234567890\'1234567890', '2017-08-01'),
(42, 30, 170, 4, '1234567890\'1234567890\'1234567890\'1234567890\'1234567890\'1234567890\'1234567890\'1234567890\'1234567890\'1234567890\'1234567890\'', '2017-08-01'),
(43, 30, 170, 5, '1234567890\'1234567890\'1234567890\'1234567890\'1234567890\'1234567890\'1234567890\'1234567890\'1234567890\'1234567890\'1234567890\'', '2017-08-01'),
(44, 30, 170, 6, '_______________________[::::::::::::::::::::::::::::::::::::::::::::::::::::::::::::::]]]________________________', '2017-08-01'),
(45, 30, 170, 10, '_______________________[::::::::::::::::::::::::::::::::::::::::::::::::::::::::::::::]]]________________________yuui', '2017-08-01'),
(46, 30, 170, 10, '_______________________[::::::::::::::::::::::::::::::::::::::::::::::::::::::::::::::]]]________________________yuui', '2017-08-01'),
(47, 30, 170, 10, '_______________________[::::::::::::::::::::::::::::::::::::::::::::::::::::::::::::::]]]________________________yuui', '2017-08-01'),
(48, 30, 16, 10, '_______________________[::::::::::::::::::::::::::::::::::::::::::::::::::::::::::::::]]]________________________yuui', '2017-08-01'),
(49, 31, 176, 1, 'Prueba de Efrain. El equipo viene dañado por algo', '2017-08-11'),
(50, 31, 176, 3, 'Prueba de Efrain. El equipo viene dañado por algo', '2017-08-11'),
(51, 31, 176, 6, 'Prueba de Efrain. El equipo viene dañado por algo', '2017-08-11'),
(52, 32, 16, 1, 'falla', '2018-03-19'),
(53, 32, 16, 2, 'falla', '2018-03-19'),
(54, 32, 16, 3, 'falla', '2018-03-19'),
(55, 32, 16, 5, 'falla', '2018-03-19'),
(56, 32, 16, 10, 'falla', '2018-03-19'),
(57, 31, 16, 8, 'Prueba de Efrain. El equipo viene dañado por algo', '2018-08-29');

-- --------------------------------------------------------

--
-- Estructura de tabla para la tabla `st_modo_envio`
--

CREATE TABLE `st_modo_envio` (
  `id` int(11) NOT NULL,
  `nombre_envio` varchar(45) NOT NULL,
  `descripcion` text,
  `estatus` int(1) NOT NULL,
  `fecha_creacion` date DEFAULT NULL,
  `hora_creacion` time DEFAULT NULL,
  `usuario_crea` int(11) NOT NULL,
  `fecha_modificacion` date DEFAULT NULL,
  `hora_modificacion` time DEFAULT NULL,
  `usuario_modifica` int(11) NOT NULL
) ENGINE=InnoDB DEFAULT CHARSET=latin1;

--
-- Volcado de datos para la tabla `st_modo_envio`
--

INSERT INTO `st_modo_envio` (`id`, `nombre_envio`, `descripcion`, `estatus`, `fecha_creacion`, `hora_creacion`, `usuario_crea`, `fecha_modificacion`, `hora_modificacion`, `usuario_modifica`) VALUES
(1, 'avion', 'prueba uno de metodo de envio', 0, '2016-09-14', '16:09:59', 157, '2016-09-14', '16:09:59', 157),
(2, 'prueba 2', '', 9, '2016-09-14', '16:09:32', 157, '2016-09-15', '13:09:51', 157),
(3, 'Transporte2', 'iiiii222', 9, '2016-09-15', '09:09:17', 157, '2016-09-15', '13:09:53', 158);

-- --------------------------------------------------------

--
-- Estructura de tabla para la tabla `st_orden_envio`
--

CREATE TABLE `st_orden_envio` (
  `id` int(11) NOT NULL,
  `id_orden` int(11) DEFAULT NULL,
  `modo_envio` varchar(45) DEFAULT NULL,
  `numero_guia` decimal(10,0) DEFAULT NULL,
  `fecha` date DEFAULT NULL,
  `direccion_envio` varchar(45) DEFAULT NULL,
  `id_usuario` int(11) DEFAULT NULL
) ENGINE=InnoDB DEFAULT CHARSET=latin1;

-- --------------------------------------------------------

--
-- Estructura de tabla para la tabla `st_orden_servicio`
--

CREATE TABLE `st_orden_servicio` (
  `id` int(11) NOT NULL,
  `id_num_orden` varchar(45) DEFAULT NULL,
  `id_distribuidor` int(11) DEFAULT NULL,
  `id_tecnico` int(11) DEFAULT NULL,
  `id_producto` int(11) DEFAULT NULL,
  `marca` varchar(45) DEFAULT NULL,
  `modelo` varchar(45) DEFAULT NULL,
  `serial` varchar(45) DEFAULT NULL,
  `descripcion_falla` varchar(150) DEFAULT NULL,
  `revision_previa` varchar(150) DEFAULT NULL,
  `contacto` varchar(45) DEFAULT NULL,
  `telefono` varchar(45) DEFAULT NULL,
  `medio_envio` varchar(45) DEFAULT NULL,
  `medio_recepcion` varchar(45) DEFAULT NULL,
  `direccion_recepcion` varchar(45) DEFAULT NULL,
  `email` varchar(45) DEFAULT NULL,
  `fecha_registro` date DEFAULT NULL,
  `fecha_enajenacion` date DEFAULT NULL,
  `id_garantia` int(11) DEFAULT NULL
) ENGINE=InnoDB DEFAULT CHARSET=latin1;

--
-- Volcado de datos para la tabla `st_orden_servicio`
--

INSERT INTO `st_orden_servicio` (`id`, `id_num_orden`, `id_distribuidor`, `id_tecnico`, `id_producto`, `marca`, `modelo`, `serial`, `descripcion_falla`, `revision_previa`, `contacto`, `telefono`, `medio_envio`, `medio_recepcion`, `direccion_recepcion`, `email`, `fecha_registro`, `fecha_enajenacion`, `id_garantia`) VALUES
(1, 'ST1', 114, 114, NULL, 'Aclas', 'CRD81FJ', 'TFCL110050287', 'dasd', 'sadsad', 'dsadas', '88585858585', NULL, NULL, NULL, 'kd@klsd.com', '2016-10-20', '2016-07-06', 0),
(2, 'ST0000000002', 114, 114, NULL, 'Aclas', 'CRD81FJ', 'TFCL110050093', 'dfdsf', 'dfdf', 'fsdf', '88888888888', NULL, NULL, NULL, 'dfdsf@gkgk.com', '2016-10-20', '2016-06-16', 0),
(3, 'ST0000000003', 114, 114, NULL, 'Aclas', 'CRD81FJ', 'TFCL110050287', 'Prueba', 'Prueba', 'prueba', '22222222222', NULL, NULL, NULL, 'ijsds@sds.com', '2016-10-21', '2016-07-06', 1),
(4, 'ST0000000004', 124, 130, NULL, 'Dascom', 'Tally Dascom 1125', 'TFDM110050264', 'Prueba numero 1', 'Prueba numero 1', 'TKHKA', '02154899777', NULL, NULL, NULL, 'dhaiud@jdis.com', '2016-11-02', '2016-08-04', 1),
(5, 'ST0000000005', 104, 106, NULL, 'Dascom', 'Tally Dascom 1125', 'TFDM110050237', 'Prueba falla', 'Prueba revision', 'pppp', '12345678951', NULL, NULL, NULL, 'dashdn@lkff.com', '2016-11-03', '2016-08-08', 1),
(6, 'ST0000000006', 104, 106, NULL, 'Dascom', 'Tally Dascom 1125', 'TFDM110050237', 'Prueba falla', 'Prueba revision', 'pppp', '12345678951', NULL, NULL, NULL, 'dashdn@lkff.com', '2016-11-03', '2016-08-08', 1),
(7, 'ST0000000007', 104, 106, NULL, 'Dascom', 'Tally Dascom 1125', 'TFDM110050234', 'Prueba para ver la longitud del campo es ', 'sdsad', 'kadnas', '12345678901', NULL, NULL, NULL, 'kbracho@ksf.com', '2016-11-03', '2016-07-26', 1),
(8, 'ST0000000008', 124, 130, NULL, 'Dascom', 'Tally Dascom 1125', 'TFDM110050264', 'Prueba de longitud de caracteres para el detalle de la historia.', 'Prueba de longitud de caracteres para el detalle de la historia.', 'prueba', '12345678901', NULL, NULL, NULL, 'sdsd@kjsda.com', '2016-11-11', '2016-08-04', 1),
(9, 'ST0000000009', 133, 133, NULL, 'Dascom', 'Tally Dascom 1125', 'TFDM110050241', 'Prueba de longitud de caracteres para el detalle de la historia.', 'Prueba de longitud de caracteres para el detalle de la historia.', 'prueba', '12345678901', NULL, NULL, NULL, 'sdds@kjsdk.com', '2016-11-11', '2016-07-18', 1),
(10, 'ST0000000010', 133, 133, NULL, 'Dascom', 'Tally Dascom 1125', 'TFDM110050241', 'Prueba de longitud de caracteres para el detalle de la historia.', 'Prueba de longitud de caracteres para el detalle de la historia.', 'prueba', '12345678901', NULL, NULL, NULL, 'sdds@kjsdk.com', '2016-11-11', '2016-07-18', 1),
(11, 'ST0000000011', 104, 106, NULL, 'Dascom', 'Tally Dascom 1125', 'TFDM110050237', 'Prueba de longitud de caracteres para el detalle de la historia.', 'Prueba de longitud de caracteres para el detalle de la historia.', 'prueba', '12345678901', NULL, NULL, NULL, 'sadsad@ksjd.com', '2016-11-11', '2016-08-08', 1),
(12, 'ST0000000012', 104, 106, NULL, 'Dascom', 'Tally Dascom 1125', 'TFDM110050237', 'Prueba de longitud de caracteres para el detalle de la historia.', 'Prueba de longitud de caracteres para el detalle de la historia.', 'prueba', '12345678901', NULL, NULL, NULL, 'sadsad@ksjd.com', '2016-11-11', '2016-08-08', 1),
(13, 'ST0000000013', 133, 133, NULL, 'Dascom', 'Tally Dascom 1125', 'TFDM110050241', 'Prueba de longitud de caracteres para el detalle de la historia.', 'Prueba de longitud de caracteres para el detalle de la historia.', 'prueba', '12345678901', NULL, NULL, NULL, 'asds@kjsdfs.com', '2016-11-11', '2016-07-18', 1),
(14, 'ST0000000014', 104, 106, NULL, 'Dascom', 'Tally Dascom 1125', 'TFDM110050237', 'Prueba de longitud de caracteres para el detalle de la historia.', 'Prueba de longitud de caracteres para el detalle de la historia.', 'Prueba', '12345678901', NULL, NULL, NULL, 'sds@jsd.com', '2016-11-11', '2016-08-08', 1),
(15, 'ST0000000015', 104, 106, NULL, 'Dascom', 'Tally Dascom 1125', 'TFDM110050237', 'Prueba de longitud de caracteres para el detalle de la historia.', 'Prueba de longitud de caracteres para el detalle de la historia.', 'Prueba', '12345678901', NULL, NULL, NULL, 'sds@jsd.com', '2016-11-11', '2016-08-08', 1),
(16, 'ST0000000016', 104, 106, NULL, 'Dascom', 'Tally Dascom 1125', 'TFDM110050237', 'Prueba de longitud de caracteres para el detalle de la historia.', 'Prueba de longitud de caracteres para el detalle de la historia.', 'Prueba', '12345678901', NULL, NULL, NULL, 'sds@jsd.com', '2016-11-11', '2016-08-08', 1),
(17, 'ST0000000017', 104, 106, NULL, 'Dascom', 'Tally Dascom 1125', 'TFDM110050237', 'Prueba de longitud de caracteres para el detalle de la historia.', 'Prueba de longitud de caracteres para el detalle de la historia.', 'Prueba', '12345678901', NULL, NULL, NULL, 'sds@jsd.com', '2016-11-11', '2016-08-08', 1),
(18, 'ST0000000018', 104, 106, NULL, 'Dascom', 'Tally Dascom 1125', 'TFDM110050237', 'Prueba de longitud de caracteres para el detalle de la historia.', 'Prueba de longitud de caracteres para el detalle de la historia.', 'Prueba', '12345678901', NULL, NULL, NULL, 'sds@jsd.com', '2016-11-11', '2016-08-08', 1),
(19, 'ST0000000019', 104, 106, NULL, 'Dascom', 'Tally Dascom 1125', 'TFDM110050237', 'Prueba de longitud de caracteres para el detalle de la historia.', 'Prueba de longitud de caracteres para el detalle de la historia.', 'Prueba', '12345678901', NULL, NULL, NULL, 'sds@jsd.com', '2016-11-11', '2016-08-08', 1),
(20, 'ST0000000020', 104, 106, NULL, 'Dascom', 'Tally Dascom 1125', 'TFDM110050237', 'Prueba de longitud de caracteres para el detalle de la historia.', 'Prueba de longitud de caracteres para el detalle de la historia.', 'Prueba', '12345678901', NULL, NULL, NULL, 'sds@jsd.com', '2016-11-11', '2016-08-08', 1),
(21, 'ST0000000021', 104, 106, NULL, 'Dascom', 'Tally Dascom 1125', 'TFDM110050237', 'Prueba de longitud de caracteres para el detalle de la historia.', 'Prueba de longitud de caracteres para el detalle de la historia.', 'Prueba', '12345678901', NULL, NULL, NULL, 'sds@jsd.com', '2016-11-11', '2016-08-08', 1),
(22, 'ST0000000022', 162, 162, NULL, 'Aclas', 'CRD81FJ', 'TFCL110008586', 'Prueba ', 'prueba', 'prueba', '58545454545', NULL, NULL, NULL, 'dfejf@ht.com', '2017-05-30', '2017-01-23', 1),
(23, 'ST0000000023', 104, 106, NULL, 'Dascom', 'Tally Dascom 1125', 'TFDM110050232', 'dsfsdfsdf', 'sdfsdfsdfsdf', 'Jenny', '12345678901', NULL, NULL, NULL, 'je@w.com', '2017-06-06', '2016-08-01', 1),
(24, 'ST0000000024', 114, 114, NULL, 'Aclas', 'CRD81FJ', 'TFCL110050287', 'Revisión  y diagnistico, el queipo presnta falla imprime de 5 a 3 y se queda colgada', 'El equipo se encuentra en mas estado\r\n', 'alexander P', '02128623699', NULL, NULL, NULL, 'jmachucatfhka@gmail.com', '2017-06-20', '2016-07-06', 0),
(25, 'ST0000000025', 114, 114, NULL, 'Aclas', 'CRD81FJ', 'TFCL110050093', 'Registro de prueba para equipo', 'No presento fallas en los cables', 'Pedro Perez', '02125001122', NULL, NULL, NULL, 'pperez@prueba.com', '2017-06-27', '2016-06-16', 0),
(26, 'ST0000000026', 104, 106, NULL, 'Dascom', 'Tally Dascom 1125', 'TFDM110050234', 'La balinera del mofle esta fallando por la churunbela\r\n', 'vgtyyikkiu', 'jenny', '76767676767', NULL, NULL, NULL, 'jtedasad@mail.com', '2017-07-12', '2016-07-26', 1),
(27, 'ST0000000027', 104, 106, NULL, 'Dascom', 'Tally Dascom 1125', 'TFDM110050232', 'Cambio de memoria fiscal.', 'Se intento cambiar la memoria auditoria y no fue exitoso.', 'jmaachuca', '04241256649', NULL, NULL, NULL, 'jmachuca@thefactoryhka.com', '2017-07-14', '2016-08-01', 0),
(28, 'ST0000000028', 104, 106, NULL, 'Dascom', 'Tally Dascom 1125', 'TFDM110050232', 'sdadsad', 'sadadsadas', 'sdsad', '85858555555', NULL, NULL, NULL, 'sda@ksjd.com', '2017-07-25', '2016-08-01', 4),
(29, 'ST0000000029', 161, 161, NULL, 'Bixolon', 'SRP-350', 'TFBX110050602', 'Descripcion de falla', 'Revision', 'Jenny', '12312332111', NULL, NULL, NULL, 'email@email.com', '2017-07-31', '2017-07-31', 1),
(30, 'ST0000000030', 113, 134, NULL, 'Dascom', 'Tally Dascom 1125', 'TFDM110050028', '1234567890\'1234567890\'1234567890\'1234567890\'1234567890\'1234567890\'1234567890\'1234567890\'1234567890\'1234567890\'1234567890\'1234567890\'1234567890', '1234567890\'1234567890\'1234567890\'1234567890\'1234567890\'1234567890\'1234567890\'1234567890\'1234567890\'1234567890\'1234567890\'1234567890\'1234567890', '1234567890\'1234567890\'1234567890\'1234567890\'1', '1234567890\'', NULL, NULL, NULL, 'fr@ht.com', '2017-08-01', '2016-04-20', 3),
(31, 'ST0000000031', 158, 158, NULL, 'Bixolon', 'SRP-350', 'TFBX110050001', 'Prueba de Efrain. El equipo viene dañado por algo', 'Está frito', 'fulano', '71717171717', NULL, NULL, NULL, 'eferreira@thefactoryhka.com', '2017-08-11', '2016-08-31', 2),
(32, 'ST0000000032', 133, 133, NULL, 'Dascom', 'Tally Dascom 1125', 'TFDM110050241', 'falla', 'la revise antes de enviarla', 'Jenny', '01111111111', NULL, NULL, NULL, 'jennyramirez25@gmail.com', '2018-03-19', '2016-07-18', 3);

-- --------------------------------------------------------

--
-- Estructura de tabla para la tabla `st_registro_fotografico`
--

CREATE TABLE `st_registro_fotografico` (
  `id` int(11) NOT NULL,
  `path_imagen` varchar(100) DEFAULT NULL,
  `id_orden` int(11) NOT NULL,
  `created_at` date DEFAULT NULL
) ENGINE=InnoDB DEFAULT CHARSET=latin1;

--
-- Volcado de datos para la tabla `st_registro_fotografico`
--

INSERT INTO `st_registro_fotografico` (`id`, `path_imagen`, `id_orden`, `created_at`) VALUES
(1, 'maq7.jpg', 2, '2016-10-20'),
(2, 'mq.jpg', 2, '2016-10-20'),
(3, 'mq2.jpg', 2, '2016-10-20'),
(4, 'ma3.jpg', 7, '2016-11-10'),
(5, 'maq5.jpg', 7, '2016-11-10'),
(6, 'maq6.jpg', 7, '2016-11-10'),
(7, 'maq7.jpg', 7, '2016-11-10'),
(8, '2017-03-24_1047.png', 23, '2017-06-06'),
(9, 'june-17-urban-yogic-life-cal-1920x1080.jpg', 23, '2017-06-06'),
(10, '2017-03-24_1036.png', 24, '2017-07-11'),
(11, '2017-03-24_1041.png', 24, '2017-07-11'),
(12, '2017-03-24_1044.png', 24, '2017-07-11'),
(13, '2017-03-24_1047.png', 24, '2017-07-11'),
(14, '2017-03-24_1036.png', 27, '2017-07-14'),
(15, '2017-03-24_1039.png', 27, '2017-07-14'),
(16, '2017-03-24_1041.png', 27, '2017-07-14'),
(17, '2017-03-24_1044.png', 27, '2017-07-14'),
(18, '2017-03-24_1036.png', 29, '2017-07-31'),
(19, '2017-03-24_1047.png', 29, '2017-07-31'),
(20, 'Destacados  CRD81FJ Dominicana.jpg', 32, '2018-03-19');

-- --------------------------------------------------------

--
-- Estructura de tabla para la tabla `st_repuestos`
--

CREATE TABLE `st_repuestos` (
  `id` int(11) NOT NULL,
  `nombre_repuestos` varchar(45) NOT NULL,
  `descripcion` text,
  `estatus` int(1) NOT NULL,
  `fecha_creacion` date DEFAULT NULL,
  `hora_creacion` time DEFAULT NULL,
  `usuario_crea` int(11) NOT NULL,
  `fecha_modificacion` date DEFAULT NULL,
  `hora_modificacion` time DEFAULT NULL,
  `usuario_modifica` int(11) NOT NULL
) ENGINE=InnoDB DEFAULT CHARSET=latin1;

--
-- Volcado de datos para la tabla `st_repuestos`
--

INSERT INTO `st_repuestos` (`id`, `nombre_repuestos`, `descripcion`, `estatus`, `fecha_creacion`, `hora_creacion`, `usuario_crea`, `fecha_modificacion`, `hora_modificacion`, `usuario_modifica`) VALUES
(3, 'Prueba Repuestos', 'asas', 1, '2017-07-25', '11:07:06', 157, '2017-07-25', '11:07:25', 157),
(4, '0', '', 9, '2017-08-03', '15:08:50', 170, '2017-08-04', '16:08:44', 170);

-- --------------------------------------------------------

--
-- Estructura de tabla para la tabla `st_repuestos_orden`
--

CREATE TABLE `st_repuestos_orden` (
  `id` int(11) NOT NULL,
  `id_repuesto` int(11) NOT NULL,
  `id_orden` int(11) NOT NULL,
  `fecha` date NOT NULL
) ENGINE=InnoDB DEFAULT CHARSET=utf8;

--
-- Volcado de datos para la tabla `st_repuestos_orden`
--

INSERT INTO `st_repuestos_orden` (`id`, `id_repuesto`, `id_orden`, `fecha`) VALUES
(7, 3, 29, '2017-07-31'),
(8, 3, 30, '2017-08-01'),
(9, 3, 32, '2018-03-19');

-- --------------------------------------------------------

--
-- Estructura de tabla para la tabla `type_transaction`
--

CREATE TABLE `type_transaction` (
  `id` int(11) NOT NULL,
  `description` varchar(100) NOT NULL,
  `date_created` timestamp NOT NULL DEFAULT CURRENT_TIMESTAMP ON UPDATE CURRENT_TIMESTAMP,
  `created_by` int(11) NOT NULL,
  `date_edited` timestamp NULL DEFAULT NULL,
  `edited_by` int(11) DEFAULT NULL,
  `date_removed` timestamp NULL DEFAULT NULL,
  `removed_by` varchar(100) DEFAULT NULL
) ENGINE=InnoDB DEFAULT CHARSET=utf8;

--
-- Volcado de datos para la tabla `type_transaction`
--

INSERT INTO `type_transaction` (`id`, `description`, `date_created`, `created_by`, `date_edited`, `edited_by`, `date_removed`, `removed_by`) VALUES
(1, 'Dev V', '2017-07-26 14:52:34', 1, NULL, NULL, NULL, NULL),
(2, 'Venta', '2017-07-26 14:52:50', 1, NULL, NULL, NULL, NULL);

-- --------------------------------------------------------

--
-- Estructura Stand-in para la vista `view_estatus_historia`
-- (Véase abajo para la vista actual)
--
CREATE TABLE `view_estatus_historia` (
`id` int(11)
,`id_num_orden` varchar(45)
,`serial` varchar(45)
,`estatus` varchar(45)
,`id_historia` int(11)
,`fecha_enajenacion` date
,`fecha_registro` date
,`garantia` varchar(100)
);

-- --------------------------------------------------------

--
-- Estructura Stand-in para la vista `view_rbac_menus_usuarios`
-- (Véase abajo para la vista actual)
--
CREATE TABLE `view_rbac_menus_usuarios` (
`menu_id` int(11)
,`menu_descripcion` varchar(100)
,`menu_url` varchar(255)
,`menu_url_tipo` smallint(6)
,`menu_categoria` varchar(20)
,`menu_orden` smallint(6)
,`menu_icono` varchar(70)
,`menu_modulo` varchar(30)
,`menu_jerarquia` int(11)
,`opcion_id` int(11)
,`opcion_descripcion` varchar(100)
,`opcion_opcion` varchar(100)
,`opcion_url` varchar(255)
,`opcion_url_tipo` smallint(6)
,`opcion_categoria` varchar(20)
,`opcion_orden` smallint(6)
,`opcion_icono` varchar(50)
,`opcion_jerarquia` int(11)
,`rol_id` int(11)
,`rol_descripcion` varchar(100)
,`rol_principal` smallint(6)
,`usuario_id` int(11)
,`usuario_nombreusuario` varchar(100)
,`usuario_email` varchar(100)
,`rol_opcion_id` int(11)
,`rol_opcion_usuario_id` int(11)
);

-- --------------------------------------------------------

--
-- Estructura para la vista `view_estatus_historia`
--
DROP TABLE IF EXISTS `view_estatus_historia`;

CREATE ALGORITHM=UNDEFINED DEFINER=`elias`@`127.0.0.1` SQL SECURITY DEFINER VIEW `view_estatus_historia`  AS  select `o`.`id` AS `id`,`o`.`id_num_orden` AS `id_num_orden`,`o`.`serial` AS `serial`,`e`.`nombre` AS `estatus`,`h`.`id` AS `id_historia`,`o`.`fecha_enajenacion` AS `fecha_enajenacion`,`o`.`fecha_registro` AS `fecha_registro`,`g`.`descripcion` AS `garantia` from (((`st_orden_servicio` `o` join `st_historial_ordenes` `h` on((`o`.`id` = `h`.`id_orden`))) join `st_estatus` `e` on((`e`.`id` = `h`.`id_estatus`))) left join `st_garantia` `g` on((`g`.`id` = `o`.`id_garantia`))) where `h`.`id` in (select max(`st_historial_ordenes`.`id`) from `st_historial_ordenes` group by `st_historial_ordenes`.`id_orden`) ;

-- --------------------------------------------------------

--
-- Estructura para la vista `view_rbac_menus_usuarios`
--
DROP TABLE IF EXISTS `view_rbac_menus_usuarios`;

CREATE ALGORITHM=UNDEFINED DEFINER=`elias`@`127.0.0.1` SQL SECURITY DEFINER VIEW `view_rbac_menus_usuarios`  AS  select `rbac_menus`.`id` AS `menu_id`,`rbac_menus`.`descripcion` AS `menu_descripcion`,`rbac_menus`.`url` AS `menu_url`,`rbac_menus`.`url_tipo` AS `menu_url_tipo`,`rbac_menus`.`categoria` AS `menu_categoria`,`rbac_menus`.`orden` AS `menu_orden`,`rbac_menus`.`icono` AS `menu_icono`,`rbac_menus`.`modulo` AS `menu_modulo`,`rbac_menus`.`jerarquia` AS `menu_jerarquia`,`rbac_menu_opciones`.`id` AS `opcion_id`,`rbac_menu_opciones`.`descripcion` AS `opcion_descripcion`,`rbac_menu_opciones`.`opcion` AS `opcion_opcion`,`rbac_menu_opciones`.`url` AS `opcion_url`,`rbac_menu_opciones`.`url_tipo` AS `opcion_url_tipo`,`rbac_menu_opciones`.`categoria` AS `opcion_categoria`,`rbac_menu_opciones`.`orden` AS `opcion_orden`,`rbac_menu_opciones`.`icono` AS `opcion_icono`,`rbac_menu_opciones`.`jerarquia` AS `opcion_jerarquia`,`rbac_roles`.`id` AS `rol_id`,`rbac_roles`.`descripcion` AS `rol_descripcion`,`rbac_roles`.`principal` AS `rol_principal`,`rbac_usuarios`.`id` AS `usuario_id`,`rbac_usuarios`.`nombreusuario` AS `usuario_nombreusuario`,`rbac_usuarios`.`email` AS `usuario_email`,`rbac_roles_opciones`.`id` AS `rol_opcion_id`,`rbac_roles_opciones_usuarios`.`id` AS `rol_opcion_usuario_id` from (((((`rbac_menus` join `rbac_menu_opciones`) join `rbac_roles`) join `rbac_usuarios`) join `rbac_roles_opciones`) join `rbac_roles_opciones_usuarios`) where ((`rbac_menu_opciones`.`menu_id` = `rbac_menus`.`id`) and (`rbac_roles`.`id` = `rbac_roles_opciones`.`rol_id`) and (`rbac_usuarios`.`rol_id` = `rbac_roles`.`id`) and (`rbac_usuarios`.`id` = `rbac_roles_opciones_usuarios`.`usuario_id`) and (`rbac_roles_opciones`.`menu_opcion_id` = `rbac_menu_opciones`.`id`) and (`rbac_roles_opciones_usuarios`.`rol_opcion_id` = `rbac_roles_opciones`.`id`) and (`rbac_menus`.`estatus` = 1) and (`rbac_menu_opciones`.`estatus` = 1) and (`rbac_roles`.`estatus` = 1) and (`rbac_usuarios`.`estatus` = 1) and (`rbac_roles_opciones`.`estatus` = 1) and (`rbac_roles_opciones_usuarios`.`estatus` = 1)) order by `rbac_menus`.`orden`,`rbac_menu_opciones`.`orden` ;

--
-- Índices para tablas volcadas
--

--
-- Indices de la tabla `categories`
--
ALTER TABLE `categories`
  ADD PRIMARY KEY (`code`),
  ADD UNIQUE KEY `id_UNIQUE` (`code`);

--
-- Indices de la tabla `device_types`
--
ALTER TABLE `device_types`
  ADD PRIMARY KEY (`id`);

--
-- Indices de la tabla `dsi_software_houses`
--
ALTER TABLE `dsi_software_houses`
  ADD PRIMARY KEY (`id`);

--
-- Indices de la tabla `files`
--
ALTER TABLE `files`
  ADD PRIMARY KEY (`id`),
  ADD KEY `files_language` (`language`),
  ADD KEY `fk_filesTypes` (`pathTypeFile`);

--
-- Indices de la tabla `files_document`
--
ALTER TABLE `files_document`
  ADD PRIMARY KEY (`id`),
  ADD KEY `files_language` (`language`);

--
-- Indices de la tabla `files_types`
--
ALTER TABLE `files_types`
  ADD PRIMARY KEY (`id`),
  ADD KEY `fk_files_types_languages` (`language`);

--
-- Indices de la tabla `final_clients`
--
ALTER TABLE `final_clients`
  ADD PRIMARY KEY (`id`);

--
-- Indices de la tabla `fiscalized_machines`
--
ALTER TABLE `fiscalized_machines`
  ADD PRIMARY KEY (`id`,`machine_id`),
  ADD KEY `fk_fiscalized_machines_final_clients1_idx` (`final_clients_id`),
  ADD KEY `fk_fiscalized_machines_machines1_idx` (`machine_id`);

--
-- Indices de la tabla `logs`
--
ALTER TABLE `logs`
  ADD PRIMARY KEY (`id`),
  ADD KEY `fk_logs_users` (`user`);

--
-- Indices de la tabla `lots`
--
ALTER TABLE `lots`
  ADD PRIMARY KEY (`id`);

--
-- Indices de la tabla `machines`
--
ALTER TABLE `machines`
  ADD PRIMARY KEY (`id`),
  ADD UNIQUE KEY `serial_UNIQUE` (`serial`),
  ADD KEY `dealer_id` (`dealer_id`);

--
-- Indices de la tabla `machines_sold`
--
ALTER TABLE `machines_sold`
  ADD PRIMARY KEY (`id`),
  ADD KEY `machines_sold_type_transaction_fk` (`id_type_transaction`);

--
-- Indices de la tabla `operating_system`
--
ALTER TABLE `operating_system`
  ADD PRIMARY KEY (`id`);

--
-- Indices de la tabla `operating_systems_user`
--
ALTER TABLE `operating_systems_user`
  ADD PRIMARY KEY (`id`),
  ADD KEY `fk_operating_systems_user_id_idx` (`user_id`),
  ADD KEY `fk_operating_systems_id_idx` (`operatingsystem_id`);

--
-- Indices de la tabla `operations`
--
ALTER TABLE `operations`
  ADD PRIMARY KEY (`id`),
  ADD KEY `dealer_id` (`dealer_id`),
  ADD KEY `technician` (`techinician_id`);

--
-- Indices de la tabla `operation_modes`
--
ALTER TABLE `operation_modes`
  ADD PRIMARY KEY (`id`);

--
-- Indices de la tabla `operation_types`
--
ALTER TABLE `operation_types`
  ADD PRIMARY KEY (`id`),
  ADD UNIQUE KEY `name_UNIQUE` (`name`);

--
-- Indices de la tabla `products`
--
ALTER TABLE `products`
  ADD PRIMARY KEY (`id`),
  ADD KEY `products_trademark` (`trademark`);

--
-- Indices de la tabla `products_brand`
--
ALTER TABLE `products_brand`
  ADD KEY `fk_products_products_type_products_types` (`product_type`),
  ADD KEY `fk_products_products_type_products` (`product`);

--
-- Indices de la tabla `products_products_type`
--
ALTER TABLE `products_products_type`
  ADD KEY `fk_products_products_type_products_types` (`product_type`),
  ADD KEY `fk_products_products_type_products` (`product`);

--
-- Indices de la tabla `products_types`
--
ALTER TABLE `products_types`
  ADD PRIMARY KEY (`id`);

--
-- Indices de la tabla `products_user`
--
ALTER TABLE `products_user`
  ADD PRIMARY KEY (`id`),
  ADD KEY `fk_products_user_id_idx` (`user_id`),
  ADD KEY `fk_products_id_idx` (`product_id`);

--
-- Indices de la tabla `product_files`
--
ALTER TABLE `product_files`
  ADD PRIMARY KEY (`id`),
  ADD KEY `fk_product_files_files` (`file`),
  ADD KEY `fk_product_files_products` (`product`),
  ADD KEY `fk_product_files_files_types` (`file_type`);

--
-- Indices de la tabla `programming_languages`
--
ALTER TABLE `programming_languages`
  ADD PRIMARY KEY (`id`);

--
-- Indices de la tabla `programming_languages_user`
--
ALTER TABLE `programming_languages_user`
  ADD PRIMARY KEY (`id`),
  ADD KEY `fk_programming_languages_user_id_idx` (`user_id`),
  ADD KEY `fk_programming_languages_id_idx` (`programming_languages_id`);

--
-- Indices de la tabla `rbac_menus`
--
ALTER TABLE `rbac_menus`
  ADD PRIMARY KEY (`id`);

--
-- Indices de la tabla `rbac_menu_opciones`
--
ALTER TABLE `rbac_menu_opciones`
  ADD PRIMARY KEY (`id`,`menu_id`),
  ADD KEY `fk_rbac_menu_opciones_rbac_menus1_idx` (`menu_id`);

--
-- Indices de la tabla `rbac_roles`
--
ALTER TABLE `rbac_roles`
  ADD PRIMARY KEY (`id`);

--
-- Indices de la tabla `rbac_roles_opciones`
--
ALTER TABLE `rbac_roles_opciones`
  ADD PRIMARY KEY (`id`,`rol_id`),
  ADD KEY `fk_rbac_roles_opciones_rbac_roles_idx` (`rol_id`),
  ADD KEY `fk_rbac_roles_opciones2_rbac_menu_opciones` (`menu_opcion_id`);

--
-- Indices de la tabla `rbac_roles_opciones_usuarios`
--
ALTER TABLE `rbac_roles_opciones_usuarios`
  ADD PRIMARY KEY (`id`,`rol_opcion_id`,`usuario_id`),
  ADD KEY `fk_rbac_roles_opciones_usuarios_rbac_roles_opciones1_idx` (`rol_opcion_id`),
  ADD KEY `fk_rbac_roles_opciones_usuarios_rbac_usuarios1_idx` (`usuario_id`);

--
-- Indices de la tabla `rbac_usuarios`
--
ALTER TABLE `rbac_usuarios`
  ADD PRIMARY KEY (`id`,`rol_id`),
  ADD KEY `fk_rbac_usuarios_rbac_roles1_idx` (`rol_id`);

--
-- Indices de la tabla `roles_type_files`
--
ALTER TABLE `roles_type_files`
  ADD PRIMARY KEY (`id`),
  ADD KEY `id_rol` (`id_rol`),
  ADD KEY `id_filetype` (`id_filetype`);

--
-- Indices de la tabla `social_reasons`
--
ALTER TABLE `social_reasons`
  ADD PRIMARY KEY (`id`),
  ADD KEY `user_id` (`user_id`);

--
-- Indices de la tabla `st_accesorios`
--
ALTER TABLE `st_accesorios`
  ADD PRIMARY KEY (`id`),
  ADD KEY `FK_idusuario_idx` (`usuario_crea`),
  ADD KEY `FK_usuario_modifica_idx` (`usuario_modifica`);

--
-- Indices de la tabla `st_accesorios_orden`
--
ALTER TABLE `st_accesorios_orden`
  ADD PRIMARY KEY (`id`),
  ADD KEY `FK_accesorios_idx` (`id_accesorio`),
  ADD KEY `FK_ordenServcio_idx` (`id_orden`);

--
-- Indices de la tabla `st_estatus`
--
ALTER TABLE `st_estatus`
  ADD PRIMARY KEY (`id`),
  ADD KEY `FK_usuarioc_estatus_idx` (`usuario_crea`),
  ADD KEY `FK_usuariom_estatus_idx` (`usuario_modifica`);

--
-- Indices de la tabla `st_fallas`
--
ALTER TABLE `st_fallas`
  ADD PRIMARY KEY (`id`),
  ADD KEY `FK_usuarioc_falla_idx` (`usuario_crea`),
  ADD KEY `FK_usuariom_falla_idx` (`usuario_modifica`);

--
-- Indices de la tabla `st_fallas_orden`
--
ALTER TABLE `st_fallas_orden`
  ADD PRIMARY KEY (`id`),
  ADD KEY `FK_fallas_idx` (`id_falla`),
  ADD KEY `FK_historia_idx` (`id_orden`);

--
-- Indices de la tabla `st_garantia`
--
ALTER TABLE `st_garantia`
  ADD PRIMARY KEY (`id`),
  ADD KEY `FK_rbac_usuarios_garantia_idx` (`usuario_crea`,`usuario_modifica`),
  ADD KEY `user_mod_idx` (`usuario_modifica`);

--
-- Indices de la tabla `st_historial_ordenes`
--
ALTER TABLE `st_historial_ordenes`
  ADD PRIMARY KEY (`id`),
  ADD KEY `FK_estatus_idx` (`id_estatus`),
  ADD KEY `FK_orden_idx` (`id_orden`);

--
-- Indices de la tabla `st_modo_envio`
--
ALTER TABLE `st_modo_envio`
  ADD PRIMARY KEY (`id`),
  ADD KEY `FK_usuarioc_envio_idx` (`usuario_crea`),
  ADD KEY `FK_usuariom_envio_idx` (`usuario_modifica`);

--
-- Indices de la tabla `st_orden_envio`
--
ALTER TABLE `st_orden_envio`
  ADD PRIMARY KEY (`id`),
  ADD KEY `FK_ordenServicio_idx` (`id_orden`);

--
-- Indices de la tabla `st_orden_servicio`
--
ALTER TABLE `st_orden_servicio`
  ADD PRIMARY KEY (`id`),
  ADD KEY `FK_idtecnico_idx` (`id_distribuidor`),
  ADD KEY `FK_id_tecnico_idx` (`id_tecnico`);

--
-- Indices de la tabla `st_registro_fotografico`
--
ALTER TABLE `st_registro_fotografico`
  ADD PRIMARY KEY (`id`),
  ADD KEY `FK_orden_reg_Fotografico_idx` (`id_orden`);

--
-- Indices de la tabla `st_repuestos`
--
ALTER TABLE `st_repuestos`
  ADD PRIMARY KEY (`id`),
  ADD KEY `FK_usuarioc_reparacion_idx` (`usuario_crea`),
  ADD KEY `FK_usuariom_reparacion_idx` (`usuario_modifica`);

--
-- Indices de la tabla `st_repuestos_orden`
--
ALTER TABLE `st_repuestos_orden`
  ADD PRIMARY KEY (`id`),
  ADD KEY `FK_orden_idx` (`id_orden`),
  ADD KEY `FK_repuestos_idx` (`id_repuesto`);

--
-- Indices de la tabla `type_transaction`
--
ALTER TABLE `type_transaction`
  ADD PRIMARY KEY (`id`);

--
-- AUTO_INCREMENT de las tablas volcadas
--

--
-- AUTO_INCREMENT de la tabla `categories`
--
ALTER TABLE `categories`
  MODIFY `code` int(11) NOT NULL AUTO_INCREMENT;

--
-- AUTO_INCREMENT de la tabla `device_types`
--
ALTER TABLE `device_types`
  MODIFY `id` int(11) NOT NULL AUTO_INCREMENT, AUTO_INCREMENT=3;

--
-- AUTO_INCREMENT de la tabla `dsi_software_houses`
--
ALTER TABLE `dsi_software_houses`
  MODIFY `id` int(11) NOT NULL AUTO_INCREMENT, AUTO_INCREMENT=60;

--
-- AUTO_INCREMENT de la tabla `files`
--
ALTER TABLE `files`
  MODIFY `id` int(10) UNSIGNED NOT NULL AUTO_INCREMENT, AUTO_INCREMENT=780;

--
-- AUTO_INCREMENT de la tabla `files_document`
--
ALTER TABLE `files_document`
  MODIFY `id` int(10) UNSIGNED NOT NULL AUTO_INCREMENT, AUTO_INCREMENT=45;

--
-- AUTO_INCREMENT de la tabla `files_types`
--
ALTER TABLE `files_types`
  MODIFY `id` int(10) NOT NULL AUTO_INCREMENT, AUTO_INCREMENT=25;

--
-- AUTO_INCREMENT de la tabla `final_clients`
--
ALTER TABLE `final_clients`
  MODIFY `id` int(11) NOT NULL AUTO_INCREMENT, AUTO_INCREMENT=204;

--
-- AUTO_INCREMENT de la tabla `fiscalized_machines`
--
ALTER TABLE `fiscalized_machines`
  MODIFY `id` int(11) NOT NULL AUTO_INCREMENT, AUTO_INCREMENT=185;

--
-- AUTO_INCREMENT de la tabla `lots`
--
ALTER TABLE `lots`
  MODIFY `id` int(11) NOT NULL AUTO_INCREMENT, AUTO_INCREMENT=109;

--
-- AUTO_INCREMENT de la tabla `machines`
--
ALTER TABLE `machines`
  MODIFY `id` int(11) NOT NULL AUTO_INCREMENT, AUTO_INCREMENT=208702;

--
-- AUTO_INCREMENT de la tabla `machines_sold`
--
ALTER TABLE `machines_sold`
  MODIFY `id` int(11) NOT NULL AUTO_INCREMENT;

--
-- AUTO_INCREMENT de la tabla `operating_system`
--
ALTER TABLE `operating_system`
  MODIFY `id` int(11) NOT NULL AUTO_INCREMENT, AUTO_INCREMENT=38;

--
-- AUTO_INCREMENT de la tabla `operating_systems_user`
--
ALTER TABLE `operating_systems_user`
  MODIFY `id` int(10) UNSIGNED NOT NULL AUTO_INCREMENT;

--
-- AUTO_INCREMENT de la tabla `operations`
--
ALTER TABLE `operations`
  MODIFY `id` int(11) NOT NULL AUTO_INCREMENT, AUTO_INCREMENT=189;

--
-- AUTO_INCREMENT de la tabla `operation_modes`
--
ALTER TABLE `operation_modes`
  MODIFY `id` int(11) NOT NULL AUTO_INCREMENT;

--
-- AUTO_INCREMENT de la tabla `operation_types`
--
ALTER TABLE `operation_types`
  MODIFY `id` int(11) NOT NULL AUTO_INCREMENT, AUTO_INCREMENT=2;

--
-- AUTO_INCREMENT de la tabla `products`
--
ALTER TABLE `products`
  MODIFY `id` int(10) UNSIGNED NOT NULL AUTO_INCREMENT, AUTO_INCREMENT=17;

--
-- AUTO_INCREMENT de la tabla `products_types`
--
ALTER TABLE `products_types`
  MODIFY `id` int(10) UNSIGNED NOT NULL AUTO_INCREMENT, AUTO_INCREMENT=7;

--
-- AUTO_INCREMENT de la tabla `products_user`
--
ALTER TABLE `products_user`
  MODIFY `id` int(10) UNSIGNED NOT NULL AUTO_INCREMENT, AUTO_INCREMENT=17;

--
-- AUTO_INCREMENT de la tabla `product_files`
--
ALTER TABLE `product_files`
  MODIFY `id` int(11) NOT NULL AUTO_INCREMENT, AUTO_INCREMENT=858;

--
-- AUTO_INCREMENT de la tabla `programming_languages`
--
ALTER TABLE `programming_languages`
  MODIFY `id` int(11) NOT NULL AUTO_INCREMENT, AUTO_INCREMENT=654;

--
-- AUTO_INCREMENT de la tabla `programming_languages_user`
--
ALTER TABLE `programming_languages_user`
  MODIFY `id` int(10) UNSIGNED NOT NULL AUTO_INCREMENT;

--
-- AUTO_INCREMENT de la tabla `rbac_menus`
--
ALTER TABLE `rbac_menus`
  MODIFY `id` int(11) NOT NULL AUTO_INCREMENT, AUTO_INCREMENT=59;

--
-- AUTO_INCREMENT de la tabla `rbac_menu_opciones`
--
ALTER TABLE `rbac_menu_opciones`
  MODIFY `id` int(11) NOT NULL AUTO_INCREMENT, AUTO_INCREMENT=180;

--
-- AUTO_INCREMENT de la tabla `rbac_roles`
--
ALTER TABLE `rbac_roles`
  MODIFY `id` int(11) NOT NULL AUTO_INCREMENT, AUTO_INCREMENT=11;

--
-- AUTO_INCREMENT de la tabla `rbac_roles_opciones`
--
ALTER TABLE `rbac_roles_opciones`
  MODIFY `id` int(11) NOT NULL AUTO_INCREMENT, AUTO_INCREMENT=586;

--
-- AUTO_INCREMENT de la tabla `rbac_roles_opciones_usuarios`
--
ALTER TABLE `rbac_roles_opciones_usuarios`
  MODIFY `id` int(11) NOT NULL AUTO_INCREMENT, AUTO_INCREMENT=3745;

--
-- AUTO_INCREMENT de la tabla `rbac_usuarios`
--
ALTER TABLE `rbac_usuarios`
  MODIFY `id` int(11) NOT NULL AUTO_INCREMENT, AUTO_INCREMENT=180;

--
-- AUTO_INCREMENT de la tabla `roles_type_files`
--
ALTER TABLE `roles_type_files`
  MODIFY `id` int(11) NOT NULL AUTO_INCREMENT, AUTO_INCREMENT=46;

--
-- AUTO_INCREMENT de la tabla `social_reasons`
--
ALTER TABLE `social_reasons`
  MODIFY `id` int(11) NOT NULL AUTO_INCREMENT, AUTO_INCREMENT=4;

--
-- AUTO_INCREMENT de la tabla `st_accesorios`
--
ALTER TABLE `st_accesorios`
  MODIFY `id` int(11) NOT NULL AUTO_INCREMENT, AUTO_INCREMENT=15;

--
-- AUTO_INCREMENT de la tabla `st_accesorios_orden`
--
ALTER TABLE `st_accesorios_orden`
  MODIFY `id` int(11) NOT NULL AUTO_INCREMENT, AUTO_INCREMENT=128;

--
-- AUTO_INCREMENT de la tabla `st_estatus`
--
ALTER TABLE `st_estatus`
  MODIFY `id` int(11) NOT NULL AUTO_INCREMENT, AUTO_INCREMENT=12;

--
-- AUTO_INCREMENT de la tabla `st_fallas`
--
ALTER TABLE `st_fallas`
  MODIFY `id` int(11) NOT NULL AUTO_INCREMENT, AUTO_INCREMENT=79;

--
-- AUTO_INCREMENT de la tabla `st_fallas_orden`
--
ALTER TABLE `st_fallas_orden`
  MODIFY `id` int(11) NOT NULL AUTO_INCREMENT, AUTO_INCREMENT=79;

--
-- AUTO_INCREMENT de la tabla `st_garantia`
--
ALTER TABLE `st_garantia`
  MODIFY `id` int(11) NOT NULL AUTO_INCREMENT, AUTO_INCREMENT=16;

--
-- AUTO_INCREMENT de la tabla `st_historial_ordenes`
--
ALTER TABLE `st_historial_ordenes`
  MODIFY `id` int(11) NOT NULL AUTO_INCREMENT, AUTO_INCREMENT=58;

--
-- AUTO_INCREMENT de la tabla `st_modo_envio`
--
ALTER TABLE `st_modo_envio`
  MODIFY `id` int(11) NOT NULL AUTO_INCREMENT, AUTO_INCREMENT=4;

--
-- AUTO_INCREMENT de la tabla `st_orden_envio`
--
ALTER TABLE `st_orden_envio`
  MODIFY `id` int(11) NOT NULL AUTO_INCREMENT;

--
-- AUTO_INCREMENT de la tabla `st_orden_servicio`
--
ALTER TABLE `st_orden_servicio`
  MODIFY `id` int(11) NOT NULL AUTO_INCREMENT, AUTO_INCREMENT=33;

--
-- AUTO_INCREMENT de la tabla `st_registro_fotografico`
--
ALTER TABLE `st_registro_fotografico`
  MODIFY `id` int(11) NOT NULL AUTO_INCREMENT, AUTO_INCREMENT=21;

--
-- AUTO_INCREMENT de la tabla `st_repuestos`
--
ALTER TABLE `st_repuestos`
  MODIFY `id` int(11) NOT NULL AUTO_INCREMENT, AUTO_INCREMENT=5;

--
-- AUTO_INCREMENT de la tabla `st_repuestos_orden`
--
ALTER TABLE `st_repuestos_orden`
  MODIFY `id` int(11) NOT NULL AUTO_INCREMENT, AUTO_INCREMENT=10;

--
-- AUTO_INCREMENT de la tabla `type_transaction`
--
ALTER TABLE `type_transaction`
  MODIFY `id` int(11) NOT NULL AUTO_INCREMENT, AUTO_INCREMENT=3;

--
-- Restricciones para tablas volcadas
--

--
-- Filtros para la tabla `fiscalized_machines`
--
ALTER TABLE `fiscalized_machines`
  ADD CONSTRAINT `fk_fiscalized_machines_final_clients1` FOREIGN KEY (`final_clients_id`) REFERENCES `final_clients` (`id`) ON DELETE NO ACTION ON UPDATE NO ACTION,
  ADD CONSTRAINT `fk_fiscalized_machines_machines1` FOREIGN KEY (`machine_id`) REFERENCES `machines` (`id`) ON DELETE NO ACTION ON UPDATE NO ACTION;

--
-- Filtros para la tabla `machines`
--
ALTER TABLE `machines`
  ADD CONSTRAINT `machines_ibfk_1` FOREIGN KEY (`dealer_id`) REFERENCES `rbac_usuarios` (`id`) ON DELETE NO ACTION ON UPDATE NO ACTION;

--
-- Filtros para la tabla `machines_sold`
--
ALTER TABLE `machines_sold`
  ADD CONSTRAINT `machines_sold_type_transaction_fk` FOREIGN KEY (`id_type_transaction`) REFERENCES `type_transaction` (`id`);

--
-- Filtros para la tabla `operating_systems_user`
--
ALTER TABLE `operating_systems_user`
  ADD CONSTRAINT `fk_operating_systems_id` FOREIGN KEY (`operatingsystem_id`) REFERENCES `operating_system` (`id`) ON DELETE NO ACTION ON UPDATE NO ACTION,
  ADD CONSTRAINT `fk_operating_systems_user_id` FOREIGN KEY (`user_id`) REFERENCES `rbac_usuarios` (`id`) ON DELETE NO ACTION ON UPDATE NO ACTION;

--
-- Filtros para la tabla `operations`
--
ALTER TABLE `operations`
  ADD CONSTRAINT `fk_userid` FOREIGN KEY (`dealer_id`) REFERENCES `rbac_usuarios` (`id`) ON DELETE NO ACTION ON UPDATE NO ACTION,
  ADD CONSTRAINT `fktecnico_id` FOREIGN KEY (`techinician_id`) REFERENCES `rbac_usuarios` (`id`) ON DELETE NO ACTION ON UPDATE NO ACTION;

--
-- Filtros para la tabla `products_brand`
--
ALTER TABLE `products_brand`
  ADD CONSTRAINT `products_brand_ibfk_1` FOREIGN KEY (`product_type`) REFERENCES `products_types` (`id`),
  ADD CONSTRAINT `products_brand_ibfk_2` FOREIGN KEY (`product`) REFERENCES `products` (`id`);

--
-- Filtros para la tabla `products_products_type`
--
ALTER TABLE `products_products_type`
  ADD CONSTRAINT `products_products_type_ibfk_1` FOREIGN KEY (`product_type`) REFERENCES `products_types` (`id`),
  ADD CONSTRAINT `products_products_type_ibfk_2` FOREIGN KEY (`product`) REFERENCES `products` (`id`);

--
-- Filtros para la tabla `programming_languages_user`
--
ALTER TABLE `programming_languages_user`
  ADD CONSTRAINT `fk_programming_languages_id` FOREIGN KEY (`programming_languages_id`) REFERENCES `programming_languages` (`id`) ON DELETE NO ACTION ON UPDATE NO ACTION,
  ADD CONSTRAINT `fk_programming_languages_user_id` FOREIGN KEY (`user_id`) REFERENCES `rbac_usuarios` (`id`) ON DELETE NO ACTION ON UPDATE NO ACTION;

--
-- Filtros para la tabla `rbac_menu_opciones`
--
ALTER TABLE `rbac_menu_opciones`
  ADD CONSTRAINT `fk_rbac_menu_opciones_rbac_menus1` FOREIGN KEY (`menu_id`) REFERENCES `rbac_menus` (`id`) ON DELETE NO ACTION ON UPDATE NO ACTION;

--
-- Filtros para la tabla `rbac_roles_opciones`
--
ALTER TABLE `rbac_roles_opciones`
  ADD CONSTRAINT `fk_rbac_roles_opciones2_rbac_menu_opciones` FOREIGN KEY (`menu_opcion_id`) REFERENCES `rbac_menu_opciones` (`id`) ON DELETE NO ACTION ON UPDATE NO ACTION,
  ADD CONSTRAINT `fk_rbac_roles_opciones_rbac_roles` FOREIGN KEY (`rol_id`) REFERENCES `rbac_roles` (`id`);

--
-- Filtros para la tabla `rbac_roles_opciones_usuarios`
--
ALTER TABLE `rbac_roles_opciones_usuarios`
  ADD CONSTRAINT `fk_rbac_roles_opciones_usuarios_rbac_roles_opciones1` FOREIGN KEY (`rol_opcion_id`) REFERENCES `rbac_roles_opciones` (`id`) ON DELETE NO ACTION ON UPDATE NO ACTION,
  ADD CONSTRAINT `fk_rbac_roles_opciones_usuarios_rbac_usuarios1` FOREIGN KEY (`usuario_id`) REFERENCES `rbac_usuarios` (`id`) ON DELETE NO ACTION ON UPDATE NO ACTION;

--
-- Filtros para la tabla `rbac_usuarios`
--
ALTER TABLE `rbac_usuarios`
  ADD CONSTRAINT `fk_rbac_usuarios_rbac_roles1` FOREIGN KEY (`rol_id`) REFERENCES `rbac_roles` (`id`) ON DELETE NO ACTION ON UPDATE NO ACTION;

--
-- Filtros para la tabla `roles_type_files`
--
ALTER TABLE `roles_type_files`
  ADD CONSTRAINT `roles_type_files_ibfk_1` FOREIGN KEY (`id_rol`) REFERENCES `rbac_roles` (`id`),
  ADD CONSTRAINT `roles_type_files_ibfk_2` FOREIGN KEY (`id_filetype`) REFERENCES `files_types` (`id`);

--
-- Filtros para la tabla `social_reasons`
--
ALTER TABLE `social_reasons`
  ADD CONSTRAINT `social_reasons_ibfk_1` FOREIGN KEY (`user_id`) REFERENCES `rbac_usuarios` (`id`);

--
-- Filtros para la tabla `st_accesorios`
--
ALTER TABLE `st_accesorios`
  ADD CONSTRAINT `FK_usuario_crea` FOREIGN KEY (`usuario_crea`) REFERENCES `rbac_usuarios` (`id`) ON DELETE NO ACTION ON UPDATE NO ACTION,
  ADD CONSTRAINT `FK_usuario_modifica` FOREIGN KEY (`usuario_modifica`) REFERENCES `rbac_usuarios` (`id`) ON DELETE NO ACTION ON UPDATE NO ACTION;

--
-- Filtros para la tabla `st_accesorios_orden`
--
ALTER TABLE `st_accesorios_orden`
  ADD CONSTRAINT `FK_ACCESORIOS` FOREIGN KEY (`id_accesorio`) REFERENCES `st_accesorios` (`id`) ON DELETE NO ACTION ON UPDATE NO ACTION,
  ADD CONSTRAINT `FK_ORDENSERVICIO22` FOREIGN KEY (`id_orden`) REFERENCES `st_orden_servicio` (`id`) ON DELETE NO ACTION ON UPDATE NO ACTION;

--
-- Filtros para la tabla `st_estatus`
--
ALTER TABLE `st_estatus`
  ADD CONSTRAINT `FK_usuarioc_estatus` FOREIGN KEY (`usuario_crea`) REFERENCES `rbac_usuarios` (`id`) ON DELETE NO ACTION ON UPDATE NO ACTION,
  ADD CONSTRAINT `FK_usuariom_estatus` FOREIGN KEY (`usuario_modifica`) REFERENCES `rbac_usuarios` (`id`) ON DELETE NO ACTION ON UPDATE NO ACTION;

--
-- Filtros para la tabla `st_fallas`
--
ALTER TABLE `st_fallas`
  ADD CONSTRAINT `FK_usuarioc_falla` FOREIGN KEY (`usuario_crea`) REFERENCES `rbac_usuarios` (`id`) ON DELETE NO ACTION ON UPDATE NO ACTION,
  ADD CONSTRAINT `FK_usuariom_falla` FOREIGN KEY (`usuario_modifica`) REFERENCES `rbac_usuarios` (`id`) ON DELETE NO ACTION ON UPDATE NO ACTION;

--
-- Filtros para la tabla `st_fallas_orden`
--
ALTER TABLE `st_fallas_orden`
  ADD CONSTRAINT `FK_fallas` FOREIGN KEY (`id_falla`) REFERENCES `st_fallas` (`id`) ON DELETE CASCADE ON UPDATE CASCADE,
  ADD CONSTRAINT `FK_orden_servicio` FOREIGN KEY (`id_orden`) REFERENCES `st_orden_servicio` (`id`) ON DELETE NO ACTION ON UPDATE NO ACTION;

--
-- Filtros para la tabla `st_garantia`
--
ALTER TABLE `st_garantia`
  ADD CONSTRAINT `user_crea` FOREIGN KEY (`usuario_crea`) REFERENCES `rbac_usuarios` (`id`) ON DELETE NO ACTION ON UPDATE NO ACTION,
  ADD CONSTRAINT `user_mod` FOREIGN KEY (`usuario_modifica`) REFERENCES `rbac_usuarios` (`id`) ON DELETE NO ACTION ON UPDATE NO ACTION;

--
-- Filtros para la tabla `st_historial_ordenes`
--
ALTER TABLE `st_historial_ordenes`
  ADD CONSTRAINT `FK_estatus` FOREIGN KEY (`id_estatus`) REFERENCES `st_estatus` (`id`) ON DELETE CASCADE ON UPDATE CASCADE,
  ADD CONSTRAINT `FK_orden` FOREIGN KEY (`id_orden`) REFERENCES `st_orden_servicio` (`id`) ON DELETE CASCADE ON UPDATE CASCADE;

--
-- Filtros para la tabla `st_modo_envio`
--
ALTER TABLE `st_modo_envio`
  ADD CONSTRAINT `FK_usuarioc_envio` FOREIGN KEY (`usuario_crea`) REFERENCES `rbac_usuarios` (`id`) ON DELETE NO ACTION ON UPDATE NO ACTION,
  ADD CONSTRAINT `FK_usuariom_envio` FOREIGN KEY (`usuario_modifica`) REFERENCES `rbac_usuarios` (`id`) ON DELETE NO ACTION ON UPDATE NO ACTION;

--
-- Filtros para la tabla `st_orden_envio`
--
ALTER TABLE `st_orden_envio`
  ADD CONSTRAINT `FK_ordenServicio` FOREIGN KEY (`id_orden`) REFERENCES `st_orden_servicio` (`id`) ON DELETE NO ACTION ON UPDATE NO ACTION;

--
-- Filtros para la tabla `st_orden_servicio`
--
ALTER TABLE `st_orden_servicio`
  ADD CONSTRAINT `FK_id_distribuidor` FOREIGN KEY (`id_distribuidor`) REFERENCES `rbac_usuarios` (`id`) ON DELETE CASCADE ON UPDATE CASCADE,
  ADD CONSTRAINT `FK_id_tecnico` FOREIGN KEY (`id_tecnico`) REFERENCES `rbac_usuarios` (`id`) ON DELETE CASCADE ON UPDATE CASCADE;

--
-- Filtros para la tabla `st_registro_fotografico`
--
ALTER TABLE `st_registro_fotografico`
  ADD CONSTRAINT `FK_orden_reg_Fotografico` FOREIGN KEY (`id_orden`) REFERENCES `st_orden_servicio` (`id`) ON DELETE NO ACTION ON UPDATE NO ACTION;

--
-- Filtros para la tabla `st_repuestos`
--
ALTER TABLE `st_repuestos`
  ADD CONSTRAINT `FK_usuarioc_repuestos` FOREIGN KEY (`usuario_crea`) REFERENCES `rbac_usuarios` (`id`) ON DELETE NO ACTION ON UPDATE NO ACTION,
  ADD CONSTRAINT `FK_usuariom_repuestos` FOREIGN KEY (`usuario_modifica`) REFERENCES `rbac_usuarios` (`id`) ON DELETE NO ACTION ON UPDATE NO ACTION;

--
-- Filtros para la tabla `st_repuestos_orden`
--
ALTER TABLE `st_repuestos_orden`
  ADD CONSTRAINT `FK_orden_servicio_` FOREIGN KEY (`id_orden`) REFERENCES `st_orden_servicio` (`id`) ON DELETE NO ACTION ON UPDATE NO ACTION,
  ADD CONSTRAINT `fk_repuesto_1` FOREIGN KEY (`id_repuesto`) REFERENCES `st_repuestos` (`id`) ON DELETE NO ACTION ON UPDATE NO ACTION;
COMMIT;

/*!40101 SET CHARACTER_SET_CLIENT=@OLD_CHARACTER_SET_CLIENT */;
/*!40101 SET CHARACTER_SET_RESULTS=@OLD_CHARACTER_SET_RESULTS */;
/*!40101 SET COLLATION_CONNECTION=@OLD_COLLATION_CONNECTION */;
