-- MySQL dump 10.13  Distrib 5.7.13, for Linux (x86_64)
--
-- Host: 127.0.0.1    Database: tfhka_extranet_patest
-- ------------------------------------------------------
-- Server version	5.7.13-0ubuntu0.16.04.2

/*!40101 SET @OLD_CHARACTER_SET_CLIENT=@@CHARACTER_SET_CLIENT */;
/*!40101 SET @OLD_CHARACTER_SET_RESULTS=@@CHARACTER_SET_RESULTS */;
/*!40101 SET @OLD_COLLATION_CONNECTION=@@COLLATION_CONNECTION */;
/*!40101 SET NAMES utf8 */;
/*!40103 SET @OLD_TIME_ZONE=@@TIME_ZONE */;
/*!40103 SET TIME_ZONE='+00:00' */;
/*!40014 SET @OLD_UNIQUE_CHECKS=@@UNIQUE_CHECKS, UNIQUE_CHECKS=0 */;
/*!40014 SET @OLD_FOREIGN_KEY_CHECKS=@@FOREIGN_KEY_CHECKS, FOREIGN_KEY_CHECKS=0 */;
/*!40101 SET @OLD_SQL_MODE=@@SQL_MODE, SQL_MODE='NO_AUTO_VALUE_ON_ZERO' */;
/*!40111 SET @OLD_SQL_NOTES=@@SQL_NOTES, SQL_NOTES=0 */;

--
-- Table structure for table `categories`
--

DROP TABLE IF EXISTS `categories`;
/*!40101 SET @saved_cs_client     = @@character_set_client */;
/*!40101 SET character_set_client = utf8 */;
CREATE TABLE `categories` (
  `code` int(11) NOT NULL AUTO_INCREMENT,
  `name` varchar(128) COLLATE utf8_spanish_ci NOT NULL,
  `description` varchar(256) COLLATE utf8_spanish_ci NOT NULL,
  PRIMARY KEY (`code`),
  UNIQUE KEY `id_UNIQUE` (`code`)
) ENGINE=InnoDB DEFAULT CHARSET=utf8 COLLATE=utf8_spanish_ci;
/*!40101 SET character_set_client = @saved_cs_client */;

--
-- Dumping data for table `categories`
--

LOCK TABLES `categories` WRITE;
/*!40000 ALTER TABLE `categories` DISABLE KEYS */;
/*!40000 ALTER TABLE `categories` ENABLE KEYS */;
UNLOCK TABLES;

--
-- Table structure for table `device_types`
--

DROP TABLE IF EXISTS `device_types`;
/*!40101 SET @saved_cs_client     = @@character_set_client */;
/*!40101 SET character_set_client = utf8 */;
CREATE TABLE `device_types` (
  `id` int(11) NOT NULL AUTO_INCREMENT,
  `name` varchar(50) COLLATE utf8_spanish_ci NOT NULL,
  `active` tinyint(1) NOT NULL,
  PRIMARY KEY (`id`)
) ENGINE=InnoDB AUTO_INCREMENT=3 DEFAULT CHARSET=utf8 COLLATE=utf8_spanish_ci;
/*!40101 SET character_set_client = @saved_cs_client */;

--
-- Dumping data for table `device_types`
--

LOCK TABLES `device_types` WRITE;
/*!40000 ALTER TABLE `device_types` DISABLE KEYS */;
INSERT INTO `device_types` VALUES (1,'Impresora fiscal',1),(2,'Caja registradora',1);
/*!40000 ALTER TABLE `device_types` ENABLE KEYS */;
UNLOCK TABLES;

--
-- Table structure for table `dsi_software_houses`
--

DROP TABLE IF EXISTS `dsi_software_houses`;
/*!40101 SET @saved_cs_client     = @@character_set_client */;
/*!40101 SET character_set_client = utf8 */;
CREATE TABLE `dsi_software_houses` (
  `id` int(11) NOT NULL AUTO_INCREMENT,
  `name` varchar(50) COLLATE utf8_spanish_ci DEFAULT NULL,
  `ruta` varchar(500) COLLATE utf8_spanish_ci NOT NULL,
  `orden` int(11) NOT NULL,
  `link` varchar(500) COLLATE utf8_spanish_ci DEFAULT NULL,
  `active` int(11) NOT NULL,
  `info` varchar(5000) COLLATE utf8_spanish_ci DEFAULT NULL,
  `language` varchar(2) COLLATE utf8_spanish_ci NOT NULL,
  PRIMARY KEY (`id`)
) ENGINE=InnoDB AUTO_INCREMENT=49 DEFAULT CHARSET=utf8 COLLATE=utf8_spanish_ci;
/*!40101 SET character_set_client = @saved_cs_client */;

--
-- Dumping data for table `dsi_software_houses`
--

LOCK TABLES `dsi_software_houses` WRITE;
/*!40000 ALTER TABLE `dsi_software_houses` DISABLE KEYS */;
INSERT INTO `dsi_software_houses` VALUES (39,'nombres','nombres.png',1,'link',1,'informacion de ejemplo de la casa de software informacion de ejemplo de la casa de software informacion de ejemplo de la casa de softwareinformacion de ejemplo de la casa de software informacion de ejemplo de la casa de software informacion de ejemplo de la casa de software.','es'),(41,'bixolon','bixolon.png',1,'links/links',1,'informacion de ejemplo de la casa de software informacion de ejemplo de la casa de software informacion de ejemplo de la casa de softwareinformacion de ejemplo de la casa de software informacion de ejemplo de la casa de software informacion de ejemplo de la casa de software.','es'),(42,'tally dascom','dascom.png',1,'website',1,'tres informacion de ejemplo de la casa de software','es'),(44,'nombre','star.png',1,'web site.com',1,'info de ejemplos','es'),(46,'tfhka','tfhka.jpg',1,'www.thefactoryhka.com/ve',1,'Prueba-Edicion','ES'),(48,'infotrans','infotrans.png',1,'|',1,'www','es');
/*!40000 ALTER TABLE `dsi_software_houses` ENABLE KEYS */;
UNLOCK TABLES;

--
-- Table structure for table `files`
--

DROP TABLE IF EXISTS `files`;
/*!40101 SET @saved_cs_client     = @@character_set_client */;
/*!40101 SET character_set_client = utf8 */;
CREATE TABLE `files` (
  `id` int(10) unsigned NOT NULL AUTO_INCREMENT,
  `active` int(11) NOT NULL,
  `name` tinytext COLLATE utf8_spanish_ci NOT NULL,
  `path` tinytext COLLATE utf8_spanish_ci NOT NULL,
  `subPath` varchar(500) COLLATE utf8_spanish_ci NOT NULL,
  `version` tinytext COLLATE utf8_spanish_ci,
  `language` varchar(2) COLLATE utf8_spanish_ci NOT NULL,
  `pathTypeFile` int(10) unsigned NOT NULL,
  `category` int(11) NOT NULL,
  `created` varchar(300) COLLATE utf8_spanish_ci DEFAULT NULL,
  `modified` date DEFAULT NULL,
  `typefile` varchar(200) COLLATE utf8_spanish_ci NOT NULL,
  `productos` varchar(500) COLLATE utf8_spanish_ci NOT NULL,
  `publicSitePa` int(11) DEFAULT NULL,
  PRIMARY KEY (`id`),
  KEY `files_language` (`language`),
  KEY `fk_filesTypes` (`pathTypeFile`)
) ENGINE=InnoDB AUTO_INCREMENT=769 DEFAULT CHARSET=utf8 COLLATE=utf8_spanish_ci;
/*!40101 SET character_set_client = @saved_cs_client */;

--
-- Dumping data for table `files`
--

LOCK TABLES `files` WRITE;
/*!40000 ALTER TABLE `files` DISABLE KEYS */;
INSERT INTO `files` VALUES (748,1,'Firmware ','/downloads/SRP810PA_v0100r15_151228.rar','','1.0 Rev 15','es',1,15,'13:09:27 , 2016-02-19',NULL,'application/octet-stream','',0),(749,1,'Lista de Flgas','/downloads/Lista de Flags SRP810_PA.pdf','','V1.0.0','es',4,15,'13:14:47 , 2016-02-19',NULL,'application/pdf','',0),(750,1,'Manual de Usuario ','/downloads/PA-SRP-810 Manual de Usuario V-1.0.0.pdf','','V1.0.0','es',4,15,'13:15:47 , 2016-02-19',NULL,'application/pdf','',0),(751,1,'Manual de Mantenimiento','/downloads/PA-SRP-810 Manual de Mantenimiento V-1.0.0.pdf','','V1.0.0','es',4,15,'13:17:23 , 2016-02-19',NULL,'','',0),(752,1,'Manual Técnico Descriptivo','/downloads/PA-SRP-810 Manual Técnico Descriptivo V-1.0.0.pdf','','V1.0.0','es',4,15,'13:57:34 , 2016-02-19',NULL,'','',0),(753,1,'Manual de Usuario','/downloads/Manual Usuario HKA 80 Fiscal Pa.pdf','','V1.0.0','es',4,15,'14:39:05 , 2016-02-19',NULL,'application/pdf','',0),(754,1,'Manual Técnico Descriptivo ','/downloads/Manual Técnico Descriptivo HKA 80 Fiscal Pa.pdf','','V1.0.0','es',4,15,'14:41:57 , 2016-02-19',NULL,'','',0),(755,1,'Manual de Mantimiento','/downloads/Manual Mantenimiento HKA 80 Fiscal Pa.pdf','','V1.0.0','es',4,15,'14:43:08 , 2016-02-19',NULL,'','',0),(756,1,'Manual de Mantenimiento','/downloads/DT230-Manual de Mantenimiento-PANrev0.2.pdf','','V1.0.2','es',4,15,'15:18:45 , 2016-02-19',NULL,'','',0),(757,1,'Manual de Usuario','/downloads/DT230-Manual del Usuario-PANrev0.2.pdf','','V1.0.2','es',4,15,'15:20:05 , 2016-02-19',NULL,'application/pdf','',0),(758,1,'Manual Técnico Descriptivo','/downloads/DT230-Manual Técnico Descriptivo-PANrev0.7.pdf','','V1.0.7','es',4,15,'15:21:26 , 2016-02-19',NULL,'','',0),(759,1,'Manual de Usuario','/downloads/Manual_de_Usuario_CRD81FJ_V1-3.pdf','','1.0.3','es',4,15,'15:28:49 , 2016-02-19',NULL,'application/pdf','',0),(760,1,'Manual Técnico Descriptivo','/downloads/Manual_de_Usuario_CRD81FJ_V1-3.pdf','','V1.0.0','es',4,15,'15:29:27 , 2016-02-19',NULL,'application/pdf','',0),(761,1,'Resolución','/downloads/Manual_de_Usuario_CRD81FJ_V1-3.pdf','','1','es',4,15,'16:19:20 , 2016-02-19',NULL,'application/pdf','',1),(762,1,'Driver Prolific','/downloads/PL2303 V-3.2.0.0.zip','','V3.2.0.0','es',23,15,'16:46:50 , 2016-02-19',NULL,'application/octet-stream','',1),(763,1,'Resolucion','/downloads/Autorizacion PTY_DGI_SRP350.pdf','','V1.0.0','es',4,15,'09:26:36 , 2016-02-22',NULL,'application/pdf','',0),(764,1,'Resolucion','/downloads/Manual_de_Usuario_CRD81FJ_V1-3.pdf','','V1.0.0','es',4,15,'09:28:09 , 2016-02-22',NULL,'application/pdf','',1),(765,1,'Resolucion','/downloads/Manual_de_Usuario_CRD81FJ_V1-3.pdf','','V1.0.0','es',4,15,'09:29:17 , 2016-02-22',NULL,'application/pdf','',1),(766,1,'Aclas Manager 64 Bits Beta','/downloads/Manual_de_Usuario_CRD81FJ_V1-3.pdf','','V2.0.5.0','es',17,15,'09:47:12 , 2016-02-22',NULL,'','',1),(767,1,'Firmware Bixolon','/downloads/Manual_de_Usuario_CRD81FJ_V1-3.pdf','','1.01 ','es',1,15,'23:14:14 , 2016-05-07',NULL,'application/octet-stream','',1),(768,1,'Prueba','/downloads/Manual_de_Usuario_CRD81FJ_V1-3.pdf','','1','es',4,15,'09:35:01 , 2016-05-30',NULL,'application/pdf','',0);
/*!40000 ALTER TABLE `files` ENABLE KEYS */;
UNLOCK TABLES;

--
-- Table structure for table `files_document`
--

DROP TABLE IF EXISTS `files_document`;
/*!40101 SET @saved_cs_client     = @@character_set_client */;
/*!40101 SET character_set_client = utf8 */;
CREATE TABLE `files_document` (
  `id` int(10) unsigned NOT NULL AUTO_INCREMENT,
  `type` varchar(200) COLLATE ucs2_spanish_ci NOT NULL,
  `estatus` int(11) NOT NULL,
  `size` varchar(11) COLLATE ucs2_spanish_ci NOT NULL,
  `name` tinytext CHARACTER SET utf8 NOT NULL,
  `description` varchar(500) COLLATE ucs2_spanish_ci NOT NULL,
  `path` tinytext CHARACTER SET utf8 NOT NULL,
  `version` tinytext CHARACTER SET utf8,
  `language` varchar(2) CHARACTER SET utf8 NOT NULL,
  `date_publishing` varchar(500) COLLATE ucs2_spanish_ci NOT NULL,
  `pathTypeFile` varchar(100) CHARACTER SET utf8 COLLATE utf8_bin NOT NULL,
  PRIMARY KEY (`id`),
  KEY `files_language` (`language`)
) ENGINE=InnoDB AUTO_INCREMENT=45 DEFAULT CHARSET=ucs2 COLLATE=ucs2_spanish_ci;
/*!40101 SET character_set_client = @saved_cs_client */;

--
-- Dumping data for table `files_document`
--

LOCK TABLES `files_document` WRITE;
/*!40000 ALTER TABLE `files_document` DISABLE KEYS */;
INSERT INTO `files_document` VALUES (42,'application/x-zip-compressed',1,'19541 Bytes','PRUEBA DE ARCHIVO.ZIP','Prueba de archivo comprimido','/downloads/prueba de archivo.zip','1.0','es','11:05:55 , 2015-10-28','images/pdf-download.jpg'),(43,'application/x-zip-compressed',1,'19801 Bytes','ARCHIVO CODIGO 3.ZIP','Prueba numero 3 archivos','/downloads/archivo codigo 3.zip','2.0','es','11:15:51 , 2015-10-28','images/pdf-download.jpg'),(44,'application/x-zip-compressed',1,'9151 Bytes','INTERROGACION.ZIP','Prueba de archivo numero cuatro 4','/downloads/interrogacion.zip','1.2','es','11:25:35 , 2015-10-28','images/pdf-download.jpg');
/*!40000 ALTER TABLE `files_document` ENABLE KEYS */;
UNLOCK TABLES;

--
-- Table structure for table `files_types`
--

DROP TABLE IF EXISTS `files_types`;
/*!40101 SET @saved_cs_client     = @@character_set_client */;
/*!40101 SET character_set_client = utf8 */;
CREATE TABLE `files_types` (
  `id` int(10) NOT NULL AUTO_INCREMENT,
  `name` tinytext COLLATE utf8_spanish_ci NOT NULL,
  `description` mediumtext COLLATE utf8_spanish_ci NOT NULL,
  `language` varchar(2) COLLATE utf8_spanish_ci NOT NULL,
  PRIMARY KEY (`id`),
  KEY `fk_files_types_languages` (`language`)
) ENGINE=InnoDB AUTO_INCREMENT=24 DEFAULT CHARSET=utf8 COLLATE=utf8_spanish_ci;
/*!40101 SET character_set_client = @saved_cs_client */;

--
-- Dumping data for table `files_types`
--

LOCK TABLES `files_types` WRITE;
/*!40000 ALTER TABLE `files_types` DISABLE KEYS */;
INSERT INTO `files_types` VALUES (1,'Firmware','/images/pdf-download.jpg','en'),(4,'Documentacion Técnica','/images/ies2.png','en'),(11,'Pack de Integración','/images/pdf-download.jpg','es'),(17,'Software','/images/pdf-download.jpg','es'),(23,'Otros','/images/pdf-download.jpg','es');
/*!40000 ALTER TABLE `files_types` ENABLE KEYS */;
UNLOCK TABLES;

--
-- Table structure for table `final_clients`
--

DROP TABLE IF EXISTS `final_clients`;
/*!40101 SET @saved_cs_client     = @@character_set_client */;
/*!40101 SET character_set_client = utf8 */;
CREATE TABLE `final_clients` (
  `id` int(11) NOT NULL AUTO_INCREMENT,
  `ruc` varchar(20) COLLATE utf8_spanish_ci NOT NULL,
  `dv` int(2) DEFAULT NULL,
  `name` varchar(200) COLLATE utf8_spanish_ci NOT NULL,
  `social_reason` varchar(100) COLLATE utf8_spanish_ci NOT NULL,
  `phone` varchar(13) COLLATE utf8_spanish_ci DEFAULT NULL,
  `address` text COLLATE utf8_spanish_ci NOT NULL,
  `created` datetime DEFAULT NULL,
  `modified` datetime DEFAULT NULL,
  `active` tinyint(1) NOT NULL,
  PRIMARY KEY (`id`)
) ENGINE=InnoDB AUTO_INCREMENT=71 DEFAULT CHARSET=utf8 COLLATE=utf8_spanish_ci;
/*!40101 SET character_set_client = @saved_cs_client */;

--
-- Dumping data for table `final_clients`
--

LOCK TABLES `final_clients` WRITE;
/*!40000 ALTER TABLE `final_clients` DISABLE KEYS */;
INSERT INTO `final_clients` VALUES (38,'154255114-54',NULL,'prueba','prueba',NULL,'prueba','2016-04-18 09:04:08','2016-04-18 09:04:08',1),(39,'1693288-1-685048',NULL,'Razon social de proeba','Razon social de proeba',NULL,'la direccion de prueba al lado del local azuel  frente a la casa roja','2016-04-27 06:04:24','2016-04-27 06:04:24',1),(40,'1693288-1-685048',NULL,'Cliente de prueba con razon social larga','Cliente de prueba con razon social larga',NULL,'esta es una direccion de prueba larga con muchos caracteres','2016-04-27 06:04:58','2016-04-27 06:04:58',1),(41,'155596713-2-2015',NULL,'asdasdasdasdasdasdsa','asdasdasdasdasdasdsa',NULL,'asdasdasdasasd','2016-05-08 03:05:03','2016-05-08 03:05:03',1),(42,'1982608-1-737281',NULL,'PRUEBA','PRUEBA',NULL,'prueba','2016-06-23 10:06:39','2016-06-23 10:06:39',1),(43,'17383-123-163511',NULL,'prueba2','prueba2',NULL,'sfdefegfegrg','2016-06-23 10:06:29','2016-06-23 10:06:29',1),(44,'2662228-1-842311',NULL,'GENERAL SUPPLY SA','GENERAL SUPPLY SA',NULL,'la cabima, san lorenzo calle principal local 7-8','2016-07-05 04:07:00','2016-07-05 04:07:00',1),(45,'155618829-2-2015',NULL,'CENTRO DE INFORMATICA PANAYS SA SIGLAS CIPSA','CENTRO DE INFORMATICA PANAYS SA SIGLAS CIPSA',NULL,'herrera, chitre corregimiento san juan bautista, calle meliton martin','2016-07-06 11:07:54','2016-07-06 11:07:54',1),(46,'155596660-2-2015',NULL,'SOLUTIONS 2 GO INTERNATIONAL INC','SOLUTIONS 2 GO INTERNATIONAL INC',NULL,'via transistmica, edificio sony, piso 2','2016-07-06 03:07:22','2016-07-06 03:07:22',1),(47,'2222473-1-37303',NULL,'CT PROPERTY CONSULTING','CT PROPERTY CONSULTING',NULL,'galeria balboa, apto 40, bella vista','2016-07-06 03:07:32','2016-07-06 03:07:32',1),(48,'155625931-2-2016',NULL,'DUA INVESTMENTS SA','DUA INVESTMENTS SA',NULL,'plaza altos de panama, local 10, condado del rey','2016-07-06 03:07:54','2016-07-06 03:07:54',1),(49,'155612693-2-2015',NULL,'SEA PLANES PANAMA SA','SEA PLANES PANAMA SA',NULL,'urb. aeropuerto enrique malex, calle san cristobal, edif2, hangar 2, david','2016-07-06 03:07:13','2016-07-06 03:07:13',1),(50,'PE-15-395',NULL,'VIVIANA FRANCHESCA MARCANO RAMIREZ','VIVIANA FRANCHESCA MARCANO RAMIREZ',NULL,'costa hermosa, estacion delta/costa del este, estacion delta','2016-07-06 03:07:09','2016-07-06 03:07:09',1),(51,'PE-15-395',NULL,'VIVIANA FRANCHESCA MARCANO RAMIREZ','VIVIANA FRANCHESCA MARCANO RAMIREZ',NULL,'costa hermosa, estacion delta/costa del este, estacion delta','2016-07-06 03:07:03','2016-07-06 03:07:03',1),(52,'155622643-2-2016',NULL,'RR FITNESS ENTERPRISES INC','RR FITNESS ENTERPRISES INC',NULL,'ph centennial mall, planta baja, local 5','2016-07-06 03:07:06','2016-07-06 03:07:06',1),(53,'2519655-1-821606',NULL,'ROSADANI OIL SA','ROSADANI OIL SA',NULL,'edificio magna corp, c/. 56 este y manuel maria icaza, oficina mez.2','2016-07-06 03:07:24','2016-07-06 03:07:24',1),(54,'155618060-2-2015',NULL,'TRANS LINE S A','TRANS LINE S A',NULL,'ciudad de panama','2016-07-12 03:07:46','2016-07-12 03:07:46',1),(55,'4-739-207',NULL,'AGUSTIN JOSUE RUDAS CANO','AGUSTIN JOSUE RUDAS CANO',NULL,'bella vista, la cresta','2016-07-12 03:07:33','2016-07-12 03:07:33',1),(56,'155589010-2-2014',NULL,'PREMIUM SOLUTIONS SA','PREMIUM SOLUTIONS SA',NULL,'bella vista, urb. el carmen, manuel espinosa','2016-07-12 03:07:13','2016-07-12 03:07:13',1),(57,'1522149-1-651844',NULL,'ROR SERVICES SA','ROR SERVICES SA',NULL,'ciudad de panama, panama','2016-07-12 03:07:28','2016-07-12 03:07:28',1),(58,'1825706-1-709732',NULL,'APCON CONSULTING SA','APCON CONSULTING SA',NULL,'via espaÑa, panama','2016-07-12 03:07:43','2016-07-12 03:07:43',1),(59,'640063-1-457927',NULL,'PANA PARKING','PANA PARKING',NULL,'albrook mall','2016-07-12 03:07:53','2016-07-12 03:07:53',1),(60,'640063-1-457927',NULL,'PANA PARKING','PANA PARKING',NULL,'albrook mall','2016-07-12 03:07:41','2016-07-12 03:07:41',1),(61,'640063-1-457927',NULL,'PANA PARKING','PANA PARKING',NULL,'albrook mall','2016-07-12 03:07:12','2016-07-12 03:07:12',1),(62,'640063-1-457927',NULL,'PANA PARKING','PANA PARKING',NULL,'albrook mall','2016-07-12 03:07:59','2016-07-12 03:07:59',1),(63,'8-779-460',NULL,'LEONARD ANIBAL GOMEZ CORRALES','LEONARD ANIBAL GOMEZ CORRALES',NULL,'ciudad de panama, panama','2016-07-12 03:07:58','2016-07-12 03:07:58',1),(64,'1622680-1-670543',NULL,'SMART DIGITAL TECHNOLOGIES CORP','SMART DIGITAL TECHNOLOGIES CORP',NULL,'condado del rey panama','2016-07-12 03:07:11','2016-07-12 03:07:11',1),(65,'1409842-1-629646',87,'TAS PANAMA SA','TAS PANAMA SA','','el dorado, altos del chase','2016-07-12 04:07:08','2016-07-12 04:07:08',1),(66,'8-429-574',0,'REPUESTOS Y SERVICIOS UNIVERSALES','REPUESTOS Y SERVICIOS UNIVERSALES','67865111','ciudad de panama, panama','2016-07-13 09:07:54','2016-07-13 09:07:54',1),(67,'2603632-1-834263',98,'COMERCIALIZADORA 3000 SA','COMERCIALIZADORA 3000 SA','','via israel,  san francisco, panama','2016-07-13 09:07:28','2016-07-13 09:07:28',1),(68,'155624614-2-2016',91,'EUROLIENS SA','EUROLIENS SA','','via espaÑa, via argentina','2016-07-13 09:07:03','2016-07-13 09:07:03',1),(69,'1409842-1-629646',87,'TAS PANAMA SA','TAS PANAMA SA','','tumba muerto, panama','2016-07-13 09:07:08','2016-07-13 09:07:08',1),(70,'138-289-35920',4,'GEO F NOVEY INC','GEO F NOVEY INC','','ave. central, panama','2016-07-13 09:07:06','2016-07-13 09:07:06',1);
/*!40000 ALTER TABLE `final_clients` ENABLE KEYS */;
UNLOCK TABLES;

--
-- Table structure for table `fiscalized_machines`
--

DROP TABLE IF EXISTS `fiscalized_machines`;
/*!40101 SET @saved_cs_client     = @@character_set_client */;
/*!40101 SET character_set_client = utf8 */;
CREATE TABLE `fiscalized_machines` (
  `id` int(11) NOT NULL AUTO_INCREMENT,
  `final_clients_id` int(11) NOT NULL,
  `date` date NOT NULL,
  `ruc_technician` varchar(45) COLLATE utf8_spanish_ci NOT NULL,
  `ruc_dealer` varchar(45) COLLATE utf8_spanish_ci NOT NULL,
  `observations` text COLLATE utf8_spanish_ci,
  `machine_id` int(11) NOT NULL,
  `created_at` datetime DEFAULT NULL,
  PRIMARY KEY (`id`,`machine_id`),
  KEY `fk_fiscalized_machines_final_clients1_idx` (`final_clients_id`),
  KEY `fk_fiscalized_machines_machines1_idx` (`machine_id`),
  CONSTRAINT `fk_fiscalized_machines_final_clients1` FOREIGN KEY (`final_clients_id`) REFERENCES `final_clients` (`id`) ON DELETE NO ACTION ON UPDATE NO ACTION,
  CONSTRAINT `fk_fiscalized_machines_machines1` FOREIGN KEY (`machine_id`) REFERENCES `machines` (`id`) ON DELETE NO ACTION ON UPDATE NO ACTION
) ENGINE=InnoDB AUTO_INCREMENT=50 DEFAULT CHARSET=utf8 COLLATE=utf8_spanish_ci;
/*!40101 SET character_set_client = @saved_cs_client */;

--
-- Dumping data for table `fiscalized_machines`
--

LOCK TABLES `fiscalized_machines` WRITE;
/*!40000 ALTER TABLE `fiscalized_machines` DISABLE KEYS */;
INSERT INTO `fiscalized_machines` VALUES (3,44,'2016-06-30','19826081737281DV77','19826081737281DV77','',207560,'2016-06-30 00:00:00'),(4,45,'2016-07-06','19826081737281DV77','19826081737281DV77','',207586,'2016-07-06 00:00:00'),(5,46,'2016-04-09','19826081737281DV77','19826081737281DV77','',208178,'2016-04-09 00:00:00'),(6,47,'2016-01-06','19826081737281DV77','19826081737281DV77','',207567,'2016-01-06 00:00:00'),(7,48,'2016-06-02','19826081737281DV77','19826081737281DV77','',207630,'2016-06-02 00:00:00'),(8,49,'2016-06-17','19826081737281DV77','19826081737281DV77','',207624,'2016-06-17 00:00:00'),(9,50,'2016-07-06','19826081737281DV77','19826081737281DV77','',207540,'2016-07-06 00:00:00'),(10,51,'2016-07-06','19826081737281DV77','19826081737281DV77','',207753,'2016-07-06 00:00:00'),(11,52,'2030-06-16','19826081737281DV77','19826081737281DV77','',207569,'2030-06-16 00:00:00'),(12,53,'2016-07-06','19826081737281DV77','19826081737281DV77','',207651,'2016-07-06 00:00:00'),(13,54,'2016-07-12','106698136','17749531700722','',55,'2016-07-12 00:00:00'),(14,55,'2016-04-27','106698136','17749531700722','',56,'2016-04-27 00:00:00'),(15,56,'2016-03-26','106698136','17749531700722','',208211,'2016-03-26 00:00:00'),(16,57,'2016-04-25','106698136','17749531700722','',208210,'2016-04-25 00:00:00'),(17,58,'2016-04-25','106698136','17749531700722','',208196,'2016-04-25 00:00:00'),(18,59,'2016-04-14','106698136','17749531700722','',197,'2016-04-14 00:00:00'),(19,60,'2016-04-14','106698136','17749531700722','',198,'2016-04-14 00:00:00'),(20,61,'2016-04-14','106698136','17749531700722','',199,'2016-04-14 00:00:00'),(21,62,'2016-04-14','106698136','17749531700722','',200,'2016-04-14 00:00:00'),(22,63,'2016-04-07','106698136','17749531700722','',208172,'2016-04-07 00:00:00'),(23,64,'2016-04-06','106698136','17749531700722','',208166,'2016-04-06 00:00:00'),(24,65,'2016-07-12','106698136','17749531700722','',123,'2016-07-12 04:07:08'),(25,66,'2016-07-13','17749531700722','17749531700722','',208165,'2016-07-13 09:07:54'),(26,67,'2016-03-30','17749531700722','17749531700722','',116,'2016-07-13 09:07:28'),(27,68,'2016-03-29','17749531700722','17749531700722','',102,'2016-07-13 09:07:03'),(28,69,'2016-03-17','17749531700722','17749531700722','',137,'2016-07-13 09:07:08'),(29,70,'2016-03-16','17749531700722','17749531700722','',101,'2016-07-13 09:07:06'),(30,70,'2016-03-16','17749531700722','17749531700722','',103,'2016-07-13 09:07:10'),(31,70,'2016-03-16','17749531700722','17749531700722','',104,'2016-07-13 09:07:22'),(32,70,'2016-03-16','17749531700722','17749531700722','',181,'2016-07-13 09:07:52'),(33,70,'2016-03-16','17749531700722','17749531700722','',182,'2016-07-13 09:07:00'),(34,70,'2016-03-16','17749531700722','17749531700722','',183,'2016-07-13 09:07:11'),(35,70,'2016-03-16','17749531700722','17749531700722','',184,'2016-07-13 09:07:17'),(36,41,'2016-07-22','17749531700722','17749531700722','kjhgfljglkj',208560,'2016-07-22 08:07:08'),(37,41,'2016-07-22','056666227','17749531700722','lkjhlkjh',208561,'2016-07-22 08:07:59'),(38,41,'2016-07-22','106698136','17749531700722','lajkshdlkajsd',208559,'2016-07-22 09:07:27'),(47,41,'2016-08-01','1234567890','1234567890','prueba',208556,NULL),(48,41,'2016-08-01','1234567890','1234567890','prueba',208555,NULL),(49,41,'2016-08-01','1234567890','1234567890','prueba',208554,NULL);
/*!40000 ALTER TABLE `fiscalized_machines` ENABLE KEYS */;
UNLOCK TABLES;

--
-- Table structure for table `logs`
--

DROP TABLE IF EXISTS `logs`;
/*!40101 SET @saved_cs_client     = @@character_set_client */;
/*!40101 SET character_set_client = utf8 */;
CREATE TABLE `logs` (
  `id` int(11) NOT NULL,
  `description` varchar(500) COLLATE utf8_unicode_ci NOT NULL,
  `ip` tinytext COLLATE utf8_unicode_ci NOT NULL,
  `date` datetime NOT NULL,
  `user` int(11) NOT NULL,
  PRIMARY KEY (`id`),
  KEY `fk_logs_users` (`user`)
) ENGINE=InnoDB DEFAULT CHARSET=utf8 COLLATE=utf8_unicode_ci;
/*!40101 SET character_set_client = @saved_cs_client */;

--
-- Dumping data for table `logs`
--

LOCK TABLES `logs` WRITE;
/*!40000 ALTER TABLE `logs` DISABLE KEYS */;
INSERT INTO `logs` VALUES (1,'inicio - prueba','192.1.1.0','2016-01-25 02:05:14',1),(2,'mensaje a - prueba','192.1.1.6','2016-01-25 04:00:16',2),(3,'mensaje b - prueba','192.1.1.7','2016-01-25 07:31:14',3);
/*!40000 ALTER TABLE `logs` ENABLE KEYS */;
UNLOCK TABLES;

--
-- Table structure for table `lots`
--

DROP TABLE IF EXISTS `lots`;
/*!40101 SET @saved_cs_client     = @@character_set_client */;
/*!40101 SET character_set_client = utf8 */;
CREATE TABLE `lots` (
  `id` int(11) NOT NULL AUTO_INCREMENT,
  `user_id` int(11) NOT NULL,
  `initial` int(11) DEFAULT NULL,
  `quantity` int(11) NOT NULL,
  `date` datetime NOT NULL,
  PRIMARY KEY (`id`)
) ENGINE=InnoDB AUTO_INCREMENT=82 DEFAULT CHARSET=utf8 COLLATE=utf8_spanish_ci;
/*!40101 SET character_set_client = @saved_cs_client */;

--
-- Dumping data for table `lots`
--

LOCK TABLES `lots` WRITE;
/*!40000 ALTER TABLE `lots` DISABLE KEYS */;
INSERT INTO `lots` VALUES (55,4,50001,200,'2016-03-28 16:47:52'),(58,4,500001,10,'2016-03-29 10:18:36'),(59,4,NULL,199,'2016-03-29 11:10:04'),(60,16,501,10,'2016-03-29 14:31:48'),(61,17,50001,200,'2016-03-30 21:12:53'),(62,20,1,0,'2016-05-04 15:34:40'),(63,20,1,2,'2016-05-04 15:35:16'),(64,20,1,2,'2016-05-04 15:36:54'),(65,20,1,2,'2016-05-04 15:44:28'),(66,20,6,1,'2016-05-04 15:45:07'),(67,20,1,2,'2016-05-04 15:48:52'),(68,20,10,1,'2016-05-04 15:50:28'),(69,20,123123,1,'2016-05-08 00:02:34'),(70,20,1100006,1,'2016-05-08 00:03:20'),(71,20,1231231,1,'2016-05-08 00:03:47'),(72,20,1231231,2,'2016-05-08 15:47:04'),(73,20,1231231,2,'2016-05-08 15:47:55'),(74,4,9999900,10,'2016-05-09 15:35:21'),(75,4,0,203,'2016-05-30 08:56:15'),(76,4,0,50,'2016-05-30 08:57:49'),(77,17,NULL,200,'2016-06-10 10:09:27'),(78,17,50400,200,'2016-06-10 10:10:18'),(79,112,50001,295,'2016-07-05 10:09:19'),(80,112,500001,400,'2016-07-05 10:13:43'),(81,112,50001,400,'2016-07-05 10:15:36');
/*!40000 ALTER TABLE `lots` ENABLE KEYS */;
UNLOCK TABLES;

--
-- Table structure for table `machines`
--

DROP TABLE IF EXISTS `machines`;
/*!40101 SET @saved_cs_client     = @@character_set_client */;
/*!40101 SET character_set_client = utf8 */;
CREATE TABLE `machines` (
  `id` int(11) NOT NULL AUTO_INCREMENT,
  `serial` varchar(13) COLLATE utf8_spanish_ci NOT NULL,
  `dealer_id` int(11) DEFAULT NULL,
  `observation` text COLLATE utf8_spanish_ci,
  `status` tinyint(4) NOT NULL DEFAULT '1',
  `created` datetime NOT NULL,
  PRIMARY KEY (`id`),
  UNIQUE KEY `serial_UNIQUE` (`serial`),
  KEY `dealer_id` (`dealer_id`),
  CONSTRAINT `machines_ibfk_1` FOREIGN KEY (`dealer_id`) REFERENCES `rbac_usuarios` (`id`) ON DELETE NO ACTION ON UPDATE NO ACTION
) ENGINE=InnoDB AUTO_INCREMENT=208562 DEFAULT CHARSET=utf8 COLLATE=utf8_spanish_ci;
/*!40101 SET character_set_client = @saved_cs_client */;

--
-- Dumping data for table `machines`
--

LOCK TABLES `machines` WRITE;
/*!40000 ALTER TABLE `machines` DISABLE KEYS */;
INSERT INTO `machines` VALUES (1,'TFBX110050001',NULL,'Primeros seriales SRP350',1,'2016-03-29 00:00:00'),(2,'TFBX110050002',NULL,'Primeros seriales SRP350',1,'2016-03-29 11:10:04'),(3,'TFBX110050003',NULL,'Primeros seriales SRP350',1,'2016-03-29 11:10:04'),(4,'TFBX110050004',NULL,'Primeros seriales SRP350',1,'2016-03-29 11:10:04'),(5,'TFBX110050005',NULL,'Primeros seriales SRP350',1,'2016-03-29 11:10:04'),(6,'TFBX110050006',NULL,'Primeros seriales SRP350',1,'2016-03-29 11:10:04'),(7,'TFBX110050007',NULL,'Primeros seriales SRP350',1,'2016-03-29 11:10:04'),(8,'TFBX110050008',NULL,'Primeros seriales SRP350',1,'2016-03-29 11:10:04'),(9,'TFBX110050009',NULL,'Primeros seriales SRP350',1,'2016-03-29 11:10:04'),(10,'TFBX110050010',NULL,'Primeros seriales SRP350',1,'2016-03-29 11:10:04'),(11,'TFBX110050011',NULL,'Primeros seriales SRP350',1,'2016-03-29 11:10:04'),(12,'TFBX110050012',NULL,'Primeros seriales SRP350',1,'2016-03-29 11:10:04'),(13,'TFBX110050013',NULL,'Primeros seriales SRP350',1,'2016-03-29 11:10:04'),(14,'TFBX110050014',NULL,'Primeros seriales SRP350',1,'2016-03-29 11:10:04'),(15,'TFBX110050015',NULL,'Primeros seriales SRP350',1,'2016-03-29 11:10:04'),(16,'TFBX110050016',NULL,'Primeros seriales SRP350',1,'2016-03-29 11:10:04'),(17,'TFBX110050017',NULL,'Primeros seriales SRP350',1,'2016-03-29 11:10:04'),(18,'TFBX110050018',NULL,'Primeros seriales SRP350',1,'2016-03-29 11:10:04'),(19,'TFBX110050019',NULL,'Primeros seriales SRP350',1,'2016-03-29 11:10:04'),(20,'TFBX110050020',NULL,'Primeros seriales SRP350',1,'2016-03-29 11:10:04'),(21,'TFBX110050021',NULL,'Primeros seriales SRP350',1,'2016-03-29 11:10:04'),(22,'TFBX110050022',NULL,'Primeros seriales SRP350',1,'2016-03-29 11:10:04'),(23,'TFBX110050023',NULL,'Primeros seriales SRP350',1,'2016-03-29 11:10:04'),(24,'TFBX110050024',NULL,'Primeros seriales SRP350',1,'2016-03-29 11:10:04'),(25,'TFBX110050025',NULL,'Primeros seriales SRP350',1,'2016-03-29 11:10:04'),(26,'TFBX110050026',NULL,'Primeros seriales SRP350',1,'2016-03-29 11:10:04'),(27,'TFBX110050027',NULL,'Primeros seriales SRP350',1,'2016-03-29 11:10:04'),(28,'TFBX110050028',NULL,'Primeros seriales SRP350',1,'2016-03-29 11:10:04'),(29,'TFBX110050029',NULL,'Primeros seriales SRP350',1,'2016-03-29 11:10:04'),(30,'TFBX110050030',NULL,'Primeros seriales SRP350',1,'2016-03-29 11:10:04'),(31,'TFBX110050031',NULL,'Primeros seriales SRP350',1,'2016-03-29 11:10:04'),(32,'TFBX110050032',NULL,'Primeros seriales SRP350',1,'2016-03-29 11:10:04'),(33,'TFBX110050033',NULL,'Primeros seriales SRP350',1,'2016-03-29 11:10:04'),(34,'TFBX110050034',NULL,'Primeros seriales SRP350',1,'2016-03-29 11:10:04'),(35,'TFBX110050035',NULL,'Primeros seriales SRP350',1,'2016-03-29 11:10:04'),(36,'TFBX110050036',NULL,'Primeros seriales SRP350',1,'2016-03-29 11:10:04'),(37,'TFBX110050037',NULL,'Primeros seriales SRP350',1,'2016-03-29 11:10:04'),(38,'TFBX110050038',NULL,'Primeros seriales SRP350',1,'2016-03-29 11:10:04'),(39,'TFBX110050039',NULL,'Primeros seriales SRP350',1,'2016-03-29 11:10:04'),(40,'TFBX110050040',NULL,'Primeros seriales SRP350',1,'2016-03-29 11:10:04'),(41,'TFBX110050041',NULL,'Primeros seriales SRP350',1,'2016-03-29 11:10:04'),(42,'TFBX110050042',NULL,'Primeros seriales SRP350',1,'2016-03-29 11:10:04'),(43,'TFBX110050043',NULL,'Primeros seriales SRP350',1,'2016-03-29 11:10:04'),(44,'TFBX110050044',NULL,'Primeros seriales SRP350',1,'2016-03-29 11:10:04'),(45,'TFBX110050045',NULL,'Primeros seriales SRP350',1,'2016-03-29 11:10:04'),(46,'TFBX110050046',NULL,'Primeros seriales SRP350',1,'2016-03-29 11:10:04'),(47,'TFBX110050047',NULL,'Primeros seriales SRP350',1,'2016-03-29 11:10:04'),(48,'TFBX110050048',NULL,'Primeros seriales SRP350',1,'2016-03-29 11:10:04'),(49,'TFBX110050049',NULL,'Primeros seriales SRP350',1,'2016-03-29 11:10:04'),(50,'TFBX110050050',NULL,'Primeros seriales SRP350',1,'2016-03-29 11:10:04'),(51,'TFBX110050051',NULL,'Primeros seriales SRP350',1,'2016-03-29 11:10:04'),(52,'TFBX110050052',NULL,'Primeros seriales SRP350',1,'2016-03-29 11:10:04'),(53,'TFBX110050053',NULL,'Primeros seriales SRP350',1,'2016-03-29 11:10:04'),(54,'TFBX110050054',NULL,'Primeros seriales SRP350',1,'2016-03-29 11:10:04'),(55,'TFBX110050055',NULL,'Primeros seriales SRP350',1,'2016-03-29 11:10:04'),(56,'TFBX110050056',NULL,'Primeros seriales SRP350',1,'2016-03-29 11:10:04'),(57,'TFBX110050057',NULL,'Primeros seriales SRP350',1,'2016-03-29 11:10:04'),(58,'TFBX110050058',NULL,'Primeros seriales SRP350',1,'2016-03-29 11:10:04'),(59,'TFBX110050059',NULL,'Primeros seriales SRP350',1,'2016-03-29 11:10:04'),(60,'TFBX110050060',NULL,'Primeros seriales SRP350',1,'2016-03-29 11:10:04'),(61,'TFBX110050061',NULL,'Primeros seriales SRP350',1,'2016-03-29 11:10:04'),(62,'TFBX110050062',NULL,'Primeros seriales SRP350',1,'2016-03-29 11:10:04'),(63,'TFBX110050063',NULL,'Primeros seriales SRP350',1,'2016-03-29 11:10:04'),(64,'TFBX110050064',NULL,'Primeros seriales SRP350',1,'2016-03-29 11:10:04'),(65,'TFBX110050065',NULL,'Primeros seriales SRP350',1,'2016-03-29 11:10:04'),(66,'TFBX110050066',NULL,'Primeros seriales SRP350',1,'2016-03-29 11:10:04'),(67,'TFBX110050067',NULL,'Primeros seriales SRP350',1,'2016-03-29 11:10:04'),(68,'TFBX110050068',NULL,'Primeros seriales SRP350',1,'2016-03-29 11:10:04'),(69,'TFBX110050069',NULL,'Primeros seriales SRP350',1,'2016-03-29 11:10:04'),(70,'TFBX110050070',NULL,'Primeros seriales SRP350',1,'2016-03-29 11:10:04'),(71,'TFBX110050071',NULL,'Primeros seriales SRP350',1,'2016-03-29 11:10:04'),(72,'TFBX110050072',NULL,'Primeros seriales SRP350',1,'2016-03-29 11:10:04'),(73,'TFBX110050073',NULL,'Primeros seriales SRP350',1,'2016-03-29 11:10:04'),(74,'TFBX110050074',NULL,'Primeros seriales SRP350',1,'2016-03-29 11:10:04'),(75,'TFBX110050075',NULL,'Primeros seriales SRP350',1,'2016-03-29 11:10:04'),(76,'TFBX110050076',NULL,'Primeros seriales SRP350',1,'2016-03-29 11:10:04'),(77,'TFBX110050077',NULL,'Primeros seriales SRP350',1,'2016-03-29 11:10:04'),(78,'TFBX110050078',NULL,'Primeros seriales SRP350',1,'2016-03-29 11:10:04'),(79,'TFBX110050079',NULL,'Primeros seriales SRP350',1,'2016-03-29 11:10:04'),(80,'TFBX110050080',NULL,'Primeros seriales SRP350',1,'2016-03-29 11:10:04'),(81,'TFBX110050081',NULL,'Primeros seriales SRP350',1,'2016-03-29 11:10:04'),(82,'TFBX110050082',NULL,'Primeros seriales SRP350',1,'2016-03-29 11:10:04'),(83,'TFBX110050083',NULL,'Primeros seriales SRP350',1,'2016-03-29 11:10:04'),(84,'TFBX110050084',NULL,'Primeros seriales SRP350',1,'2016-03-29 11:10:04'),(85,'TFBX110050085',NULL,'Primeros seriales SRP350',1,'2016-03-29 11:10:04'),(86,'TFBX110050086',NULL,'Primeros seriales SRP350',1,'2016-03-29 11:10:04'),(87,'TFBX110050087',NULL,'Primeros seriales SRP350',1,'2016-03-29 11:10:04'),(88,'TFBX110050088',NULL,'Primeros seriales SRP350',1,'2016-03-29 11:10:04'),(89,'TFBX110050089',NULL,'Primeros seriales SRP350',1,'2016-03-29 11:10:04'),(90,'TFBX110050090',NULL,'Primeros seriales SRP350',1,'2016-03-29 11:10:04'),(91,'TFBX110050091',NULL,'Primeros seriales SRP350',1,'2016-03-29 11:10:04'),(92,'TFBX110050092',NULL,'Primeros seriales SRP350',1,'2016-03-29 11:10:04'),(93,'TFBX110050093',NULL,'Primeros seriales SRP350',1,'2016-03-29 11:10:04'),(94,'TFBX110050094',NULL,'Primeros seriales SRP350',1,'2016-03-29 11:10:04'),(95,'TFBX110050095',NULL,'Primeros seriales SRP350',1,'2016-03-29 11:10:04'),(96,'TFBX110050096',NULL,'Primeros seriales SRP350',1,'2016-03-29 11:10:04'),(97,'TFBX110050097',NULL,'Primeros seriales SRP350',1,'2016-03-29 11:10:04'),(98,'TFBX110050098',NULL,'Primeros seriales SRP350',1,'2016-03-29 11:10:04'),(99,'TFBX110050099',NULL,'Primeros seriales SRP350',1,'2016-03-29 11:10:04'),(100,'TFBX110050100',NULL,'Primeros seriales SRP350',1,'2016-03-29 11:10:04'),(101,'TFBX110050101',NULL,'Primeros seriales SRP350',1,'2016-03-29 11:10:04'),(102,'TFBX110050102',NULL,'Primeros seriales SRP350',1,'2016-03-29 11:10:04'),(103,'TFBX110050103',NULL,'Primeros seriales SRP350',1,'2016-03-29 11:10:04'),(104,'TFBX110050104',NULL,'Primeros seriales SRP350',1,'2016-03-29 11:10:04'),(105,'TFBX110050105',NULL,'Primeros seriales SRP350',1,'2016-03-29 11:10:04'),(106,'TFBX110050106',NULL,'Primeros seriales SRP350',1,'2016-03-29 11:10:04'),(107,'TFBX110050107',NULL,'Primeros seriales SRP350',1,'2016-03-29 11:10:04'),(108,'TFBX110050108',NULL,'Primeros seriales SRP350',1,'2016-03-29 11:10:04'),(109,'TFBX110050109',NULL,'Primeros seriales SRP350',1,'2016-03-29 11:10:04'),(110,'TFBX110050110',NULL,'Primeros seriales SRP350',1,'2016-03-29 11:10:04'),(111,'TFBX110050111',NULL,'Primeros seriales SRP350',1,'2016-03-29 11:10:04'),(112,'TFBX110050112',NULL,'Primeros seriales SRP350',1,'2016-03-29 11:10:04'),(113,'TFBX110050113',NULL,'Primeros seriales SRP350',1,'2016-03-29 11:10:04'),(114,'TFBX110050114',NULL,'Primeros seriales SRP350',1,'2016-03-29 11:10:04'),(115,'TFBX110050115',NULL,'Primeros seriales SRP350',1,'2016-03-29 11:10:04'),(116,'TFBX110050116',NULL,'Primeros seriales SRP350',1,'2016-03-29 11:10:04'),(117,'TFBX110050117',NULL,'Primeros seriales SRP350',1,'2016-03-29 11:10:04'),(118,'TFBX110050118',NULL,'Primeros seriales SRP350',1,'2016-03-29 11:10:04'),(119,'TFBX110050119',NULL,'Primeros seriales SRP350',1,'2016-03-29 11:10:04'),(120,'TFBX110050120',NULL,'Primeros seriales SRP350',1,'2016-03-29 11:10:04'),(121,'TFBX110050121',NULL,'Primeros seriales SRP350',1,'2016-03-29 11:10:04'),(122,'TFBX110050122',NULL,'Primeros seriales SRP350',1,'2016-03-29 11:10:04'),(123,'TFBX110050123',NULL,'Primeros seriales SRP350',1,'2016-03-29 11:10:04'),(124,'TFBX110050124',NULL,'Primeros seriales SRP350',1,'2016-03-29 11:10:04'),(125,'TFBX110050125',NULL,'Primeros seriales SRP350',1,'2016-03-29 11:10:04'),(126,'TFBX110050126',NULL,'Primeros seriales SRP350',1,'2016-03-29 11:10:04'),(127,'TFBX110050127',NULL,'Primeros seriales SRP350',1,'2016-03-29 11:10:04'),(128,'TFBX110050128',NULL,'Primeros seriales SRP350',1,'2016-03-29 11:10:04'),(129,'TFBX110050129',NULL,'Primeros seriales SRP350',1,'2016-03-29 11:10:04'),(130,'TFBX110050130',NULL,'Primeros seriales SRP350',1,'2016-03-29 11:10:04'),(131,'TFBX110050131',NULL,'Primeros seriales SRP350',1,'2016-03-29 11:10:04'),(132,'TFBX110050132',NULL,'Primeros seriales SRP350',1,'2016-03-29 11:10:04'),(133,'TFBX110050133',NULL,'Primeros seriales SRP350',1,'2016-03-29 11:10:04'),(134,'TFBX110050134',NULL,'Primeros seriales SRP350',1,'2016-03-29 11:10:04'),(135,'TFBX110050135',NULL,'Primeros seriales SRP350',1,'2016-03-29 11:10:04'),(136,'TFBX110050136',NULL,'Primeros seriales SRP350',1,'2016-03-29 11:10:04'),(137,'TFBX110050137',NULL,'Primeros seriales SRP350',1,'2016-03-29 11:10:04'),(138,'TFBX110050138',NULL,'Primeros seriales SRP350',1,'2016-03-29 11:10:04'),(139,'TFBX110050139',NULL,'Primeros seriales SRP350',1,'2016-03-29 11:10:04'),(140,'TFBX110050140',NULL,'Primeros seriales SRP350',1,'2016-03-29 11:10:04'),(141,'TFBX110050141',NULL,'Primeros seriales SRP350',1,'2016-03-29 11:10:04'),(142,'TFBX110050142',NULL,'Primeros seriales SRP350',1,'2016-03-29 11:10:04'),(143,'TFBX110050143',NULL,'Primeros seriales SRP350',1,'2016-03-29 11:10:04'),(144,'TFBX110050144',NULL,'Primeros seriales SRP350',1,'2016-03-29 11:10:04'),(145,'TFBX110050145',NULL,'Primeros seriales SRP350',1,'2016-03-29 11:10:04'),(146,'TFBX110050146',NULL,'Primeros seriales SRP350',1,'2016-03-29 11:10:04'),(147,'TFBX110050147',NULL,'Primeros seriales SRP350',1,'2016-03-29 11:10:04'),(148,'TFBX110050148',NULL,'Primeros seriales SRP350',1,'2016-03-29 11:10:04'),(149,'TFBX110050149',NULL,'Primeros seriales SRP350',1,'2016-03-29 11:10:04'),(150,'TFBX110050150',NULL,'Primeros seriales SRP350',1,'2016-03-29 11:10:04'),(151,'TFBX110050151',NULL,'Primeros seriales SRP350',1,'2016-03-29 11:10:04'),(152,'TFBX110050152',NULL,'Primeros seriales SRP350',1,'2016-03-29 11:10:04'),(153,'TFBX110050153',NULL,'Primeros seriales SRP350',1,'2016-03-29 11:10:04'),(154,'TFBX110050154',NULL,'Primeros seriales SRP350',1,'2016-03-29 11:10:04'),(155,'TFBX110050155',NULL,'Primeros seriales SRP350',1,'2016-03-29 11:10:04'),(156,'TFBX110050156',NULL,'Primeros seriales SRP350',1,'2016-03-29 11:10:04'),(157,'TFBX110050157',NULL,'Primeros seriales SRP350',1,'2016-03-29 11:10:04'),(158,'TFBX110050158',NULL,'Primeros seriales SRP350',1,'2016-03-29 11:10:04'),(159,'TFBX110050159',NULL,'Primeros seriales SRP350',1,'2016-03-29 11:10:04'),(160,'TFBX110050160',NULL,'Primeros seriales SRP350',1,'2016-03-29 11:10:04'),(161,'TFBX110050161',NULL,'Primeros seriales SRP350',1,'2016-03-29 11:10:04'),(162,'TFBX110050162',NULL,'Primeros seriales SRP350',1,'2016-03-29 11:10:04'),(163,'TFBX110050163',NULL,'Primeros seriales SRP350',1,'2016-03-29 11:10:04'),(164,'TFBX110050164',NULL,'Primeros seriales SRP350',1,'2016-03-29 11:10:04'),(165,'TFBX110050165',NULL,'Primeros seriales SRP350',1,'2016-03-29 11:10:04'),(166,'TFBX110050166',NULL,'Primeros seriales SRP350',1,'2016-03-29 11:10:04'),(167,'TFBX110050167',NULL,'Primeros seriales SRP350',1,'2016-03-29 11:10:04'),(168,'TFBX110050168',NULL,'Primeros seriales SRP350',1,'2016-03-29 11:10:04'),(169,'TFBX110050169',NULL,'Primeros seriales SRP350',1,'2016-03-29 11:10:04'),(170,'TFBX110050170',NULL,'Primeros seriales SRP350',1,'2016-03-29 11:10:04'),(171,'TFBX110050171',NULL,'Primeros seriales SRP350',1,'2016-03-29 11:10:04'),(172,'TFBX110050172',NULL,'Primeros seriales SRP350',1,'2016-03-29 11:10:04'),(173,'TFBX110050173',NULL,'Primeros seriales SRP350',1,'2016-03-29 11:10:04'),(174,'TFBX110050174',NULL,'Primeros seriales SRP350',1,'2016-03-29 11:10:04'),(175,'TFBX110050175',NULL,'Primeros seriales SRP350',1,'2016-03-29 11:10:04'),(176,'TFBX110050176',NULL,'Primeros seriales SRP350',1,'2016-03-29 11:10:04'),(177,'TFBX110050177',NULL,'Primeros seriales SRP350',1,'2016-03-29 11:10:04'),(178,'TFBX110050178',NULL,'Primeros seriales SRP350',1,'2016-03-29 11:10:04'),(179,'TFBX110050179',NULL,'Primeros seriales SRP350',1,'2016-03-29 11:10:04'),(180,'TFBX110050180',NULL,'Primeros seriales SRP350',1,'2016-03-29 11:10:04'),(181,'TFBX110050181',NULL,'Primeros seriales SRP350',1,'2016-03-29 11:10:04'),(182,'TFBX110050182',NULL,'Primeros seriales SRP350',1,'2016-03-29 11:10:04'),(183,'TFBX110050183',NULL,'Primeros seriales SRP350',1,'2016-03-29 11:10:04'),(184,'TFBX110050184',NULL,'Primeros seriales SRP350',1,'2016-03-29 11:10:04'),(185,'TFBX110050185',NULL,'Primeros seriales SRP350',1,'2016-03-29 11:10:04'),(186,'TFBX110050186',NULL,'Primeros seriales SRP350',1,'2016-03-29 11:10:04'),(187,'TFBX110050187',NULL,'Primeros seriales SRP350',1,'2016-03-29 11:10:04'),(188,'TFBX110050188',NULL,'Primeros seriales SRP350',1,'2016-03-29 11:10:04'),(189,'TFBX110050189',NULL,'Primeros seriales SRP350',1,'2016-03-29 11:10:04'),(190,'TFBX110050190',NULL,'Primeros seriales SRP350',1,'2016-03-29 11:10:04'),(191,'TFBX110050191',NULL,'Primeros seriales SRP350',1,'2016-03-29 11:10:04'),(192,'TFBX110050192',NULL,'Primeros seriales SRP350',1,'2016-03-29 11:10:04'),(193,'TFBX110050193',NULL,'Primeros seriales SRP350',1,'2016-03-29 11:10:04'),(194,'TFBX110050194',NULL,'Primeros seriales SRP350',1,'2016-03-29 11:10:04'),(195,'TFBX110050195',NULL,'Primeros seriales SRP350',1,'2016-03-29 11:10:04'),(196,'TFBX110050196',NULL,'Primeros seriales SRP350',1,'2016-03-29 11:10:04'),(197,'TFBX110050197',NULL,'Primeros seriales SRP350',1,'2016-03-29 11:10:04'),(198,'TFBX110050198',NULL,'Primeros seriales SRP350',1,'2016-03-29 11:10:04'),(199,'TFBX110050199',NULL,'Primeros seriales SRP350',1,'2016-03-29 11:10:04'),(200,'TFBX110050200',NULL,'Primeros seriales SRP350',1,'2016-03-29 11:10:04'),(201,'TFCL110050201',NULL,'Seriales de prueba (JR)',1,'2016-03-29 14:31:48'),(202,'TFCL110050202',NULL,'Seriales de prueba (JR)',1,'2016-03-29 14:31:48'),(203,'TFCL110050203',NULL,'Seriales de prueba (JR)',1,'2016-03-29 14:31:48'),(204,'TFCL110050204',NULL,'Seriales de prueba (JR)',1,'2016-03-29 14:31:48'),(205,'TFCL110050205',NULL,'Seriales de prueba (JR)',1,'2016-03-29 14:31:48'),(206,'TFCL110050206',NULL,'Seriales de prueba (JR)',1,'2016-03-29 14:31:48'),(207,'TFCL110050207',NULL,'Seriales de prueba (JR)',1,'2016-03-29 14:31:48'),(208,'TFCL110050208',NULL,'Seriales de prueba (JR)',1,'2016-03-29 14:31:48'),(209,'TFCL110050209',NULL,'Seriales de prueba (JR)',1,'2016-03-29 14:31:48'),(210,'TFCL110050210',NULL,'Seriales de prueba (JR)',1,'2016-03-29 14:31:48'),(3529,'TFBX110050211',17,'seriales actuales',1,'2016-03-30 21:12:53'),(3530,'TFBX110050212',17,'seriales actuales',1,'2016-03-30 21:12:53'),(3531,'TFBX110050213',17,'seriales actuales',1,'2016-03-30 21:12:53'),(3532,'TFBX110050214',17,'seriales actuales',1,'2016-03-30 21:12:53'),(3533,'TFBX110050215',17,'seriales actuales',1,'2016-03-30 21:12:53'),(3534,'TFBX110050216',17,'seriales actuales',1,'2016-03-30 21:12:53'),(3535,'TFBX110050217',17,'seriales actuales',1,'2016-03-30 21:12:53'),(3536,'TFBX110050218',17,'seriales actuales',1,'2016-03-30 21:12:53'),(3537,'TFBX110050219',17,'seriales actuales',1,'2016-03-30 21:12:53'),(3538,'TFBX110050220',17,'seriales actuales',1,'2016-03-30 21:12:53'),(3539,'TFBX110050221',17,'seriales actuales',1,'2016-03-30 21:12:53'),(3540,'TFBX110050222',17,'seriales actuales',1,'2016-03-30 21:12:53'),(3541,'TFBX110050223',17,'seriales actuales',1,'2016-03-30 21:12:53'),(3542,'TFBX110050224',17,'seriales actuales',1,'2016-03-30 21:12:53'),(3543,'TFBX110050225',17,'seriales actuales',1,'2016-03-30 21:12:53'),(3544,'TFBX110050226',17,'seriales actuales',1,'2016-03-30 21:12:53'),(3545,'TFBX110050227',17,'seriales actuales',1,'2016-03-30 21:12:53'),(3546,'TFBX110050228',17,'seriales actuales',1,'2016-03-30 21:12:53'),(3547,'TFBX110050229',17,'seriales actuales',1,'2016-03-30 21:12:53'),(3548,'TFBX110050230',17,'seriales actuales',1,'2016-03-30 21:12:53'),(3549,'TFBX110050231',17,'seriales actuales',1,'2016-03-30 21:12:53'),(3550,'TFBX110050232',17,'seriales actuales',1,'2016-03-30 21:12:53'),(3551,'TFBX110050233',17,'seriales actuales',1,'2016-03-30 21:12:53'),(3552,'TFBX110050234',17,'seriales actuales',1,'2016-03-30 21:12:53'),(3553,'TFBX110050235',17,'seriales actuales',1,'2016-03-30 21:12:53'),(3554,'TFBX110050236',17,'seriales actuales',1,'2016-03-30 21:12:53'),(3555,'TFBX110050237',17,'seriales actuales',1,'2016-03-30 21:12:53'),(3556,'TFBX110050238',17,'seriales actuales',1,'2016-03-30 21:12:53'),(3557,'TFBX110050239',17,'seriales actuales',1,'2016-03-30 21:12:53'),(3558,'TFBX110050240',17,'seriales actuales',1,'2016-03-30 21:12:53'),(3559,'TFBX110050241',17,'seriales actuales',1,'2016-03-30 21:12:53'),(3560,'TFBX110050242',17,'seriales actuales',1,'2016-03-30 21:12:53'),(3561,'TFBX110050243',17,'seriales actuales',1,'2016-03-30 21:12:53'),(3562,'TFBX110050244',17,'seriales actuales',1,'2016-03-30 21:12:53'),(3563,'TFBX110050245',17,'seriales actuales',1,'2016-03-30 21:12:53'),(3564,'TFBX110050246',17,'seriales actuales',1,'2016-03-30 21:12:53'),(3565,'TFBX110050247',17,'seriales actuales',1,'2016-03-30 21:12:53'),(3566,'TFBX110050248',17,'seriales actuales',1,'2016-03-30 21:12:53'),(3567,'TFBX110050249',17,'seriales actuales',1,'2016-03-30 21:12:53'),(3568,'TFBX110050250',17,'seriales actuales',1,'2016-03-30 21:12:53'),(3569,'TFBX110050251',17,'seriales actuales',1,'2016-03-30 21:12:53'),(3570,'TFBX110050252',17,'seriales actuales',1,'2016-03-30 21:12:53'),(3571,'TFBX110050253',17,'seriales actuales',1,'2016-03-30 21:12:53'),(3572,'TFBX110050254',17,'seriales actuales',1,'2016-03-30 21:12:53'),(3573,'TFBX110050255',17,'seriales actuales',1,'2016-03-30 21:12:53'),(3574,'TFBX110050256',17,'seriales actuales',1,'2016-03-30 21:12:53'),(3575,'TFBX110050257',17,'seriales actuales',1,'2016-03-30 21:12:53'),(3576,'TFBX110050258',17,'seriales actuales',1,'2016-03-30 21:12:53'),(3577,'TFBX110050259',17,'seriales actuales',1,'2016-03-30 21:12:53'),(3578,'TFBX110050260',17,'seriales actuales',1,'2016-03-30 21:12:53'),(3579,'TFBX110050261',17,'seriales actuales',1,'2016-03-30 21:12:53'),(3580,'TFBX110050262',17,'seriales actuales',1,'2016-03-30 21:12:53'),(3581,'TFBX110050263',17,'seriales actuales',1,'2016-03-30 21:12:53'),(3582,'TFBX110050264',17,'seriales actuales',1,'2016-03-30 21:12:53'),(3583,'TFBX110050265',17,'seriales actuales',1,'2016-03-30 21:12:53'),(3584,'TFBX110050266',17,'seriales actuales',1,'2016-03-30 21:12:53'),(3585,'TFBX110050267',17,'seriales actuales',1,'2016-03-30 21:12:53'),(3586,'TFBX110050268',17,'seriales actuales',1,'2016-03-30 21:12:53'),(3587,'TFBX110050269',17,'seriales actuales',1,'2016-03-30 21:12:53'),(3588,'TFBX110050270',17,'seriales actuales',1,'2016-03-30 21:12:53'),(3589,'TFBX110050271',17,'seriales actuales',1,'2016-03-30 21:12:53'),(3590,'TFBX110050272',17,'seriales actuales',1,'2016-03-30 21:12:53'),(3591,'TFBX110050273',17,'seriales actuales',1,'2016-03-30 21:12:53'),(3592,'TFBX110050274',17,'seriales actuales',1,'2016-03-30 21:12:53'),(3593,'TFBX110050275',17,'seriales actuales',1,'2016-03-30 21:12:53'),(3594,'TFBX110050276',17,'seriales actuales',1,'2016-03-30 21:12:53'),(3595,'TFBX110050277',17,'seriales actuales',1,'2016-03-30 21:12:53'),(3596,'TFBX110050278',17,'seriales actuales',1,'2016-03-30 21:12:53'),(3597,'TFBX110050279',17,'seriales actuales',1,'2016-03-30 21:12:53'),(3598,'TFBX110050280',17,'seriales actuales',1,'2016-03-30 21:12:53'),(3599,'TFBX110050281',17,'seriales actuales',1,'2016-03-30 21:12:53'),(3600,'TFBX110050282',17,'seriales actuales',1,'2016-03-30 21:12:53'),(3601,'TFBX110050283',17,'seriales actuales',1,'2016-03-30 21:12:53'),(3602,'TFBX110050284',17,'seriales actuales',1,'2016-03-30 21:12:53'),(3603,'TFBX110050285',17,'seriales actuales',1,'2016-03-30 21:12:53'),(3604,'TFBX110050286',17,'seriales actuales',1,'2016-03-30 21:12:53'),(3605,'TFBX110050287',17,'seriales actuales',1,'2016-03-30 21:12:53'),(3606,'TFBX110050288',17,'seriales actuales',1,'2016-03-30 21:12:53'),(3607,'TFBX110050289',17,'seriales actuales',1,'2016-03-30 21:12:53'),(3608,'TFBX110050290',17,'seriales actuales',1,'2016-03-30 21:12:53'),(3609,'TFBX110050291',17,'seriales actuales',1,'2016-03-30 21:12:53'),(3610,'TFBX110050292',17,'seriales actuales',1,'2016-03-30 21:12:53'),(3611,'TFBX110050293',17,'seriales actuales',1,'2016-03-30 21:12:53'),(3612,'TFBX110050294',17,'seriales actuales',1,'2016-03-30 21:12:53'),(3613,'TFBX110050295',17,'seriales actuales',1,'2016-03-30 21:12:53'),(3614,'TFBX110050296',17,'seriales actuales',1,'2016-03-30 21:12:53'),(3615,'TFBX110050297',17,'seriales actuales',1,'2016-03-30 21:12:53'),(3616,'TFBX110050298',17,'seriales actuales',1,'2016-03-30 21:12:53'),(3617,'TFBX110050299',17,'seriales actuales',1,'2016-03-30 21:12:53'),(3618,'TFBX110050300',17,'seriales actuales',1,'2016-03-30 21:12:53'),(3619,'TFBX110050301',17,'seriales actuales',1,'2016-03-30 21:12:53'),(3620,'TFBX110050302',17,'seriales actuales',1,'2016-03-30 21:12:53'),(3621,'TFBX110050303',17,'seriales actuales',1,'2016-03-30 21:12:53'),(3622,'TFBX110050304',17,'seriales actuales',1,'2016-03-30 21:12:53'),(3623,'TFBX110050305',17,'seriales actuales',1,'2016-03-30 21:12:53'),(3624,'TFBX110050306',17,'seriales actuales',1,'2016-03-30 21:12:53'),(3625,'TFBX110050307',17,'seriales actuales',1,'2016-03-30 21:12:53'),(3626,'TFBX110050308',17,'seriales actuales',1,'2016-03-30 21:12:53'),(3627,'TFBX110050309',17,'seriales actuales',1,'2016-03-30 21:12:53'),(3628,'TFBX110050310',17,'seriales actuales',1,'2016-03-30 21:12:53'),(3629,'TFBX110050311',17,'seriales actuales',1,'2016-03-30 21:12:53'),(3630,'TFBX110050312',17,'seriales actuales',1,'2016-03-30 21:12:53'),(3631,'TFBX110050313',17,'seriales actuales',1,'2016-03-30 21:12:53'),(3632,'TFBX110050314',17,'seriales actuales',1,'2016-03-30 21:12:53'),(3633,'TFBX110050315',17,'seriales actuales',1,'2016-03-30 21:12:53'),(3634,'TFBX110050316',17,'seriales actuales',1,'2016-03-30 21:12:53'),(3635,'TFBX110050317',17,'seriales actuales',1,'2016-03-30 21:12:53'),(3636,'TFBX110050318',17,'seriales actuales',1,'2016-03-30 21:12:53'),(3637,'TFBX110050319',17,'seriales actuales',1,'2016-03-30 21:12:53'),(3638,'TFBX110050320',17,'seriales actuales',1,'2016-03-30 21:12:53'),(3639,'TFBX110050321',17,'seriales actuales',1,'2016-03-30 21:12:53'),(3640,'TFBX110050322',17,'seriales actuales',1,'2016-03-30 21:12:53'),(3641,'TFBX110050323',17,'seriales actuales',1,'2016-03-30 21:12:53'),(3642,'TFBX110050324',17,'seriales actuales',1,'2016-03-30 21:12:53'),(3643,'TFBX110050325',17,'seriales actuales',1,'2016-03-30 21:12:53'),(3644,'TFBX110050326',17,'seriales actuales',1,'2016-03-30 21:12:53'),(3645,'TFBX110050327',17,'seriales actuales',1,'2016-03-30 21:12:53'),(3646,'TFBX110050328',17,'seriales actuales',1,'2016-03-30 21:12:53'),(3647,'TFBX110050329',17,'seriales actuales',1,'2016-03-30 21:12:53'),(3648,'TFBX110050330',17,'seriales actuales',1,'2016-03-30 21:12:53'),(3649,'TFBX110050331',17,'seriales actuales',1,'2016-03-30 21:12:53'),(3650,'TFBX110050332',17,'seriales actuales',1,'2016-03-30 21:12:53'),(3651,'TFBX110050333',17,'seriales actuales',1,'2016-03-30 21:12:53'),(3652,'TFBX110050334',17,'seriales actuales',1,'2016-03-30 21:12:53'),(3653,'TFBX110050335',17,'seriales actuales',1,'2016-03-30 21:12:53'),(3654,'TFBX110050336',17,'seriales actuales',1,'2016-03-30 21:12:53'),(3655,'TFBX110050337',17,'seriales actuales',1,'2016-03-30 21:12:53'),(3656,'TFBX110050338',17,'seriales actuales',1,'2016-03-30 21:12:53'),(3657,'TFBX110050339',17,'seriales actuales',1,'2016-03-30 21:12:53'),(3658,'TFBX110050340',17,'seriales actuales',1,'2016-03-30 21:12:53'),(3659,'TFBX110050341',17,'seriales actuales',1,'2016-03-30 21:12:53'),(3660,'TFBX110050342',17,'seriales actuales',1,'2016-03-30 21:12:53'),(3661,'TFBX110050343',17,'seriales actuales',1,'2016-03-30 21:12:53'),(3662,'TFBX110050344',17,'seriales actuales',1,'2016-03-30 21:12:53'),(3663,'TFBX110050345',17,'seriales actuales',1,'2016-03-30 21:12:53'),(3664,'TFBX110050346',17,'seriales actuales',1,'2016-03-30 21:12:53'),(3665,'TFBX110050347',17,'seriales actuales',1,'2016-03-30 21:12:53'),(3666,'TFBX110050348',17,'seriales actuales',1,'2016-03-30 21:12:53'),(3667,'TFBX110050349',17,'seriales actuales',1,'2016-03-30 21:12:53'),(3668,'TFBX110050350',17,'seriales actuales',1,'2016-03-30 21:12:53'),(3669,'TFBX110050351',17,'seriales actuales',1,'2016-03-30 21:12:53'),(3670,'TFBX110050352',17,'seriales actuales',1,'2016-03-30 21:12:53'),(3671,'TFBX110050353',17,'seriales actuales',1,'2016-03-30 21:12:53'),(3672,'TFBX110050354',17,'seriales actuales',1,'2016-03-30 21:12:53'),(3673,'TFBX110050355',17,'seriales actuales',1,'2016-03-30 21:12:53'),(3674,'TFBX110050356',17,'seriales actuales',1,'2016-03-30 21:12:53'),(3675,'TFBX110050357',17,'seriales actuales',1,'2016-03-30 21:12:53'),(3676,'TFBX110050358',17,'seriales actuales',1,'2016-03-30 21:12:53'),(3677,'TFBX110050359',17,'seriales actuales',1,'2016-03-30 21:12:53'),(3678,'TFBX110050360',17,'seriales actuales',1,'2016-03-30 21:12:53'),(3679,'TFBX110050361',17,'seriales actuales',1,'2016-03-30 21:12:53'),(3680,'TFBX110050362',17,'seriales actuales',1,'2016-03-30 21:12:53'),(3681,'TFBX110050363',17,'seriales actuales',1,'2016-03-30 21:12:53'),(3682,'TFBX110050364',17,'seriales actuales',1,'2016-03-30 21:12:53'),(3683,'TFBX110050365',17,'seriales actuales',1,'2016-03-30 21:12:53'),(3684,'TFBX110050366',17,'seriales actuales',1,'2016-03-30 21:12:53'),(3685,'TFBX110050367',17,'seriales actuales',1,'2016-03-30 21:12:53'),(3686,'TFBX110050368',17,'seriales actuales',1,'2016-03-30 21:12:53'),(3687,'TFBX110050369',17,'seriales actuales',1,'2016-03-30 21:12:53'),(3688,'TFBX110050370',17,'seriales actuales',1,'2016-03-30 21:12:53'),(3689,'TFBX110050371',17,'seriales actuales',1,'2016-03-30 21:12:53'),(3690,'TFBX110050372',17,'seriales actuales',1,'2016-03-30 21:12:53'),(3691,'TFBX110050373',17,'seriales actuales',1,'2016-03-30 21:12:53'),(3692,'TFBX110050374',17,'seriales actuales',1,'2016-03-30 21:12:53'),(3693,'TFBX110050375',17,'seriales actuales',1,'2016-03-30 21:12:53'),(3694,'TFBX110050376',17,'seriales actuales',1,'2016-03-30 21:12:53'),(3695,'TFBX110050377',17,'seriales actuales',1,'2016-03-30 21:12:53'),(3696,'TFBX110050378',17,'seriales actuales',1,'2016-03-30 21:12:53'),(3697,'TFBX110050379',17,'seriales actuales',1,'2016-03-30 21:12:53'),(3698,'TFBX110050380',17,'seriales actuales',1,'2016-03-30 21:12:53'),(3699,'TFBX110050381',17,'seriales actuales',1,'2016-03-30 21:12:53'),(3700,'TFBX110050382',17,'seriales actuales',1,'2016-03-30 21:12:53'),(3701,'TFBX110050383',17,'seriales actuales',1,'2016-03-30 21:12:53'),(3702,'TFBX110050384',17,'seriales actuales',1,'2016-03-30 21:12:53'),(3703,'TFBX110050385',17,'seriales actuales',1,'2016-03-30 21:12:53'),(3704,'TFBX110050386',17,'seriales actuales',1,'2016-03-30 21:12:53'),(3705,'TFBX110050387',17,'seriales actuales',1,'2016-03-30 21:12:53'),(3706,'TFBX110050388',17,'seriales actuales',1,'2016-03-30 21:12:53'),(3707,'TFBX110050389',17,'seriales actuales',1,'2016-03-30 21:12:53'),(3708,'TFBX110050390',17,'seriales actuales',1,'2016-03-30 21:12:53'),(3709,'TFBX110050391',17,'seriales actuales',1,'2016-03-30 21:12:53'),(3710,'TFBX110050392',17,'seriales actuales',1,'2016-03-30 21:12:53'),(3711,'TFBX110050393',17,'seriales actuales',1,'2016-03-30 21:12:53'),(3712,'TFBX110050394',17,'seriales actuales',1,'2016-03-30 21:12:53'),(3713,'TFBX110050395',17,'seriales actuales',1,'2016-03-30 21:12:53'),(3714,'TFBX110050396',17,'seriales actuales',1,'2016-03-30 21:12:53'),(3715,'TFBX110050397',17,'seriales actuales',1,'2016-03-30 21:12:53'),(3716,'TFBX110050398',17,'seriales actuales',1,'2016-03-30 21:12:53'),(3717,'TFBX110050399',17,'seriales actuales',1,'2016-03-30 21:12:53'),(3718,'TFBX110050400',17,'seriales actuales',1,'2016-03-30 21:12:53'),(3719,'TFBX110050401',17,'seriales actuales',1,'2016-03-30 21:12:53'),(3720,'TFBX110050402',17,'seriales actuales',1,'2016-03-30 21:12:53'),(3721,'TFBX110050403',17,'seriales actuales',1,'2016-03-30 21:12:53'),(3722,'TFBX110050404',17,'seriales actuales',1,'2016-03-30 21:12:53'),(3723,'TFBX110050405',17,'seriales actuales',1,'2016-03-30 21:12:53'),(3724,'TFBX110050406',17,'seriales actuales',1,'2016-03-30 21:12:53'),(3725,'TFBX110050407',17,'seriales actuales',1,'2016-03-30 21:12:53'),(3726,'TFBX110050408',17,'seriales actuales',1,'2016-03-30 21:12:53'),(3727,'TFBX110050409',17,'seriales actuales',1,'2016-03-30 21:12:53'),(3728,'TFBX110050410',17,'seriales actuales',1,'2016-03-30 21:12:53'),(207288,'TFBX110050411',17,'',1,'2016-06-10 10:40:18'),(207289,'TFBX110050412',17,'',1,'2016-06-10 10:40:19'),(207290,'TFBX110050413',17,'',1,'2016-06-10 10:40:19'),(207291,'TFBX110050414',17,'',1,'2016-06-10 10:40:19'),(207292,'TFBX110050415',17,'',1,'2016-06-10 10:40:19'),(207293,'TFBX110050416',17,'',1,'2016-06-10 10:40:19'),(207294,'TFBX110050417',17,'',1,'2016-06-10 10:40:19'),(207295,'TFBX110050418',17,'',1,'2016-06-10 10:40:19'),(207296,'TFBX110050419',17,'',1,'2016-06-10 10:40:19'),(207297,'TFBX110050420',17,'',1,'2016-06-10 10:40:19'),(207298,'TFBX110050421',17,'',1,'2016-06-10 10:40:19'),(207299,'TFBX110050422',17,'',1,'2016-06-10 10:40:19'),(207300,'TFBX110050423',17,'',1,'2016-06-10 10:40:19'),(207301,'TFBX110050424',17,'',1,'2016-06-10 10:40:19'),(207302,'TFBX110050425',17,'',1,'2016-06-10 10:40:19'),(207303,'TFBX110050426',17,'',1,'2016-06-10 10:40:19'),(207304,'TFBX110050427',17,'',1,'2016-06-10 10:40:19'),(207305,'TFBX110050428',17,'',1,'2016-06-10 10:40:19'),(207306,'TFBX110050429',17,'',1,'2016-06-10 10:40:19'),(207307,'TFBX110050430',17,'',1,'2016-06-10 10:40:19'),(207308,'TFBX110050431',17,'',1,'2016-06-10 10:40:19'),(207309,'TFBX110050432',17,'',1,'2016-06-10 10:40:19'),(207310,'TFBX110050433',17,'',1,'2016-06-10 10:40:19'),(207311,'TFBX110050434',17,'',1,'2016-06-10 10:40:19'),(207312,'TFBX110050435',17,'',1,'2016-06-10 10:40:19'),(207313,'TFBX110050436',17,'',1,'2016-06-10 10:40:19'),(207314,'TFBX110050437',17,'',1,'2016-06-10 10:40:19'),(207315,'TFBX110050438',17,'',1,'2016-06-10 10:40:19'),(207316,'TFBX110050439',17,'',1,'2016-06-10 10:40:19'),(207317,'TFBX110050440',17,'',1,'2016-06-10 10:40:19'),(207318,'TFBX110050441',17,'',1,'2016-06-10 10:40:19'),(207319,'TFBX110050442',17,'',1,'2016-06-10 10:40:19'),(207320,'TFBX110050443',17,'',1,'2016-06-10 10:40:19'),(207321,'TFBX110050444',17,'',1,'2016-06-10 10:40:19'),(207322,'TFBX110050445',17,'',1,'2016-06-10 10:40:19'),(207323,'TFBX110050446',17,'',1,'2016-06-10 10:40:19'),(207324,'TFBX110050447',17,'',1,'2016-06-10 10:40:19'),(207325,'TFBX110050448',17,'',1,'2016-06-10 10:40:19'),(207326,'TFBX110050449',17,'',1,'2016-06-10 10:40:19'),(207327,'TFBX110050450',17,'',1,'2016-06-10 10:40:19'),(207328,'TFBX110050451',17,'',1,'2016-06-10 10:40:19'),(207329,'TFBX110050452',17,'',1,'2016-06-10 10:40:19'),(207330,'TFBX110050453',17,'',1,'2016-06-10 10:40:19'),(207331,'TFBX110050454',17,'',1,'2016-06-10 10:40:19'),(207332,'TFBX110050455',17,'',1,'2016-06-10 10:40:19'),(207333,'TFBX110050456',17,'',1,'2016-06-10 10:40:19'),(207334,'TFBX110050457',17,'',1,'2016-06-10 10:40:19'),(207335,'TFBX110050458',17,'',1,'2016-06-10 10:40:19'),(207336,'TFBX110050459',17,'',1,'2016-06-10 10:40:19'),(207337,'TFBX110050460',17,'',1,'2016-06-10 10:40:19'),(207338,'TFBX110050461',17,'',1,'2016-06-10 10:40:19'),(207339,'TFBX110050462',17,'',1,'2016-06-10 10:40:19'),(207340,'TFBX110050463',17,'',1,'2016-06-10 10:40:19'),(207341,'TFBX110050464',17,'',1,'2016-06-10 10:40:19'),(207342,'TFBX110050465',17,'',1,'2016-06-10 10:40:19'),(207343,'TFBX110050466',17,'',1,'2016-06-10 10:40:19'),(207344,'TFBX110050467',17,'',1,'2016-06-10 10:40:19'),(207345,'TFBX110050468',17,'',1,'2016-06-10 10:40:19'),(207346,'TFBX110050469',17,'',1,'2016-06-10 10:40:19'),(207347,'TFBX110050470',17,'',1,'2016-06-10 10:40:19'),(207348,'TFBX110050471',17,'',1,'2016-06-10 10:40:19'),(207349,'TFBX110050472',17,'',1,'2016-06-10 10:40:19'),(207350,'TFBX110050473',17,'',1,'2016-06-10 10:40:19'),(207351,'TFBX110050474',17,'',1,'2016-06-10 10:40:19'),(207352,'TFBX110050475',17,'',1,'2016-06-10 10:40:19'),(207353,'TFBX110050476',17,'',1,'2016-06-10 10:40:19'),(207354,'TFBX110050477',17,'',1,'2016-06-10 10:40:19'),(207355,'TFBX110050478',17,'',1,'2016-06-10 10:40:19'),(207356,'TFBX110050479',17,'',1,'2016-06-10 10:40:19'),(207357,'TFBX110050480',17,'',1,'2016-06-10 10:40:19'),(207358,'TFBX110050481',17,'',1,'2016-06-10 10:40:19'),(207359,'TFBX110050482',17,'',1,'2016-06-10 10:40:19'),(207360,'TFBX110050483',17,'',1,'2016-06-10 10:40:19'),(207361,'TFBX110050484',17,'',1,'2016-06-10 10:40:19'),(207362,'TFBX110050485',17,'',1,'2016-06-10 10:40:19'),(207363,'TFBX110050486',17,'',1,'2016-06-10 10:40:19'),(207364,'TFBX110050487',17,'',1,'2016-06-10 10:40:19'),(207365,'TFBX110050488',17,'',1,'2016-06-10 10:40:19'),(207366,'TFBX110050489',17,'',1,'2016-06-10 10:40:19'),(207367,'TFBX110050490',17,'',1,'2016-06-10 10:40:19'),(207368,'TFBX110050491',17,'',1,'2016-06-10 10:40:19'),(207369,'TFBX110050492',17,'',1,'2016-06-10 10:40:19'),(207370,'TFBX110050493',17,'',1,'2016-06-10 10:40:19'),(207371,'TFBX110050494',17,'',1,'2016-06-10 10:40:19'),(207372,'TFBX110050495',17,'',1,'2016-06-10 10:40:19'),(207373,'TFBX110050496',17,'',1,'2016-06-10 10:40:19'),(207374,'TFBX110050497',17,'',1,'2016-06-10 10:40:19'),(207375,'TFBX110050498',17,'',1,'2016-06-10 10:40:19'),(207376,'TFBX110050499',17,'',1,'2016-06-10 10:40:19'),(207377,'TFBX110050500',17,'',1,'2016-06-10 10:40:19'),(207378,'TFBX110050501',17,'',1,'2016-06-10 10:40:19'),(207379,'TFBX110050502',17,'',1,'2016-06-10 10:40:19'),(207380,'TFBX110050503',17,'',1,'2016-06-10 10:40:19'),(207381,'TFBX110050504',17,'',1,'2016-06-10 10:40:19'),(207382,'TFBX110050505',17,'',1,'2016-06-10 10:40:19'),(207383,'TFBX110050506',17,'',1,'2016-06-10 10:40:19'),(207384,'TFBX110050507',17,'',1,'2016-06-10 10:40:19'),(207385,'TFBX110050508',17,'',1,'2016-06-10 10:40:19'),(207386,'TFBX110050509',17,'',1,'2016-06-10 10:40:19'),(207387,'TFBX110050510',17,'',1,'2016-06-10 10:40:19'),(207388,'TFBX110050511',17,'',1,'2016-06-10 10:40:19'),(207389,'TFBX110050512',17,'',1,'2016-06-10 10:40:19'),(207390,'TFBX110050513',17,'',1,'2016-06-10 10:40:19'),(207391,'TFBX110050514',17,'',1,'2016-06-10 10:40:19'),(207392,'TFBX110050515',17,'',1,'2016-06-10 10:40:19'),(207393,'TFBX110050516',17,'',1,'2016-06-10 10:40:19'),(207394,'TFBX110050517',17,'',1,'2016-06-10 10:40:19'),(207395,'TFBX110050518',17,'',1,'2016-06-10 10:40:19'),(207396,'TFBX110050519',17,'',1,'2016-06-10 10:40:19'),(207397,'TFBX110050520',17,'',1,'2016-06-10 10:40:19'),(207398,'TFBX110050521',17,'',1,'2016-06-10 10:40:19'),(207399,'TFBX110050522',17,'',1,'2016-06-10 10:40:19'),(207400,'TFBX110050523',17,'',1,'2016-06-10 10:40:19'),(207401,'TFBX110050524',17,'',1,'2016-06-10 10:40:19'),(207402,'TFBX110050525',17,'',1,'2016-06-10 10:40:19'),(207403,'TFBX110050526',17,'',1,'2016-06-10 10:40:19'),(207404,'TFBX110050527',17,'',1,'2016-06-10 10:40:19'),(207405,'TFBX110050528',17,'',1,'2016-06-10 10:40:19'),(207406,'TFBX110050529',17,'',1,'2016-06-10 10:40:19'),(207407,'TFBX110050530',17,'',1,'2016-06-10 10:40:19'),(207408,'TFBX110050531',17,'',1,'2016-06-10 10:40:19'),(207409,'TFBX110050532',17,'',1,'2016-06-10 10:40:19'),(207410,'TFBX110050533',17,'',1,'2016-06-10 10:40:19'),(207411,'TFBX110050534',17,'',1,'2016-06-10 10:40:19'),(207412,'TFBX110050535',17,'',1,'2016-06-10 10:40:19'),(207413,'TFBX110050536',17,'',1,'2016-06-10 10:40:19'),(207414,'TFBX110050537',17,'',1,'2016-06-10 10:40:19'),(207415,'TFBX110050538',17,'',1,'2016-06-10 10:40:19'),(207416,'TFBX110050539',17,'',1,'2016-06-10 10:40:19'),(207417,'TFBX110050540',17,'',1,'2016-06-10 10:40:19'),(207418,'TFBX110050541',17,'',1,'2016-06-10 10:40:19'),(207419,'TFBX110050542',17,'',1,'2016-06-10 10:40:19'),(207420,'TFBX110050543',17,'',1,'2016-06-10 10:40:19'),(207421,'TFBX110050544',17,'',1,'2016-06-10 10:40:19'),(207422,'TFBX110050545',17,'',1,'2016-06-10 10:40:19'),(207423,'TFBX110050546',17,'',1,'2016-06-10 10:40:19'),(207424,'TFBX110050547',17,'',1,'2016-06-10 10:40:19'),(207425,'TFBX110050548',17,'',1,'2016-06-10 10:40:19'),(207426,'TFBX110050549',17,'',1,'2016-06-10 10:40:19'),(207427,'TFBX110050550',17,'',1,'2016-06-10 10:40:19'),(207428,'TFBX110050551',17,'',1,'2016-06-10 10:40:19'),(207429,'TFBX110050552',17,'',1,'2016-06-10 10:40:19'),(207430,'TFBX110050553',17,'',1,'2016-06-10 10:40:19'),(207431,'TFBX110050554',17,'',1,'2016-06-10 10:40:19'),(207432,'TFBX110050555',17,'',1,'2016-06-10 10:40:19'),(207433,'TFBX110050556',17,'',1,'2016-06-10 10:40:19'),(207434,'TFBX110050557',17,'',1,'2016-06-10 10:40:19'),(207435,'TFBX110050558',17,'',1,'2016-06-10 10:40:19'),(207436,'TFBX110050559',17,'',1,'2016-06-10 10:40:19'),(207437,'TFBX110050560',17,'',1,'2016-06-10 10:40:19'),(207438,'TFBX110050561',17,'',1,'2016-06-10 10:40:19'),(207439,'TFBX110050562',17,'',1,'2016-06-10 10:40:19'),(207440,'TFBX110050563',17,'',1,'2016-06-10 10:40:19'),(207441,'TFBX110050564',17,'',1,'2016-06-10 10:40:19'),(207442,'TFBX110050565',17,'',1,'2016-06-10 10:40:19'),(207443,'TFBX110050566',17,'',1,'2016-06-10 10:40:19'),(207444,'TFBX110050567',17,'',1,'2016-06-10 10:40:19'),(207445,'TFBX110050568',17,'',1,'2016-06-10 10:40:19'),(207446,'TFBX110050569',17,'',1,'2016-06-10 10:40:19'),(207447,'TFBX110050570',17,'',1,'2016-06-10 10:40:19'),(207448,'TFBX110050571',17,'',1,'2016-06-10 10:40:19'),(207449,'TFBX110050572',17,'',1,'2016-06-10 10:40:19'),(207450,'TFBX110050573',17,'',1,'2016-06-10 10:40:19'),(207451,'TFBX110050574',17,'',1,'2016-06-10 10:40:19'),(207452,'TFBX110050575',17,'',1,'2016-06-10 10:40:19'),(207453,'TFBX110050576',17,'',1,'2016-06-10 10:40:19'),(207454,'TFBX110050577',17,'',1,'2016-06-10 10:40:19'),(207455,'TFBX110050578',17,'',1,'2016-06-10 10:40:19'),(207456,'TFBX110050579',17,'',1,'2016-06-10 10:40:19'),(207457,'TFBX110050580',17,'',1,'2016-06-10 10:40:19'),(207458,'TFBX110050581',17,'',1,'2016-06-10 10:40:19'),(207459,'TFBX110050582',17,'',1,'2016-06-10 10:40:19'),(207460,'TFBX110050583',17,'',1,'2016-06-10 10:40:19'),(207461,'TFBX110050584',17,'',1,'2016-06-10 10:40:19'),(207462,'TFBX110050585',17,'',1,'2016-06-10 10:40:19'),(207463,'TFBX110050586',17,'',1,'2016-06-10 10:40:19'),(207464,'TFBX110050587',17,'',1,'2016-06-10 10:40:19'),(207465,'TFBX110050588',17,'',1,'2016-06-10 10:40:20'),(207466,'TFBX110050589',17,'',1,'2016-06-10 10:40:20'),(207467,'TFBX110050590',17,'',1,'2016-06-10 10:40:20'),(207468,'TFBX110050591',17,'',1,'2016-06-10 10:40:20'),(207469,'TFBX110050592',17,'',1,'2016-06-10 10:40:20'),(207470,'TFBX110050593',17,'',1,'2016-06-10 10:40:20'),(207471,'TFBX110050594',17,'',1,'2016-06-10 10:40:20'),(207472,'TFBX110050595',17,'',1,'2016-06-10 10:40:20'),(207473,'TFBX110050596',17,'',1,'2016-06-10 10:40:20'),(207474,'TFBX110050597',17,'',1,'2016-06-10 10:40:20'),(207475,'TFBX110050598',17,'',1,'2016-06-10 10:40:20'),(207476,'TFBX110050599',17,'',1,'2016-06-10 10:40:20'),(207477,'TFCL110050001',112,'MAQUINAS YA VENDIDAS',1,'2016-07-05 10:39:19'),(207478,'TFCL110050002',112,'MAQUINAS YA VENDIDAS',1,'2016-07-05 10:39:19'),(207479,'TFCL110050003',112,'MAQUINAS YA VENDIDAS',1,'2016-07-05 10:39:19'),(207480,'TFCL110050004',112,'MAQUINAS YA VENDIDAS',1,'2016-07-05 10:39:19'),(207481,'TFCL110050005',112,'MAQUINAS YA VENDIDAS',1,'2016-07-05 10:39:19'),(207482,'TFCL110050006',112,'MAQUINAS YA VENDIDAS',1,'2016-07-05 10:39:19'),(207483,'TFCL110050007',112,'MAQUINAS YA VENDIDAS',1,'2016-07-05 10:39:19'),(207484,'TFCL110050008',112,'MAQUINAS YA VENDIDAS',1,'2016-07-05 10:39:19'),(207485,'TFCL110050009',112,'MAQUINAS YA VENDIDAS',1,'2016-07-05 10:39:19'),(207486,'TFCL110050010',112,'MAQUINAS YA VENDIDAS',1,'2016-07-05 10:39:19'),(207487,'TFCL110050011',112,'MAQUINAS YA VENDIDAS',1,'2016-07-05 10:39:19'),(207488,'TFCL110050012',112,'MAQUINAS YA VENDIDAS',1,'2016-07-05 10:39:19'),(207489,'TFCL110050013',112,'MAQUINAS YA VENDIDAS',1,'2016-07-05 10:39:19'),(207490,'TFCL110050014',112,'MAQUINAS YA VENDIDAS',1,'2016-07-05 10:39:19'),(207491,'TFCL110050015',112,'MAQUINAS YA VENDIDAS',1,'2016-07-05 10:39:19'),(207492,'TFCL110050016',112,'MAQUINAS YA VENDIDAS',1,'2016-07-05 10:39:19'),(207493,'TFCL110050017',112,'MAQUINAS YA VENDIDAS',1,'2016-07-05 10:39:19'),(207494,'TFCL110050018',112,'MAQUINAS YA VENDIDAS',1,'2016-07-05 10:39:19'),(207495,'TFCL110050019',112,'MAQUINAS YA VENDIDAS',1,'2016-07-05 10:39:19'),(207496,'TFCL110050020',112,'MAQUINAS YA VENDIDAS',1,'2016-07-05 10:39:19'),(207497,'TFCL110050021',112,'MAQUINAS YA VENDIDAS',1,'2016-07-05 10:39:19'),(207498,'TFCL110050022',112,'MAQUINAS YA VENDIDAS',1,'2016-07-05 10:39:19'),(207499,'TFCL110050023',112,'MAQUINAS YA VENDIDAS',1,'2016-07-05 10:39:19'),(207500,'TFCL110050024',112,'MAQUINAS YA VENDIDAS',1,'2016-07-05 10:39:19'),(207501,'TFCL110050025',112,'MAQUINAS YA VENDIDAS',1,'2016-07-05 10:39:19'),(207502,'TFCL110050026',112,'MAQUINAS YA VENDIDAS',1,'2016-07-05 10:39:19'),(207503,'TFCL110050027',112,'MAQUINAS YA VENDIDAS',1,'2016-07-05 10:39:19'),(207504,'TFCL110050028',112,'MAQUINAS YA VENDIDAS',1,'2016-07-05 10:39:19'),(207505,'TFCL110050029',112,'MAQUINAS YA VENDIDAS',1,'2016-07-05 10:39:19'),(207506,'TFCL110050030',112,'MAQUINAS YA VENDIDAS',1,'2016-07-05 10:39:19'),(207507,'TFCL110050031',112,'MAQUINAS YA VENDIDAS',1,'2016-07-05 10:39:19'),(207508,'TFCL110050032',112,'MAQUINAS YA VENDIDAS',1,'2016-07-05 10:39:19'),(207509,'TFCL110050033',112,'MAQUINAS YA VENDIDAS',1,'2016-07-05 10:39:19'),(207510,'TFCL110050034',112,'MAQUINAS YA VENDIDAS',1,'2016-07-05 10:39:19'),(207511,'TFCL110050035',112,'MAQUINAS YA VENDIDAS',1,'2016-07-05 10:39:19'),(207512,'TFCL110050036',112,'MAQUINAS YA VENDIDAS',1,'2016-07-05 10:39:19'),(207513,'TFCL110050037',112,'MAQUINAS YA VENDIDAS',1,'2016-07-05 10:39:19'),(207514,'TFCL110050038',112,'MAQUINAS YA VENDIDAS',1,'2016-07-05 10:39:19'),(207515,'TFCL110050039',112,'MAQUINAS YA VENDIDAS',1,'2016-07-05 10:39:19'),(207516,'TFCL110050040',112,'MAQUINAS YA VENDIDAS',1,'2016-07-05 10:39:19'),(207517,'TFCL110050041',112,'MAQUINAS YA VENDIDAS',1,'2016-07-05 10:39:19'),(207518,'TFCL110050042',112,'MAQUINAS YA VENDIDAS',1,'2016-07-05 10:39:19'),(207519,'TFCL110050043',112,'MAQUINAS YA VENDIDAS',1,'2016-07-05 10:39:19'),(207520,'TFCL110050044',112,'MAQUINAS YA VENDIDAS',1,'2016-07-05 10:39:19'),(207521,'TFCL110050045',112,'MAQUINAS YA VENDIDAS',1,'2016-07-05 10:39:19'),(207522,'TFCL110050046',112,'MAQUINAS YA VENDIDAS',1,'2016-07-05 10:39:19'),(207523,'TFCL110050047',112,'MAQUINAS YA VENDIDAS',1,'2016-07-05 10:39:19'),(207524,'TFCL110050048',112,'MAQUINAS YA VENDIDAS',1,'2016-07-05 10:39:19'),(207525,'TFCL110050049',112,'MAQUINAS YA VENDIDAS',1,'2016-07-05 10:39:19'),(207526,'TFCL110050050',112,'MAQUINAS YA VENDIDAS',1,'2016-07-05 10:39:19'),(207527,'TFCL110050051',112,'MAQUINAS YA VENDIDAS',1,'2016-07-05 10:39:19'),(207528,'TFCL110050052',112,'MAQUINAS YA VENDIDAS',1,'2016-07-05 10:39:19'),(207529,'TFCL110050053',112,'MAQUINAS YA VENDIDAS',1,'2016-07-05 10:39:19'),(207530,'TFCL110050054',112,'MAQUINAS YA VENDIDAS',1,'2016-07-05 10:39:19'),(207531,'TFCL110050055',112,'MAQUINAS YA VENDIDAS',1,'2016-07-05 10:39:19'),(207532,'TFCL110050056',112,'MAQUINAS YA VENDIDAS',1,'2016-07-05 10:39:19'),(207533,'TFCL110050057',112,'MAQUINAS YA VENDIDAS',1,'2016-07-05 10:39:19'),(207534,'TFCL110050058',112,'MAQUINAS YA VENDIDAS',1,'2016-07-05 10:39:19'),(207535,'TFCL110050059',112,'MAQUINAS YA VENDIDAS',1,'2016-07-05 10:39:19'),(207536,'TFCL110050060',112,'MAQUINAS YA VENDIDAS',1,'2016-07-05 10:39:19'),(207537,'TFCL110050061',112,'MAQUINAS YA VENDIDAS',1,'2016-07-05 10:39:19'),(207538,'TFCL110050062',112,'MAQUINAS YA VENDIDAS',1,'2016-07-05 10:39:19'),(207539,'TFCL110050063',112,'MAQUINAS YA VENDIDAS',1,'2016-07-05 10:39:19'),(207540,'TFCL110050064',112,'MAQUINAS YA VENDIDAS',1,'2016-07-05 10:39:19'),(207541,'TFCL110050065',112,'MAQUINAS YA VENDIDAS',1,'2016-07-05 10:39:19'),(207542,'TFCL110050066',112,'MAQUINAS YA VENDIDAS',1,'2016-07-05 10:39:19'),(207543,'TFCL110050067',112,'MAQUINAS YA VENDIDAS',1,'2016-07-05 10:39:19'),(207544,'TFCL110050068',112,'MAQUINAS YA VENDIDAS',1,'2016-07-05 10:39:19'),(207545,'TFCL110050069',112,'MAQUINAS YA VENDIDAS',1,'2016-07-05 10:39:19'),(207546,'TFCL110050070',112,'MAQUINAS YA VENDIDAS',1,'2016-07-05 10:39:19'),(207547,'TFCL110050071',112,'MAQUINAS YA VENDIDAS',1,'2016-07-05 10:39:19'),(207548,'TFCL110050072',112,'MAQUINAS YA VENDIDAS',1,'2016-07-05 10:39:19'),(207549,'TFCL110050073',112,'MAQUINAS YA VENDIDAS',1,'2016-07-05 10:39:19'),(207550,'TFCL110050074',112,'MAQUINAS YA VENDIDAS',1,'2016-07-05 10:39:19'),(207551,'TFCL110050075',112,'MAQUINAS YA VENDIDAS',1,'2016-07-05 10:39:19'),(207552,'TFCL110050076',112,'MAQUINAS YA VENDIDAS',1,'2016-07-05 10:39:19'),(207553,'TFCL110050077',112,'MAQUINAS YA VENDIDAS',1,'2016-07-05 10:39:19'),(207554,'TFCL110050078',112,'MAQUINAS YA VENDIDAS',1,'2016-07-05 10:39:19'),(207555,'TFCL110050079',112,'MAQUINAS YA VENDIDAS',1,'2016-07-05 10:39:19'),(207556,'TFCL110050080',112,'MAQUINAS YA VENDIDAS',1,'2016-07-05 10:39:19'),(207557,'TFCL110050081',112,'MAQUINAS YA VENDIDAS',1,'2016-07-05 10:39:19'),(207558,'TFCL110050082',112,'MAQUINAS YA VENDIDAS',1,'2016-07-05 10:39:19'),(207559,'TFCL110050083',112,'MAQUINAS YA VENDIDAS',1,'2016-07-05 10:39:19'),(207560,'TFCL110050084',112,'MAQUINAS YA VENDIDAS',1,'2016-07-05 10:39:19'),(207561,'TFCL110050085',112,'MAQUINAS YA VENDIDAS',1,'2016-07-05 10:39:19'),(207562,'TFCL110050086',112,'MAQUINAS YA VENDIDAS',1,'2016-07-05 10:39:19'),(207563,'TFCL110050087',112,'MAQUINAS YA VENDIDAS',1,'2016-07-05 10:39:19'),(207564,'TFCL110050088',112,'MAQUINAS YA VENDIDAS',1,'2016-07-05 10:39:19'),(207565,'TFCL110050089',112,'MAQUINAS YA VENDIDAS',1,'2016-07-05 10:39:19'),(207566,'TFCL110050090',112,'MAQUINAS YA VENDIDAS',1,'2016-07-05 10:39:19'),(207567,'TFCL110050091',112,'MAQUINAS YA VENDIDAS',1,'2016-07-05 10:39:19'),(207568,'TFCL110050092',112,'MAQUINAS YA VENDIDAS',1,'2016-07-05 10:39:19'),(207569,'TFCL110050093',112,'MAQUINAS YA VENDIDAS',1,'2016-07-05 10:39:19'),(207570,'TFCL110050094',112,'MAQUINAS YA VENDIDAS',1,'2016-07-05 10:39:19'),(207571,'TFCL110050095',112,'MAQUINAS YA VENDIDAS',1,'2016-07-05 10:39:19'),(207572,'TFCL110050096',112,'MAQUINAS YA VENDIDAS',1,'2016-07-05 10:39:19'),(207573,'TFCL110050097',112,'MAQUINAS YA VENDIDAS',1,'2016-07-05 10:39:19'),(207574,'TFCL110050098',112,'MAQUINAS YA VENDIDAS',1,'2016-07-05 10:39:19'),(207575,'TFCL110050099',112,'MAQUINAS YA VENDIDAS',1,'2016-07-05 10:39:19'),(207576,'TFCL110050100',112,'MAQUINAS YA VENDIDAS',1,'2016-07-05 10:39:19'),(207577,'TFCL110050101',112,'MAQUINAS YA VENDIDAS',1,'2016-07-05 10:39:19'),(207578,'TFCL110050102',112,'MAQUINAS YA VENDIDAS',1,'2016-07-05 10:39:19'),(207579,'TFCL110050103',112,'MAQUINAS YA VENDIDAS',1,'2016-07-05 10:39:19'),(207580,'TFCL110050104',112,'MAQUINAS YA VENDIDAS',1,'2016-07-05 10:39:19'),(207581,'TFCL110050105',112,'MAQUINAS YA VENDIDAS',1,'2016-07-05 10:39:19'),(207582,'TFCL110050106',112,'MAQUINAS YA VENDIDAS',1,'2016-07-05 10:39:19'),(207583,'TFCL110050107',112,'MAQUINAS YA VENDIDAS',1,'2016-07-05 10:39:19'),(207584,'TFCL110050108',112,'MAQUINAS YA VENDIDAS',1,'2016-07-05 10:39:19'),(207585,'TFCL110050109',112,'MAQUINAS YA VENDIDAS',1,'2016-07-05 10:39:19'),(207586,'TFCL110050110',112,'MAQUINAS YA VENDIDAS',1,'2016-07-05 10:39:19'),(207587,'TFCL110050111',112,'MAQUINAS YA VENDIDAS',1,'2016-07-05 10:39:19'),(207588,'TFCL110050112',112,'MAQUINAS YA VENDIDAS',1,'2016-07-05 10:39:19'),(207589,'TFCL110050113',112,'MAQUINAS YA VENDIDAS',1,'2016-07-05 10:39:19'),(207590,'TFCL110050114',112,'MAQUINAS YA VENDIDAS',1,'2016-07-05 10:39:19'),(207591,'TFCL110050115',112,'MAQUINAS YA VENDIDAS',1,'2016-07-05 10:39:19'),(207592,'TFCL110050116',112,'MAQUINAS YA VENDIDAS',1,'2016-07-05 10:39:19'),(207593,'TFCL110050117',112,'MAQUINAS YA VENDIDAS',1,'2016-07-05 10:39:19'),(207594,'TFCL110050118',112,'MAQUINAS YA VENDIDAS',1,'2016-07-05 10:39:19'),(207595,'TFCL110050119',112,'MAQUINAS YA VENDIDAS',1,'2016-07-05 10:39:19'),(207596,'TFCL110050120',112,'MAQUINAS YA VENDIDAS',1,'2016-07-05 10:39:19'),(207597,'TFCL110050121',112,'MAQUINAS YA VENDIDAS',1,'2016-07-05 10:39:19'),(207598,'TFCL110050122',112,'MAQUINAS YA VENDIDAS',1,'2016-07-05 10:39:19'),(207599,'TFCL110050123',112,'MAQUINAS YA VENDIDAS',1,'2016-07-05 10:39:19'),(207600,'TFCL110050124',112,'MAQUINAS YA VENDIDAS',1,'2016-07-05 10:39:19'),(207601,'TFCL110050125',112,'MAQUINAS YA VENDIDAS',1,'2016-07-05 10:39:19'),(207602,'TFCL110050126',112,'MAQUINAS YA VENDIDAS',1,'2016-07-05 10:39:19'),(207603,'TFCL110050127',112,'MAQUINAS YA VENDIDAS',1,'2016-07-05 10:39:19'),(207604,'TFCL110050128',112,'MAQUINAS YA VENDIDAS',1,'2016-07-05 10:39:19'),(207605,'TFCL110050129',112,'MAQUINAS YA VENDIDAS',1,'2016-07-05 10:39:19'),(207606,'TFCL110050130',112,'MAQUINAS YA VENDIDAS',1,'2016-07-05 10:39:19'),(207607,'TFCL110050131',112,'MAQUINAS YA VENDIDAS',1,'2016-07-05 10:39:19'),(207608,'TFCL110050132',112,'MAQUINAS YA VENDIDAS',1,'2016-07-05 10:39:19'),(207609,'TFCL110050133',112,'MAQUINAS YA VENDIDAS',1,'2016-07-05 10:39:19'),(207610,'TFCL110050134',112,'MAQUINAS YA VENDIDAS',1,'2016-07-05 10:39:19'),(207611,'TFCL110050135',112,'MAQUINAS YA VENDIDAS',1,'2016-07-05 10:39:19'),(207612,'TFCL110050136',112,'MAQUINAS YA VENDIDAS',1,'2016-07-05 10:39:19'),(207613,'TFCL110050137',112,'MAQUINAS YA VENDIDAS',1,'2016-07-05 10:39:19'),(207614,'TFCL110050138',112,'MAQUINAS YA VENDIDAS',1,'2016-07-05 10:39:19'),(207615,'TFCL110050139',112,'MAQUINAS YA VENDIDAS',1,'2016-07-05 10:39:19'),(207616,'TFCL110050140',112,'MAQUINAS YA VENDIDAS',1,'2016-07-05 10:39:19'),(207617,'TFCL110050141',112,'MAQUINAS YA VENDIDAS',1,'2016-07-05 10:39:19'),(207618,'TFCL110050142',112,'MAQUINAS YA VENDIDAS',1,'2016-07-05 10:39:19'),(207619,'TFCL110050143',112,'MAQUINAS YA VENDIDAS',1,'2016-07-05 10:39:19'),(207620,'TFCL110050144',112,'MAQUINAS YA VENDIDAS',1,'2016-07-05 10:39:19'),(207621,'TFCL110050145',112,'MAQUINAS YA VENDIDAS',1,'2016-07-05 10:39:19'),(207622,'TFCL110050146',112,'MAQUINAS YA VENDIDAS',1,'2016-07-05 10:39:19'),(207623,'TFCL110050147',112,'MAQUINAS YA VENDIDAS',1,'2016-07-05 10:39:19'),(207624,'TFCL110050148',112,'MAQUINAS YA VENDIDAS',1,'2016-07-05 10:39:19'),(207625,'TFCL110050149',112,'MAQUINAS YA VENDIDAS',1,'2016-07-05 10:39:19'),(207626,'TFCL110050150',112,'MAQUINAS YA VENDIDAS',1,'2016-07-05 10:39:19'),(207627,'TFCL110050151',112,'MAQUINAS YA VENDIDAS',1,'2016-07-05 10:39:19'),(207628,'TFCL110050152',112,'MAQUINAS YA VENDIDAS',1,'2016-07-05 10:39:19'),(207629,'TFCL110050153',112,'MAQUINAS YA VENDIDAS',1,'2016-07-05 10:39:19'),(207630,'TFCL110050154',112,'MAQUINAS YA VENDIDAS',1,'2016-07-05 10:39:19'),(207631,'TFCL110050155',112,'MAQUINAS YA VENDIDAS',1,'2016-07-05 10:39:19'),(207632,'TFCL110050156',112,'MAQUINAS YA VENDIDAS',1,'2016-07-05 10:39:19'),(207633,'TFCL110050157',112,'MAQUINAS YA VENDIDAS',1,'2016-07-05 10:39:19'),(207634,'TFCL110050158',112,'MAQUINAS YA VENDIDAS',1,'2016-07-05 10:39:19'),(207635,'TFCL110050159',112,'MAQUINAS YA VENDIDAS',1,'2016-07-05 10:39:19'),(207636,'TFCL110050160',112,'MAQUINAS YA VENDIDAS',1,'2016-07-05 10:39:19'),(207637,'TFCL110050161',112,'MAQUINAS YA VENDIDAS',1,'2016-07-05 10:39:19'),(207638,'TFCL110050162',112,'MAQUINAS YA VENDIDAS',1,'2016-07-05 10:39:19'),(207639,'TFCL110050163',112,'MAQUINAS YA VENDIDAS',1,'2016-07-05 10:39:19'),(207640,'TFCL110050164',112,'MAQUINAS YA VENDIDAS',1,'2016-07-05 10:39:19'),(207641,'TFCL110050165',112,'MAQUINAS YA VENDIDAS',1,'2016-07-05 10:39:19'),(207642,'TFCL110050166',112,'MAQUINAS YA VENDIDAS',1,'2016-07-05 10:39:19'),(207643,'TFCL110050167',112,'MAQUINAS YA VENDIDAS',1,'2016-07-05 10:39:19'),(207644,'TFCL110050168',112,'MAQUINAS YA VENDIDAS',1,'2016-07-05 10:39:19'),(207645,'TFCL110050169',112,'MAQUINAS YA VENDIDAS',1,'2016-07-05 10:39:19'),(207646,'TFCL110050170',112,'MAQUINAS YA VENDIDAS',1,'2016-07-05 10:39:19'),(207647,'TFCL110050171',112,'MAQUINAS YA VENDIDAS',1,'2016-07-05 10:39:19'),(207648,'TFCL110050172',112,'MAQUINAS YA VENDIDAS',1,'2016-07-05 10:39:19'),(207649,'TFCL110050173',112,'MAQUINAS YA VENDIDAS',1,'2016-07-05 10:39:19'),(207650,'TFCL110050174',112,'MAQUINAS YA VENDIDAS',1,'2016-07-05 10:39:19'),(207651,'TFCL110050175',112,'MAQUINAS YA VENDIDAS',1,'2016-07-05 10:39:19'),(207652,'TFCL110050176',112,'MAQUINAS YA VENDIDAS',1,'2016-07-05 10:39:19'),(207653,'TFCL110050177',112,'MAQUINAS YA VENDIDAS',1,'2016-07-05 10:39:19'),(207654,'TFCL110050178',112,'MAQUINAS YA VENDIDAS',1,'2016-07-05 10:39:19'),(207655,'TFCL110050179',112,'MAQUINAS YA VENDIDAS',1,'2016-07-05 10:39:19'),(207656,'TFCL110050180',112,'MAQUINAS YA VENDIDAS',1,'2016-07-05 10:39:19'),(207657,'TFCL110050181',112,'MAQUINAS YA VENDIDAS',1,'2016-07-05 10:39:19'),(207658,'TFCL110050182',112,'MAQUINAS YA VENDIDAS',1,'2016-07-05 10:39:19'),(207659,'TFCL110050183',112,'MAQUINAS YA VENDIDAS',1,'2016-07-05 10:39:19'),(207660,'TFCL110050184',112,'MAQUINAS YA VENDIDAS',1,'2016-07-05 10:39:19'),(207661,'TFCL110050185',112,'MAQUINAS YA VENDIDAS',1,'2016-07-05 10:39:19'),(207662,'TFCL110050186',112,'MAQUINAS YA VENDIDAS',1,'2016-07-05 10:39:19'),(207663,'TFCL110050187',112,'MAQUINAS YA VENDIDAS',1,'2016-07-05 10:39:19'),(207664,'TFCL110050188',112,'MAQUINAS YA VENDIDAS',1,'2016-07-05 10:39:19'),(207665,'TFCL110050189',112,'MAQUINAS YA VENDIDAS',1,'2016-07-05 10:39:19'),(207666,'TFCL110050190',112,'MAQUINAS YA VENDIDAS',1,'2016-07-05 10:39:19'),(207667,'TFCL110050191',112,'MAQUINAS YA VENDIDAS',1,'2016-07-05 10:39:19'),(207668,'TFCL110050192',112,'MAQUINAS YA VENDIDAS',1,'2016-07-05 10:39:19'),(207669,'TFCL110050193',112,'MAQUINAS YA VENDIDAS',1,'2016-07-05 10:39:19'),(207670,'TFCL110050194',112,'MAQUINAS YA VENDIDAS',1,'2016-07-05 10:39:19'),(207671,'TFCL110050195',112,'MAQUINAS YA VENDIDAS',1,'2016-07-05 10:39:19'),(207672,'TFCL110050196',112,'MAQUINAS YA VENDIDAS',1,'2016-07-05 10:39:19'),(207673,'TFCL110050197',112,'MAQUINAS YA VENDIDAS',1,'2016-07-05 10:39:19'),(207674,'TFCL110050198',112,'MAQUINAS YA VENDIDAS',1,'2016-07-05 10:39:19'),(207675,'TFCL110050199',112,'MAQUINAS YA VENDIDAS',1,'2016-07-05 10:39:19'),(207676,'TFCL110050200',112,'MAQUINAS YA VENDIDAS',1,'2016-07-05 10:39:19'),(207677,'TFCL110050211',112,'MAQUINAS YA VENDIDAS',1,'2016-07-05 10:39:19'),(207678,'TFCL110050212',112,'MAQUINAS YA VENDIDAS',1,'2016-07-05 10:39:19'),(207679,'TFCL110050213',112,'MAQUINAS YA VENDIDAS',1,'2016-07-05 10:39:19'),(207680,'TFCL110050214',112,'MAQUINAS YA VENDIDAS',1,'2016-07-05 10:39:19'),(207681,'TFCL110050215',112,'MAQUINAS YA VENDIDAS',1,'2016-07-05 10:39:19'),(207682,'TFCL110050216',112,'MAQUINAS YA VENDIDAS',1,'2016-07-05 10:39:19'),(207683,'TFCL110050217',112,'MAQUINAS YA VENDIDAS',1,'2016-07-05 10:39:19'),(207684,'TFCL110050218',112,'MAQUINAS YA VENDIDAS',1,'2016-07-05 10:39:19'),(207685,'TFCL110050219',112,'MAQUINAS YA VENDIDAS',1,'2016-07-05 10:39:19'),(207686,'TFCL110050220',112,'MAQUINAS YA VENDIDAS',1,'2016-07-05 10:39:19'),(207687,'TFCL110050221',112,'MAQUINAS YA VENDIDAS',1,'2016-07-05 10:39:19'),(207688,'TFCL110050222',112,'MAQUINAS YA VENDIDAS',1,'2016-07-05 10:39:19'),(207689,'TFCL110050223',112,'MAQUINAS YA VENDIDAS',1,'2016-07-05 10:39:19'),(207690,'TFCL110050224',112,'MAQUINAS YA VENDIDAS',1,'2016-07-05 10:39:19'),(207691,'TFCL110050225',112,'MAQUINAS YA VENDIDAS',1,'2016-07-05 10:39:19'),(207692,'TFCL110050226',112,'MAQUINAS YA VENDIDAS',1,'2016-07-05 10:39:19'),(207693,'TFCL110050227',112,'MAQUINAS YA VENDIDAS',1,'2016-07-05 10:39:19'),(207694,'TFCL110050228',112,'MAQUINAS YA VENDIDAS',1,'2016-07-05 10:39:19'),(207695,'TFCL110050229',112,'MAQUINAS YA VENDIDAS',1,'2016-07-05 10:39:19'),(207696,'TFCL110050230',112,'MAQUINAS YA VENDIDAS',1,'2016-07-05 10:39:19'),(207697,'TFCL110050231',112,'MAQUINAS YA VENDIDAS',1,'2016-07-05 10:39:19'),(207698,'TFCL110050232',112,'MAQUINAS YA VENDIDAS',1,'2016-07-05 10:39:19'),(207699,'TFCL110050233',112,'MAQUINAS YA VENDIDAS',1,'2016-07-05 10:39:19'),(207700,'TFCL110050234',112,'MAQUINAS YA VENDIDAS',1,'2016-07-05 10:39:19'),(207701,'TFCL110050235',112,'MAQUINAS YA VENDIDAS',1,'2016-07-05 10:39:19'),(207702,'TFCL110050236',112,'MAQUINAS YA VENDIDAS',1,'2016-07-05 10:39:19'),(207703,'TFCL110050237',112,'MAQUINAS YA VENDIDAS',1,'2016-07-05 10:39:19'),(207704,'TFCL110050238',112,'MAQUINAS YA VENDIDAS',1,'2016-07-05 10:39:19'),(207705,'TFCL110050239',112,'MAQUINAS YA VENDIDAS',1,'2016-07-05 10:39:19'),(207706,'TFCL110050240',112,'MAQUINAS YA VENDIDAS',1,'2016-07-05 10:39:19'),(207707,'TFCL110050241',112,'MAQUINAS YA VENDIDAS',1,'2016-07-05 10:39:19'),(207708,'TFCL110050242',112,'MAQUINAS YA VENDIDAS',1,'2016-07-05 10:39:19'),(207709,'TFCL110050243',112,'MAQUINAS YA VENDIDAS',1,'2016-07-05 10:39:19'),(207710,'TFCL110050244',112,'MAQUINAS YA VENDIDAS',1,'2016-07-05 10:39:19'),(207711,'TFCL110050245',112,'MAQUINAS YA VENDIDAS',1,'2016-07-05 10:39:19'),(207712,'TFCL110050246',112,'MAQUINAS YA VENDIDAS',1,'2016-07-05 10:39:19'),(207713,'TFCL110050247',112,'MAQUINAS YA VENDIDAS',1,'2016-07-05 10:39:19'),(207714,'TFCL110050248',112,'MAQUINAS YA VENDIDAS',1,'2016-07-05 10:39:19'),(207715,'TFCL110050249',112,'MAQUINAS YA VENDIDAS',1,'2016-07-05 10:39:19'),(207716,'TFCL110050250',112,'MAQUINAS YA VENDIDAS',1,'2016-07-05 10:39:19'),(207717,'TFCL110050251',112,'MAQUINAS YA VENDIDAS',1,'2016-07-05 10:39:19'),(207718,'TFCL110050252',112,'MAQUINAS YA VENDIDAS',1,'2016-07-05 10:39:19'),(207719,'TFCL110050253',112,'MAQUINAS YA VENDIDAS',1,'2016-07-05 10:39:19'),(207720,'TFCL110050254',112,'MAQUINAS YA VENDIDAS',1,'2016-07-05 10:39:19'),(207721,'TFCL110050255',112,'MAQUINAS YA VENDIDAS',1,'2016-07-05 10:39:19'),(207722,'TFCL110050256',112,'MAQUINAS YA VENDIDAS',1,'2016-07-05 10:39:19'),(207723,'TFCL110050257',112,'MAQUINAS YA VENDIDAS',1,'2016-07-05 10:39:19'),(207724,'TFCL110050258',112,'MAQUINAS YA VENDIDAS',1,'2016-07-05 10:39:19'),(207725,'TFCL110050259',112,'MAQUINAS YA VENDIDAS',1,'2016-07-05 10:39:19'),(207726,'TFCL110050260',112,'MAQUINAS YA VENDIDAS',1,'2016-07-05 10:39:19'),(207727,'TFCL110050261',112,'MAQUINAS YA VENDIDAS',1,'2016-07-05 10:39:19'),(207728,'TFCL110050262',112,'MAQUINAS YA VENDIDAS',1,'2016-07-05 10:39:19'),(207729,'TFCL110050263',112,'MAQUINAS YA VENDIDAS',1,'2016-07-05 10:39:19'),(207730,'TFCL110050264',112,'MAQUINAS YA VENDIDAS',1,'2016-07-05 10:39:19'),(207731,'TFCL110050265',112,'MAQUINAS YA VENDIDAS',1,'2016-07-05 10:39:19'),(207732,'TFCL110050266',112,'MAQUINAS YA VENDIDAS',1,'2016-07-05 10:39:19'),(207733,'TFCL110050267',112,'MAQUINAS YA VENDIDAS',1,'2016-07-05 10:39:19'),(207734,'TFCL110050268',112,'MAQUINAS YA VENDIDAS',1,'2016-07-05 10:39:19'),(207735,'TFCL110050269',112,'MAQUINAS YA VENDIDAS',1,'2016-07-05 10:39:19'),(207736,'TFCL110050270',112,'MAQUINAS YA VENDIDAS',1,'2016-07-05 10:39:19'),(207737,'TFCL110050271',112,'MAQUINAS YA VENDIDAS',1,'2016-07-05 10:39:19'),(207738,'TFCL110050272',112,'MAQUINAS YA VENDIDAS',1,'2016-07-05 10:39:19'),(207739,'TFCL110050273',112,'MAQUINAS YA VENDIDAS',1,'2016-07-05 10:39:19'),(207740,'TFCL110050274',112,'MAQUINAS YA VENDIDAS',1,'2016-07-05 10:39:19'),(207741,'TFCL110050275',112,'MAQUINAS YA VENDIDAS',1,'2016-07-05 10:39:19'),(207742,'TFCL110050276',112,'MAQUINAS YA VENDIDAS',1,'2016-07-05 10:39:19'),(207743,'TFCL110050277',112,'MAQUINAS YA VENDIDAS',1,'2016-07-05 10:39:19'),(207744,'TFCL110050278',112,'MAQUINAS YA VENDIDAS',1,'2016-07-05 10:39:19'),(207745,'TFCL110050279',112,'MAQUINAS YA VENDIDAS',1,'2016-07-05 10:39:19'),(207746,'TFCL110050280',112,'MAQUINAS YA VENDIDAS',1,'2016-07-05 10:39:19'),(207747,'TFCL110050281',112,'MAQUINAS YA VENDIDAS',1,'2016-07-05 10:39:19'),(207748,'TFCL110050282',112,'MAQUINAS YA VENDIDAS',1,'2016-07-05 10:39:19'),(207749,'TFCL110050283',112,'MAQUINAS YA VENDIDAS',1,'2016-07-05 10:39:19'),(207750,'TFCL110050284',112,'MAQUINAS YA VENDIDAS',1,'2016-07-05 10:39:19'),(207751,'TFCL110050285',112,'MAQUINAS YA VENDIDAS',1,'2016-07-05 10:39:19'),(207752,'TFCL110050286',112,'MAQUINAS YA VENDIDAS',1,'2016-07-05 10:39:19'),(207753,'TFCL110050287',112,'MAQUINAS YA VENDIDAS',1,'2016-07-05 10:39:19'),(207754,'TFCL110050288',112,'MAQUINAS YA VENDIDAS',1,'2016-07-05 10:39:19'),(207755,'TFCL110050289',112,'MAQUINAS YA VENDIDAS',1,'2016-07-05 10:39:19'),(207756,'TFCL110050290',112,'MAQUINAS YA VENDIDAS',1,'2016-07-05 10:39:19'),(207757,'TFCL110050291',112,'MAQUINAS YA VENDIDAS',1,'2016-07-05 10:39:19'),(207758,'TFCL110050292',112,'MAQUINAS YA VENDIDAS',1,'2016-07-05 10:39:19'),(207759,'TFCL110050293',112,'MAQUINAS YA VENDIDAS',1,'2016-07-05 10:39:19'),(207760,'TFCL110050294',112,'MAQUINAS YA VENDIDAS',1,'2016-07-05 10:39:19'),(207761,'TFCL110050295',112,'MAQUINAS YA VENDIDAS',1,'2016-07-05 10:39:19'),(208162,'TFDM110050001',112,'',1,'2016-07-05 10:45:36'),(208163,'TFDM110050002',112,'',1,'2016-07-05 10:45:37'),(208164,'TFDM110050003',112,'',1,'2016-07-05 10:45:37'),(208165,'TFDM110050004',112,'',1,'2016-07-05 10:45:37'),(208166,'TFDM110050005',112,'',1,'2016-07-05 10:45:37'),(208167,'TFDM110050006',112,'',1,'2016-07-05 10:45:37'),(208168,'TFDM110050007',112,'',1,'2016-07-05 10:45:37'),(208169,'TFDM110050008',112,'',1,'2016-07-05 10:45:37'),(208170,'TFDM110050009',112,'',1,'2016-07-05 10:45:37'),(208171,'TFDM110050010',112,'',1,'2016-07-05 10:45:37'),(208172,'TFDM110050011',112,'',1,'2016-07-05 10:45:37'),(208173,'TFDM110050012',112,'',1,'2016-07-05 10:45:37'),(208174,'TFDM110050013',112,'',1,'2016-07-05 10:45:37'),(208175,'TFDM110050014',112,'',1,'2016-07-05 10:45:37'),(208176,'TFDM110050015',112,'',1,'2016-07-05 10:45:37'),(208177,'TFDM110050016',112,'',1,'2016-07-05 10:45:37'),(208178,'TFDM110050017',112,'',1,'2016-07-05 10:45:37'),(208179,'TFDM110050018',112,'',1,'2016-07-05 10:45:37'),(208180,'TFDM110050019',112,'',1,'2016-07-05 10:45:37'),(208181,'TFDM110050020',112,'',1,'2016-07-05 10:45:37'),(208182,'TFDM110050021',112,'',1,'2016-07-05 10:45:37'),(208183,'TFDM110050022',112,'',1,'2016-07-05 10:45:37'),(208184,'TFDM110050023',112,'',1,'2016-07-05 10:45:37'),(208185,'TFDM110050024',112,'',1,'2016-07-05 10:45:37'),(208186,'TFDM110050025',112,'',1,'2016-07-05 10:45:37'),(208187,'TFDM110050026',112,'',1,'2016-07-05 10:45:37'),(208188,'TFDM110050027',112,'',1,'2016-07-05 10:45:37'),(208189,'TFDM110050028',112,'',1,'2016-07-05 10:45:37'),(208190,'TFDM110050029',112,'',1,'2016-07-05 10:45:37'),(208191,'TFDM110050030',112,'',1,'2016-07-05 10:45:37'),(208192,'TFDM110050031',112,'',1,'2016-07-05 10:45:37'),(208193,'TFDM110050032',112,'',1,'2016-07-05 10:45:37'),(208194,'TFDM110050033',112,'',1,'2016-07-05 10:45:37'),(208195,'TFDM110050034',112,'',1,'2016-07-05 10:45:37'),(208196,'TFDM110050035',112,'',1,'2016-07-05 10:45:37'),(208197,'TFDM110050036',112,'',1,'2016-07-05 10:45:37'),(208198,'TFDM110050037',112,'',1,'2016-07-05 10:45:37'),(208199,'TFDM110050038',112,'',1,'2016-07-05 10:45:37'),(208200,'TFDM110050039',112,'',1,'2016-07-05 10:45:37'),(208201,'TFDM110050040',112,'',1,'2016-07-05 10:45:37'),(208202,'TFDM110050041',112,'',1,'2016-07-05 10:45:37'),(208203,'TFDM110050042',112,'',1,'2016-07-05 10:45:37'),(208204,'TFDM110050043',112,'',1,'2016-07-05 10:45:37'),(208205,'TFDM110050044',112,'',1,'2016-07-05 10:45:37'),(208206,'TFDM110050045',112,'',1,'2016-07-05 10:45:37'),(208207,'TFDM110050046',112,'',1,'2016-07-05 10:45:37'),(208208,'TFDM110050047',112,'',1,'2016-07-05 10:45:37'),(208209,'TFDM110050048',112,'',1,'2016-07-05 10:45:37'),(208210,'TFDM110050049',112,'',1,'2016-07-05 10:45:37'),(208211,'TFDM110050050',112,'',1,'2016-07-05 10:45:37'),(208212,'TFDM110050051',112,'',1,'2016-07-05 10:45:37'),(208213,'TFDM110050052',112,'',1,'2016-07-05 10:45:37'),(208214,'TFDM110050053',112,'',1,'2016-07-05 10:45:37'),(208215,'TFDM110050054',112,'',1,'2016-07-05 10:45:37'),(208216,'TFDM110050055',112,'',1,'2016-07-05 10:45:37'),(208217,'TFDM110050056',112,'',1,'2016-07-05 10:45:37'),(208218,'TFDM110050057',112,'',1,'2016-07-05 10:45:37'),(208219,'TFDM110050058',112,'',1,'2016-07-05 10:45:37'),(208220,'TFDM110050059',112,'',1,'2016-07-05 10:45:37'),(208221,'TFDM110050060',112,'',1,'2016-07-05 10:45:37'),(208222,'TFDM110050061',112,'',1,'2016-07-05 10:45:37'),(208223,'TFDM110050062',112,'',1,'2016-07-05 10:45:37'),(208224,'TFDM110050063',112,'',1,'2016-07-05 10:45:37'),(208225,'TFDM110050064',112,'',1,'2016-07-05 10:45:37'),(208226,'TFDM110050065',112,'',1,'2016-07-05 10:45:37'),(208227,'TFDM110050066',112,'',1,'2016-07-05 10:45:37'),(208228,'TFDM110050067',112,'',1,'2016-07-05 10:45:37'),(208229,'TFDM110050068',112,'',1,'2016-07-05 10:45:37'),(208230,'TFDM110050069',112,'',1,'2016-07-05 10:45:37'),(208231,'TFDM110050070',112,'',1,'2016-07-05 10:45:37'),(208232,'TFDM110050071',112,'',1,'2016-07-05 10:45:37'),(208233,'TFDM110050072',112,'',1,'2016-07-05 10:45:37'),(208234,'TFDM110050073',112,'',1,'2016-07-05 10:45:37'),(208235,'TFDM110050074',112,'',1,'2016-07-05 10:45:37'),(208236,'TFDM110050075',112,'',1,'2016-07-05 10:45:37'),(208237,'TFDM110050076',112,'',1,'2016-07-05 10:45:37'),(208238,'TFDM110050077',112,'',1,'2016-07-05 10:45:37'),(208239,'TFDM110050078',112,'',1,'2016-07-05 10:45:37'),(208240,'TFDM110050079',112,'',1,'2016-07-05 10:45:37'),(208241,'TFDM110050080',112,'',1,'2016-07-05 10:45:37'),(208242,'TFDM110050081',112,'',1,'2016-07-05 10:45:37'),(208243,'TFDM110050082',112,'',1,'2016-07-05 10:45:37'),(208244,'TFDM110050083',112,'',1,'2016-07-05 10:45:37'),(208245,'TFDM110050084',112,'',1,'2016-07-05 10:45:37'),(208246,'TFDM110050085',112,'',1,'2016-07-05 10:45:37'),(208247,'TFDM110050086',112,'',1,'2016-07-05 10:45:37'),(208248,'TFDM110050087',112,'',1,'2016-07-05 10:45:37'),(208249,'TFDM110050088',112,'',1,'2016-07-05 10:45:37'),(208250,'TFDM110050089',112,'',1,'2016-07-05 10:45:37'),(208251,'TFDM110050090',112,'',1,'2016-07-05 10:45:37'),(208252,'TFDM110050091',112,'',1,'2016-07-05 10:45:37'),(208253,'TFDM110050092',112,'',1,'2016-07-05 10:45:37'),(208254,'TFDM110050093',112,'',1,'2016-07-05 10:45:37'),(208255,'TFDM110050094',112,'',1,'2016-07-05 10:45:37'),(208256,'TFDM110050095',112,'',1,'2016-07-05 10:45:37'),(208257,'TFDM110050096',112,'',1,'2016-07-05 10:45:37'),(208258,'TFDM110050097',112,'',1,'2016-07-05 10:45:37'),(208259,'TFDM110050098',112,'',1,'2016-07-05 10:45:37'),(208260,'TFDM110050099',112,'',1,'2016-07-05 10:45:37'),(208261,'TFDM110050100',112,'',1,'2016-07-05 10:45:37'),(208262,'TFDM110050101',112,'',1,'2016-07-05 10:45:37'),(208263,'TFDM110050102',112,'',1,'2016-07-05 10:45:37'),(208264,'TFDM110050103',112,'',1,'2016-07-05 10:45:37'),(208265,'TFDM110050104',112,'',1,'2016-07-05 10:45:37'),(208266,'TFDM110050105',112,'',1,'2016-07-05 10:45:37'),(208267,'TFDM110050106',112,'',1,'2016-07-05 10:45:37'),(208268,'TFDM110050107',112,'',1,'2016-07-05 10:45:37'),(208269,'TFDM110050108',112,'',1,'2016-07-05 10:45:37'),(208270,'TFDM110050109',112,'',1,'2016-07-05 10:45:37'),(208271,'TFDM110050110',112,'',1,'2016-07-05 10:45:37'),(208272,'TFDM110050111',112,'',1,'2016-07-05 10:45:37'),(208273,'TFDM110050112',112,'',1,'2016-07-05 10:45:37'),(208274,'TFDM110050113',112,'',1,'2016-07-05 10:45:37'),(208275,'TFDM110050114',112,'',1,'2016-07-05 10:45:37'),(208276,'TFDM110050115',112,'',1,'2016-07-05 10:45:37'),(208277,'TFDM110050116',112,'',1,'2016-07-05 10:45:37'),(208278,'TFDM110050117',112,'',1,'2016-07-05 10:45:37'),(208279,'TFDM110050118',112,'',1,'2016-07-05 10:45:37'),(208280,'TFDM110050119',112,'',1,'2016-07-05 10:45:37'),(208281,'TFDM110050120',112,'',1,'2016-07-05 10:45:37'),(208282,'TFDM110050121',112,'',1,'2016-07-05 10:45:37'),(208283,'TFDM110050122',112,'',1,'2016-07-05 10:45:37'),(208284,'TFDM110050123',112,'',1,'2016-07-05 10:45:37'),(208285,'TFDM110050124',112,'',1,'2016-07-05 10:45:37'),(208286,'TFDM110050125',112,'',1,'2016-07-05 10:45:37'),(208287,'TFDM110050126',112,'',1,'2016-07-05 10:45:37'),(208288,'TFDM110050127',112,'',1,'2016-07-05 10:45:37'),(208289,'TFDM110050128',112,'',1,'2016-07-05 10:45:37'),(208290,'TFDM110050129',112,'',1,'2016-07-05 10:45:37'),(208291,'TFDM110050130',112,'',1,'2016-07-05 10:45:37'),(208292,'TFDM110050131',112,'',1,'2016-07-05 10:45:37'),(208293,'TFDM110050132',112,'',1,'2016-07-05 10:45:37'),(208294,'TFDM110050133',112,'',1,'2016-07-05 10:45:37'),(208295,'TFDM110050134',112,'',1,'2016-07-05 10:45:37'),(208296,'TFDM110050135',112,'',1,'2016-07-05 10:45:37'),(208297,'TFDM110050136',112,'',1,'2016-07-05 10:45:37'),(208298,'TFDM110050137',112,'',1,'2016-07-05 10:45:37'),(208299,'TFDM110050138',112,'',1,'2016-07-05 10:45:37'),(208300,'TFDM110050139',112,'',1,'2016-07-05 10:45:37'),(208301,'TFDM110050140',112,'',1,'2016-07-05 10:45:37'),(208302,'TFDM110050141',112,'',1,'2016-07-05 10:45:37'),(208303,'TFDM110050142',112,'',1,'2016-07-05 10:45:37'),(208304,'TFDM110050143',112,'',1,'2016-07-05 10:45:37'),(208305,'TFDM110050144',112,'',1,'2016-07-05 10:45:37'),(208306,'TFDM110050145',112,'',1,'2016-07-05 10:45:37'),(208307,'TFDM110050146',112,'',1,'2016-07-05 10:45:37'),(208308,'TFDM110050147',112,'',1,'2016-07-05 10:45:37'),(208309,'TFDM110050148',112,'',1,'2016-07-05 10:45:37'),(208310,'TFDM110050149',112,'',1,'2016-07-05 10:45:37'),(208311,'TFDM110050150',112,'',1,'2016-07-05 10:45:37'),(208312,'TFDM110050151',112,'',1,'2016-07-05 10:45:37'),(208313,'TFDM110050152',112,'',1,'2016-07-05 10:45:37'),(208314,'TFDM110050153',112,'',1,'2016-07-05 10:45:37'),(208315,'TFDM110050154',112,'',1,'2016-07-05 10:45:37'),(208316,'TFDM110050155',112,'',1,'2016-07-05 10:45:37'),(208317,'TFDM110050156',112,'',1,'2016-07-05 10:45:37'),(208318,'TFDM110050157',112,'',1,'2016-07-05 10:45:37'),(208319,'TFDM110050158',112,'',1,'2016-07-05 10:45:37'),(208320,'TFDM110050159',112,'',1,'2016-07-05 10:45:37'),(208321,'TFDM110050160',112,'',1,'2016-07-05 10:45:37'),(208322,'TFDM110050161',112,'',1,'2016-07-05 10:45:37'),(208323,'TFDM110050162',112,'',1,'2016-07-05 10:45:37'),(208324,'TFDM110050163',112,'',1,'2016-07-05 10:45:37'),(208325,'TFDM110050164',112,'',1,'2016-07-05 10:45:37'),(208326,'TFDM110050165',112,'',1,'2016-07-05 10:45:37'),(208327,'TFDM110050166',112,'',1,'2016-07-05 10:45:37'),(208328,'TFDM110050167',112,'',1,'2016-07-05 10:45:37'),(208329,'TFDM110050168',112,'',1,'2016-07-05 10:45:37'),(208330,'TFDM110050169',112,'',1,'2016-07-05 10:45:37'),(208331,'TFDM110050170',112,'',1,'2016-07-05 10:45:37'),(208332,'TFDM110050171',112,'',1,'2016-07-05 10:45:37'),(208333,'TFDM110050172',112,'',1,'2016-07-05 10:45:37'),(208334,'TFDM110050173',112,'',1,'2016-07-05 10:45:37'),(208335,'TFDM110050174',112,'',1,'2016-07-05 10:45:37'),(208336,'TFDM110050175',112,'',1,'2016-07-05 10:45:37'),(208337,'TFDM110050176',112,'',1,'2016-07-05 10:45:37'),(208338,'TFDM110050177',112,'',1,'2016-07-05 10:45:37'),(208339,'TFDM110050178',112,'',1,'2016-07-05 10:45:37'),(208340,'TFDM110050179',112,'',1,'2016-07-05 10:45:37'),(208341,'TFDM110050180',112,'',1,'2016-07-05 10:45:37'),(208342,'TFDM110050181',112,'',1,'2016-07-05 10:45:37'),(208343,'TFDM110050182',112,'',1,'2016-07-05 10:45:37'),(208344,'TFDM110050183',112,'',1,'2016-07-05 10:45:37'),(208345,'TFDM110050184',112,'',1,'2016-07-05 10:45:37'),(208346,'TFDM110050185',112,'',1,'2016-07-05 10:45:37'),(208347,'TFDM110050186',112,'',1,'2016-07-05 10:45:37'),(208348,'TFDM110050187',112,'',1,'2016-07-05 10:45:37'),(208349,'TFDM110050188',112,'',1,'2016-07-05 10:45:37'),(208350,'TFDM110050189',112,'',1,'2016-07-05 10:45:37'),(208351,'TFDM110050190',112,'',1,'2016-07-05 10:45:37'),(208352,'TFDM110050191',112,'',1,'2016-07-05 10:45:37'),(208353,'TFDM110050192',112,'',1,'2016-07-05 10:45:37'),(208354,'TFDM110050193',112,'',1,'2016-07-05 10:45:37'),(208355,'TFDM110050194',112,'',1,'2016-07-05 10:45:37'),(208356,'TFDM110050195',112,'',1,'2016-07-05 10:45:37'),(208357,'TFDM110050196',112,'',1,'2016-07-05 10:45:37'),(208358,'TFDM110050197',112,'',1,'2016-07-05 10:45:37'),(208359,'TFDM110050198',112,'',1,'2016-07-05 10:45:37'),(208360,'TFDM110050199',112,'',1,'2016-07-05 10:45:37'),(208361,'TFDM110050200',112,'',1,'2016-07-05 10:45:37'),(208362,'TFDM110050201',112,'',1,'2016-07-05 10:45:37'),(208363,'TFDM110050202',112,'',1,'2016-07-05 10:45:37'),(208364,'TFDM110050203',112,'',1,'2016-07-05 10:45:37'),(208365,'TFDM110050204',112,'',1,'2016-07-05 10:45:37'),(208366,'TFDM110050205',112,'',1,'2016-07-05 10:45:37'),(208367,'TFDM110050206',112,'',1,'2016-07-05 10:45:37'),(208368,'TFDM110050207',112,'',1,'2016-07-05 10:45:37'),(208369,'TFDM110050208',112,'',1,'2016-07-05 10:45:37'),(208370,'TFDM110050209',112,'',1,'2016-07-05 10:45:37'),(208371,'TFDM110050210',112,'',1,'2016-07-05 10:45:37'),(208372,'TFDM110050211',112,'',1,'2016-07-05 10:45:37'),(208373,'TFDM110050212',112,'',1,'2016-07-05 10:45:37'),(208374,'TFDM110050213',112,'',1,'2016-07-05 10:45:37'),(208375,'TFDM110050214',112,'',1,'2016-07-05 10:45:37'),(208376,'TFDM110050215',112,'',1,'2016-07-05 10:45:37'),(208377,'TFDM110050216',112,'',1,'2016-07-05 10:45:37'),(208378,'TFDM110050217',112,'',1,'2016-07-05 10:45:37'),(208379,'TFDM110050218',112,'',1,'2016-07-05 10:45:37'),(208380,'TFDM110050219',112,'',1,'2016-07-05 10:45:37'),(208381,'TFDM110050220',112,'',1,'2016-07-05 10:45:37'),(208382,'TFDM110050221',112,'',1,'2016-07-05 10:45:37'),(208383,'TFDM110050222',112,'',1,'2016-07-05 10:45:37'),(208384,'TFDM110050223',112,'',1,'2016-07-05 10:45:37'),(208385,'TFDM110050224',112,'',1,'2016-07-05 10:45:37'),(208386,'TFDM110050225',112,'',1,'2016-07-05 10:45:37'),(208387,'TFDM110050226',112,'',1,'2016-07-05 10:45:37'),(208388,'TFDM110050227',112,'',1,'2016-07-05 10:45:37'),(208389,'TFDM110050228',112,'',1,'2016-07-05 10:45:37'),(208390,'TFDM110050229',112,'',1,'2016-07-05 10:45:37'),(208391,'TFDM110050230',112,'',1,'2016-07-05 10:45:37'),(208392,'TFDM110050231',112,'',1,'2016-07-05 10:45:37'),(208393,'TFDM110050232',112,'',1,'2016-07-05 10:45:37'),(208394,'TFDM110050233',112,'',1,'2016-07-05 10:45:37'),(208395,'TFDM110050234',112,'',1,'2016-07-05 10:45:37'),(208396,'TFDM110050235',112,'',1,'2016-07-05 10:45:37'),(208397,'TFDM110050236',112,'',1,'2016-07-05 10:45:37'),(208398,'TFDM110050237',112,'',1,'2016-07-05 10:45:37'),(208399,'TFDM110050238',112,'',1,'2016-07-05 10:45:37'),(208400,'TFDM110050239',112,'',1,'2016-07-05 10:45:37'),(208401,'TFDM110050240',112,'',1,'2016-07-05 10:45:37'),(208402,'TFDM110050241',112,'',1,'2016-07-05 10:45:37'),(208403,'TFDM110050242',112,'',1,'2016-07-05 10:45:37'),(208404,'TFDM110050243',112,'',1,'2016-07-05 10:45:37'),(208405,'TFDM110050244',112,'',1,'2016-07-05 10:45:37'),(208406,'TFDM110050245',112,'',1,'2016-07-05 10:45:37'),(208407,'TFDM110050246',112,'',1,'2016-07-05 10:45:37'),(208408,'TFDM110050247',112,'',1,'2016-07-05 10:45:37'),(208409,'TFDM110050248',112,'',1,'2016-07-05 10:45:37'),(208410,'TFDM110050249',112,'',1,'2016-07-05 10:45:37'),(208411,'TFDM110050250',112,'',1,'2016-07-05 10:45:37'),(208412,'TFDM110050251',112,'',1,'2016-07-05 10:45:37'),(208413,'TFDM110050252',112,'',1,'2016-07-05 10:45:37'),(208414,'TFDM110050253',112,'',1,'2016-07-05 10:45:37'),(208415,'TFDM110050254',112,'',1,'2016-07-05 10:45:37'),(208416,'TFDM110050255',112,'',1,'2016-07-05 10:45:37'),(208417,'TFDM110050256',112,'',1,'2016-07-05 10:45:37'),(208418,'TFDM110050257',112,'',1,'2016-07-05 10:45:37'),(208419,'TFDM110050258',112,'',1,'2016-07-05 10:45:37'),(208420,'TFDM110050259',112,'',1,'2016-07-05 10:45:37'),(208421,'TFDM110050260',112,'',1,'2016-07-05 10:45:37'),(208422,'TFDM110050261',112,'',1,'2016-07-05 10:45:37'),(208423,'TFDM110050262',112,'',1,'2016-07-05 10:45:37'),(208424,'TFDM110050263',112,'',1,'2016-07-05 10:45:37'),(208425,'TFDM110050264',112,'',1,'2016-07-05 10:45:37'),(208426,'TFDM110050265',112,'',1,'2016-07-05 10:45:37'),(208427,'TFDM110050266',112,'',1,'2016-07-05 10:45:37'),(208428,'TFDM110050267',112,'',1,'2016-07-05 10:45:37'),(208429,'TFDM110050268',112,'',1,'2016-07-05 10:45:37'),(208430,'TFDM110050269',112,'',1,'2016-07-05 10:45:37'),(208431,'TFDM110050270',112,'',1,'2016-07-05 10:45:37'),(208432,'TFDM110050271',112,'',1,'2016-07-05 10:45:37'),(208433,'TFDM110050272',112,'',1,'2016-07-05 10:45:37'),(208434,'TFDM110050273',112,'',1,'2016-07-05 10:45:37'),(208435,'TFDM110050274',112,'',1,'2016-07-05 10:45:37'),(208436,'TFDM110050275',112,'',1,'2016-07-05 10:45:37'),(208437,'TFDM110050276',112,'',1,'2016-07-05 10:45:37'),(208438,'TFDM110050277',112,'',1,'2016-07-05 10:45:37'),(208439,'TFDM110050278',112,'',1,'2016-07-05 10:45:37'),(208440,'TFDM110050279',112,'',1,'2016-07-05 10:45:37'),(208441,'TFDM110050280',112,'',1,'2016-07-05 10:45:37'),(208442,'TFDM110050281',112,'',1,'2016-07-05 10:45:37'),(208443,'TFDM110050282',112,'',1,'2016-07-05 10:45:37'),(208444,'TFDM110050283',112,'',1,'2016-07-05 10:45:37'),(208445,'TFDM110050284',112,'',1,'2016-07-05 10:45:37'),(208446,'TFDM110050285',112,'',1,'2016-07-05 10:45:37'),(208447,'TFDM110050286',112,'',1,'2016-07-05 10:45:37'),(208448,'TFDM110050287',112,'',1,'2016-07-05 10:45:37'),(208449,'TFDM110050288',112,'',1,'2016-07-05 10:45:37'),(208450,'TFDM110050289',112,'',1,'2016-07-05 10:45:37'),(208451,'TFDM110050290',112,'',1,'2016-07-05 10:45:37'),(208452,'TFDM110050291',112,'',1,'2016-07-05 10:45:37'),(208453,'TFDM110050292',112,'',1,'2016-07-05 10:45:37'),(208454,'TFDM110050293',112,'',1,'2016-07-05 10:45:37'),(208455,'TFDM110050294',112,'',1,'2016-07-05 10:45:37'),(208456,'TFDM110050295',112,'',1,'2016-07-05 10:45:37'),(208457,'TFDM110050296',112,'',1,'2016-07-05 10:45:37'),(208458,'TFDM110050297',112,'',1,'2016-07-05 10:45:37'),(208459,'TFDM110050298',112,'',1,'2016-07-05 10:45:37'),(208460,'TFDM110050299',112,'',1,'2016-07-05 10:45:37'),(208461,'TFDM110050300',112,'',1,'2016-07-05 10:45:37'),(208462,'TFDM110050301',112,'',1,'2016-07-05 10:45:37'),(208463,'TFDM110050302',112,'',1,'2016-07-05 10:45:37'),(208464,'TFDM110050303',112,'',1,'2016-07-05 10:45:37'),(208465,'TFDM110050304',112,'',1,'2016-07-05 10:45:37'),(208466,'TFDM110050305',112,'',1,'2016-07-05 10:45:37'),(208467,'TFDM110050306',112,'',1,'2016-07-05 10:45:37'),(208468,'TFDM110050307',112,'',1,'2016-07-05 10:45:37'),(208469,'TFDM110050308',112,'',1,'2016-07-05 10:45:37'),(208470,'TFDM110050309',112,'',1,'2016-07-05 10:45:37'),(208471,'TFDM110050310',112,'',1,'2016-07-05 10:45:37'),(208472,'TFDM110050311',112,'',1,'2016-07-05 10:45:37'),(208473,'TFDM110050312',112,'',1,'2016-07-05 10:45:37'),(208474,'TFDM110050313',112,'',1,'2016-07-05 10:45:37'),(208475,'TFDM110050314',112,'',1,'2016-07-05 10:45:37'),(208476,'TFDM110050315',112,'',1,'2016-07-05 10:45:37'),(208477,'TFDM110050316',112,'',1,'2016-07-05 10:45:37'),(208478,'TFDM110050317',112,'',1,'2016-07-05 10:45:37'),(208479,'TFDM110050318',112,'',1,'2016-07-05 10:45:37'),(208480,'TFDM110050319',112,'',1,'2016-07-05 10:45:37'),(208481,'TFDM110050320',112,'',1,'2016-07-05 10:45:37'),(208482,'TFDM110050321',112,'',1,'2016-07-05 10:45:37'),(208483,'TFDM110050322',112,'',1,'2016-07-05 10:45:37'),(208484,'TFDM110050323',112,'',1,'2016-07-05 10:45:37'),(208485,'TFDM110050324',112,'',1,'2016-07-05 10:45:37'),(208486,'TFDM110050325',112,'',1,'2016-07-05 10:45:37'),(208487,'TFDM110050326',112,'',1,'2016-07-05 10:45:37'),(208488,'TFDM110050327',112,'',1,'2016-07-05 10:45:37'),(208489,'TFDM110050328',112,'',1,'2016-07-05 10:45:37'),(208490,'TFDM110050329',112,'',1,'2016-07-05 10:45:37'),(208491,'TFDM110050330',112,'',1,'2016-07-05 10:45:37'),(208492,'TFDM110050331',112,'',1,'2016-07-05 10:45:37'),(208493,'TFDM110050332',112,'',1,'2016-07-05 10:45:37'),(208494,'TFDM110050333',112,'',1,'2016-07-05 10:45:37'),(208495,'TFDM110050334',112,'',1,'2016-07-05 10:45:37'),(208496,'TFDM110050335',112,'',1,'2016-07-05 10:45:37'),(208497,'TFDM110050336',112,'',1,'2016-07-05 10:45:37'),(208498,'TFDM110050337',112,'',1,'2016-07-05 10:45:37'),(208499,'TFDM110050338',112,'',1,'2016-07-05 10:45:37'),(208500,'TFDM110050339',112,'',1,'2016-07-05 10:45:37'),(208501,'TFDM110050340',112,'',1,'2016-07-05 10:45:37'),(208502,'TFDM110050341',112,'',1,'2016-07-05 10:45:37'),(208503,'TFDM110050342',112,'',1,'2016-07-05 10:45:37'),(208504,'TFDM110050343',112,'',1,'2016-07-05 10:45:37'),(208505,'TFDM110050344',112,'',1,'2016-07-05 10:45:37'),(208506,'TFDM110050345',112,'',1,'2016-07-05 10:45:37'),(208507,'TFDM110050346',112,'',1,'2016-07-05 10:45:37'),(208508,'TFDM110050347',112,'',1,'2016-07-05 10:45:37'),(208509,'TFDM110050348',112,'',1,'2016-07-05 10:45:37'),(208510,'TFDM110050349',112,'',1,'2016-07-05 10:45:37'),(208511,'TFDM110050350',112,'',1,'2016-07-05 10:45:37'),(208512,'TFDM110050351',112,'',1,'2016-07-05 10:45:37'),(208513,'TFDM110050352',112,'',1,'2016-07-05 10:45:37'),(208514,'TFDM110050353',112,'',1,'2016-07-05 10:45:37'),(208515,'TFDM110050354',112,'',1,'2016-07-05 10:45:37'),(208516,'TFDM110050355',112,'',1,'2016-07-05 10:45:37'),(208517,'TFDM110050356',112,'',1,'2016-07-05 10:45:37'),(208518,'TFDM110050357',112,'',1,'2016-07-05 10:45:37'),(208519,'TFDM110050358',112,'',1,'2016-07-05 10:45:37'),(208520,'TFDM110050359',112,'',1,'2016-07-05 10:45:37'),(208521,'TFDM110050360',112,'',1,'2016-07-05 10:45:37'),(208522,'TFDM110050361',112,'',1,'2016-07-05 10:45:37'),(208523,'TFDM110050362',112,'',1,'2016-07-05 10:45:37'),(208524,'TFDM110050363',112,'',1,'2016-07-05 10:45:37'),(208525,'TFDM110050364',112,'',1,'2016-07-05 10:45:37'),(208526,'TFDM110050365',112,'',1,'2016-07-05 10:45:37'),(208527,'TFDM110050366',112,'',1,'2016-07-05 10:45:37'),(208528,'TFDM110050367',112,'',1,'2016-07-05 10:45:37'),(208529,'TFDM110050368',112,'',1,'2016-07-05 10:45:37'),(208530,'TFDM110050369',112,'',1,'2016-07-05 10:45:37'),(208531,'TFDM110050370',112,'',1,'2016-07-05 10:45:37'),(208532,'TFDM110050371',112,'',1,'2016-07-05 10:45:37'),(208533,'TFDM110050372',112,'',1,'2016-07-05 10:45:37'),(208534,'TFDM110050373',112,'',1,'2016-07-05 10:45:37'),(208535,'TFDM110050374',112,'',1,'2016-07-05 10:45:37'),(208536,'TFDM110050375',112,'',1,'2016-07-05 10:45:37'),(208537,'TFDM110050376',112,'',1,'2016-07-05 10:45:37'),(208538,'TFDM110050377',112,'',1,'2016-07-05 10:45:37'),(208539,'TFDM110050378',112,'',1,'2016-07-05 10:45:37'),(208540,'TFDM110050379',112,'',1,'2016-07-05 10:45:37'),(208541,'TFDM110050380',112,'',1,'2016-07-05 10:45:37'),(208542,'TFDM110050381',112,'',1,'2016-07-05 10:45:37'),(208543,'TFDM110050382',112,'',1,'2016-07-05 10:45:37'),(208544,'TFDM110050383',112,'',1,'2016-07-05 10:45:37'),(208545,'TFDM110050384',112,'',1,'2016-07-05 10:45:37'),(208546,'TFDM110050385',112,'',1,'2016-07-05 10:45:37'),(208547,'TFDM110050386',112,'',1,'2016-07-05 10:45:37'),(208548,'TFDM110050387',112,'',1,'2016-07-05 10:45:37'),(208549,'TFDM110050388',112,'',1,'2016-07-05 10:45:37'),(208550,'TFDM110050389',112,'',1,'2016-07-05 10:45:37'),(208551,'TFDM110050390',112,'',1,'2016-07-05 10:45:37'),(208552,'TFDM110050391',112,'',1,'2016-07-05 10:45:37'),(208553,'TFDM110050392',112,'',1,'2016-07-05 10:45:37'),(208554,'TFDM110050393',112,'',1,'2016-07-05 10:45:37'),(208555,'TFDM110050394',112,'',1,'2016-07-05 10:45:37'),(208556,'TFDM110050395',112,'',1,'2016-07-05 10:45:37'),(208557,'TFDM110050396',112,'',1,'2016-07-05 10:45:37'),(208558,'TFDM110050397',112,'',1,'2016-07-05 10:45:37'),(208559,'TFDM110050398',112,'',1,'2016-07-05 10:45:37'),(208560,'TFDM110050399',112,'',1,'2016-07-05 10:45:37'),(208561,'TFDM110050400',112,'',1,'2016-07-05 10:45:37');
/*!40000 ALTER TABLE `machines` ENABLE KEYS */;
UNLOCK TABLES;

--
-- Table structure for table `operating_system`
--

DROP TABLE IF EXISTS `operating_system`;
/*!40101 SET @saved_cs_client     = @@character_set_client */;
/*!40101 SET character_set_client = utf8 */;
CREATE TABLE `operating_system` (
  `id` int(11) NOT NULL AUTO_INCREMENT,
  `name` varchar(50) NOT NULL,
  `visible` tinyint(4) NOT NULL,
  `created_at` datetime NOT NULL,
  `updated_at` datetime NOT NULL,
  PRIMARY KEY (`id`)
) ENGINE=InnoDB AUTO_INCREMENT=38 DEFAULT CHARSET=latin1;
/*!40101 SET character_set_client = @saved_cs_client */;

--
-- Dumping data for table `operating_system`
--

LOCK TABLES `operating_system` WRITE;
/*!40000 ALTER TABLE `operating_system` DISABLE KEYS */;
INSERT INTO `operating_system` VALUES (1,'Windows 95 ',1,'0000-00-00 00:00:00','0000-00-00 00:00:00'),(2,'Windows 98',1,'0000-00-00 00:00:00','0000-00-00 00:00:00'),(3,'Windows 98 SE',1,'0000-00-00 00:00:00','0000-00-00 00:00:00'),(4,'Windows Me',1,'0000-00-00 00:00:00','0000-00-00 00:00:00'),(5,'Windows NT',1,'0000-00-00 00:00:00','0000-00-00 00:00:00'),(6,'Microsoft Windows 2000',1,'0000-00-00 00:00:00','0000-00-00 00:00:00'),(7,'Microsoft Windows XP',1,'0000-00-00 00:00:00','0000-00-00 00:00:00'),(8,'Windows Server 2003',1,'0000-00-00 00:00:00','0000-00-00 00:00:00'),(9,'Microsoft Windows Vista 32bits',1,'0000-00-00 00:00:00','0000-00-00 00:00:00'),(10,'Microsoft Windows Vista 64bits',1,'0000-00-00 00:00:00','0000-00-00 00:00:00'),(11,'Microsoft Windows 7 32bits',1,'0000-00-00 00:00:00','0000-00-00 00:00:00'),(12,'Microsoft Windows 7 64bits',1,'0000-00-00 00:00:00','0000-00-00 00:00:00'),(13,'Mac OS X v10.5 (Leopard) ',1,'0000-00-00 00:00:00','0000-00-00 00:00:00'),(14,'Mac OS X v10.4 (Tiger)',1,'0000-00-00 00:00:00','0000-00-00 00:00:00'),(15,'Mac OS X v10.3 (Panther)',1,'0000-00-00 00:00:00','0000-00-00 00:00:00'),(16,'Mac OS X v10.2 (Jaguar)',1,'0000-00-00 00:00:00','0000-00-00 00:00:00'),(17,'Mac OS X v10.1 (Puma)',1,'0000-00-00 00:00:00','0000-00-00 00:00:00'),(18,'Mac OS X v10.0 (Cheetah)',1,'0000-00-00 00:00:00','0000-00-00 00:00:00'),(19,'Mac OS 9',1,'0000-00-00 00:00:00','0000-00-00 00:00:00'),(20,'Mac OS 8',1,'0000-00-00 00:00:00','0000-00-00 00:00:00'),(21,'Mac OS X v10.6 (Snow Leopard)',1,'0000-00-00 00:00:00','0000-00-00 00:00:00'),(22,'Mac OS X v10.7 (Lion)',1,'0000-00-00 00:00:00','0000-00-00 00:00:00'),(23,'Mac OS X v10.8 (Mountain Lion)',1,'0000-00-00 00:00:00','0000-00-00 00:00:00'),(24,'Linux-Ubuntu 32bits',1,'0000-00-00 00:00:00','0000-00-00 00:00:00'),(25,'Linux-Ubuntu 64bits',1,'0000-00-00 00:00:00','0000-00-00 00:00:00'),(26,'Linux-Fedora 32bits',1,'0000-00-00 00:00:00','0000-00-00 00:00:00'),(27,'Linux-Fedora 64bits',1,'0000-00-00 00:00:00','0000-00-00 00:00:00'),(28,'Linux-Gentoo',1,'0000-00-00 00:00:00','0000-00-00 00:00:00'),(29,'Linux-Red Hat',1,'0000-00-00 00:00:00','0000-00-00 00:00:00'),(30,'Linux-Arch',1,'0000-00-00 00:00:00','0000-00-00 00:00:00'),(31,'Linux-Mandriva',1,'0000-00-00 00:00:00','0000-00-00 00:00:00'),(32,'Linux-Slackware',1,'0000-00-00 00:00:00','0000-00-00 00:00:00'),(33,'Linux-Canaima',1,'0000-00-00 00:00:00','0000-00-00 00:00:00'),(34,'Windows CE',1,'0000-00-00 00:00:00','0000-00-00 00:00:00'),(35,'Windows CE',1,'0000-00-00 00:00:00','0000-00-00 00:00:00'),(36,'Microsoft Windows 8 32bits',1,'0000-00-00 00:00:00','0000-00-00 00:00:00'),(37,'Microsoft Windows 8 64bits',1,'0000-00-00 00:00:00','0000-00-00 00:00:00');
/*!40000 ALTER TABLE `operating_system` ENABLE KEYS */;
UNLOCK TABLES;

--
-- Table structure for table `operating_systems_user`
--

DROP TABLE IF EXISTS `operating_systems_user`;
/*!40101 SET @saved_cs_client     = @@character_set_client */;
/*!40101 SET character_set_client = utf8 */;
CREATE TABLE `operating_systems_user` (
  `id` int(10) unsigned NOT NULL AUTO_INCREMENT,
  `user_id` int(11) NOT NULL,
  `operatingsystem_id` int(11) NOT NULL,
  `created_at` datetime NOT NULL,
  `updated_at` datetime NOT NULL,
  PRIMARY KEY (`id`),
  KEY `fk_operating_systems_user_id_idx` (`user_id`),
  KEY `fk_operating_systems_id_idx` (`operatingsystem_id`),
  CONSTRAINT `fk_operating_systems_id` FOREIGN KEY (`operatingsystem_id`) REFERENCES `operating_system` (`id`) ON DELETE NO ACTION ON UPDATE NO ACTION,
  CONSTRAINT `fk_operating_systems_user_id` FOREIGN KEY (`user_id`) REFERENCES `rbac_usuarios` (`id`) ON DELETE NO ACTION ON UPDATE NO ACTION
) ENGINE=InnoDB DEFAULT CHARSET=latin1;
/*!40101 SET character_set_client = @saved_cs_client */;

--
-- Dumping data for table `operating_systems_user`
--

LOCK TABLES `operating_systems_user` WRITE;
/*!40000 ALTER TABLE `operating_systems_user` DISABLE KEYS */;
/*!40000 ALTER TABLE `operating_systems_user` ENABLE KEYS */;
UNLOCK TABLES;

--
-- Table structure for table `operation_modes`
--

DROP TABLE IF EXISTS `operation_modes`;
/*!40101 SET @saved_cs_client     = @@character_set_client */;
/*!40101 SET character_set_client = utf8 */;
CREATE TABLE `operation_modes` (
  `id` int(11) NOT NULL AUTO_INCREMENT,
  `mode` varchar(45) COLLATE utf8_spanish_ci NOT NULL,
  `active` tinyint(4) NOT NULL,
  PRIMARY KEY (`id`)
) ENGINE=InnoDB DEFAULT CHARSET=utf8 COLLATE=utf8_spanish_ci;
/*!40101 SET character_set_client = @saved_cs_client */;

--
-- Dumping data for table `operation_modes`
--

LOCK TABLES `operation_modes` WRITE;
/*!40000 ALTER TABLE `operation_modes` DISABLE KEYS */;
/*!40000 ALTER TABLE `operation_modes` ENABLE KEYS */;
UNLOCK TABLES;

--
-- Table structure for table `operation_types`
--

DROP TABLE IF EXISTS `operation_types`;
/*!40101 SET @saved_cs_client     = @@character_set_client */;
/*!40101 SET character_set_client = utf8 */;
CREATE TABLE `operation_types` (
  `id` int(11) NOT NULL AUTO_INCREMENT,
  `name` varchar(45) COLLATE utf8_spanish_ci NOT NULL,
  `active` tinyint(1) DEFAULT NULL,
  PRIMARY KEY (`id`),
  UNIQUE KEY `name_UNIQUE` (`name`)
) ENGINE=InnoDB AUTO_INCREMENT=2 DEFAULT CHARSET=utf8 COLLATE=utf8_spanish_ci;
/*!40101 SET character_set_client = @saved_cs_client */;

--
-- Dumping data for table `operation_types`
--

LOCK TABLES `operation_types` WRITE;
/*!40000 ALTER TABLE `operation_types` DISABLE KEYS */;
INSERT INTO `operation_types` VALUES (1,'Enajenación',1);
/*!40000 ALTER TABLE `operation_types` ENABLE KEYS */;
UNLOCK TABLES;

--
-- Table structure for table `operations`
--

DROP TABLE IF EXISTS `operations`;
/*!40101 SET @saved_cs_client     = @@character_set_client */;
/*!40101 SET character_set_client = utf8 */;
CREATE TABLE `operations` (
  `id` int(11) NOT NULL AUTO_INCREMENT,
  `serial` varchar(45) COLLATE utf8_spanish_ci NOT NULL,
  `date` date NOT NULL,
  `dealer_id` int(11) NOT NULL,
  `techinician_id` int(11) NOT NULL,
  `operation_type_id` int(11) NOT NULL,
  `final_client_id` int(11) NOT NULL,
  `observation` text COLLATE utf8_spanish_ci,
  `ruc` varchar(20) COLLATE utf8_spanish_ci NOT NULL,
  `dv` int(2) DEFAULT NULL,
  `business_name` varchar(20) COLLATE utf8_spanish_ci DEFAULT NULL,
  `address` varchar(200) COLLATE utf8_spanish_ci DEFAULT NULL,
  `install_address` varchar(200) COLLATE utf8_spanish_ci DEFAULT NULL,
  `final_cliente_phone` int(11) DEFAULT NULL,
  `email_final_client` varchar(45) COLLATE utf8_spanish_ci DEFAULT NULL,
  `seal` int(11) DEFAULT NULL,
  `created_at` varchar(45) COLLATE utf8_spanish_ci DEFAULT NULL,
  PRIMARY KEY (`id`),
  KEY `dealer_id` (`dealer_id`),
  KEY `technician` (`techinician_id`),
  CONSTRAINT `fk_userid` FOREIGN KEY (`dealer_id`) REFERENCES `rbac_usuarios` (`id`) ON DELETE NO ACTION ON UPDATE NO ACTION,
  CONSTRAINT `fktecnico_id` FOREIGN KEY (`techinician_id`) REFERENCES `rbac_usuarios` (`id`) ON DELETE NO ACTION ON UPDATE NO ACTION
) ENGINE=InnoDB AUTO_INCREMENT=50 DEFAULT CHARSET=utf8 COLLATE=utf8_spanish_ci;
/*!40101 SET character_set_client = @saved_cs_client */;

--
-- Dumping data for table `operations`
--

LOCK TABLES `operations` WRITE;
/*!40000 ALTER TABLE `operations` DISABLE KEYS */;
INSERT INTO `operations` VALUES (3,'TFCL110050084','2016-06-30',114,114,1,44,'','2662228-1-842311-06',NULL,'GENERAL SUPPLY SA','la cabima, san lorenzo calle principal local 7-8',NULL,NULL,NULL,NULL,NULL),(4,'TFCL110050110','2016-07-06',114,114,1,45,'','155618829-2-2015-92',NULL,'CENTRO DE INFORMATIC','herrera, chitre corregimiento san juan bautista, calle meliton martin',NULL,NULL,NULL,NULL,NULL),(5,'TFDM110050017','2016-04-09',114,114,1,46,'','155596660-2-2015-11',NULL,'SOLUTIONS 2 GO INTER','via transistmica, edificio sony, piso 2',NULL,NULL,NULL,NULL,NULL),(6,'TFCL110050091','2016-01-06',114,114,1,47,'','2222473-1-37303-23',NULL,'CT PROPERTY CONSULTI','galeria balboa, apto 40, bella vista',NULL,NULL,NULL,NULL,NULL),(7,'TFCL110050154','2016-06-02',114,114,1,48,'','155625931-2-2016-61',NULL,'DUA INVESTMENTS SA','plaza altos de panama, local 10, condado del rey',NULL,NULL,NULL,NULL,NULL),(8,'TFCL110050148','2016-06-17',114,114,1,49,'','155612693-2-2015-99',NULL,'SEA PLANES PANAMA SA','urb. aeropuerto enrique malex, calle san cristobal, edif2, hangar 2, david',NULL,NULL,NULL,NULL,NULL),(9,'TFCL110050064','2016-07-06',114,114,1,50,'','PE-15-395-87',NULL,'VIVIANA FRANCHESCA M','costa hermosa, estacion delta/costa del este, estacion delta',NULL,NULL,NULL,NULL,NULL),(10,'TFCL110050287','2016-07-06',114,114,1,51,'','PE-15-395-87',NULL,'VIVIANA FRANCHESCA M','costa hermosa, estacion delta/costa del este, estacion delta',NULL,NULL,NULL,NULL,NULL),(11,'TFCL110050093','2016-06-16',114,114,1,52,'','155622643-2-2016-19',NULL,'RR FITNESS ENTERPRIS','ph centennial mall, planta baja, local 5',NULL,NULL,NULL,NULL,NULL),(12,'TFCL110050175','2016-07-06',114,114,1,53,'','2519655-1-821606-72',NULL,'ROSADANI OIL SA','edificio magna corp, c/. 56 este y manuel maria icaza, oficina mez.2',NULL,NULL,NULL,NULL,NULL),(13,'TFBX110050055','2016-07-12',104,106,1,54,'','155618060-2-2015-11',NULL,'TRANS LINE S A','ciudad de panama',NULL,NULL,NULL,NULL,NULL),(14,'TFBX110050056','2016-04-27',104,106,1,55,'','4-739-207-70',NULL,'AGUSTIN JOSUE RUDAS ','bella vista, la cresta',NULL,NULL,NULL,NULL,NULL),(15,'TFDM110050050','2016-03-26',104,106,1,56,'','155589010-2-2014-20',NULL,'PREMIUM SOLUTIONS SA','bella vista, urb. el carmen, manuel espinosa',NULL,NULL,NULL,NULL,NULL),(16,'TFDM110050049','2016-04-25',104,106,1,57,'','1522149-1-651844-85',NULL,'ROR SERVICES SA','ciudad de panama, panama',NULL,NULL,NULL,NULL,NULL),(17,'TFDM110050035','2016-04-25',104,106,1,58,'','1825706-1-709732-90',NULL,'APCON CONSULTING SA','via espaÑa, panama',NULL,NULL,NULL,NULL,NULL),(18,'TFBX110050197','2016-04-14',104,106,1,59,'','640063-1-457927-39',NULL,'PANA PARKING','albrook mall',NULL,NULL,NULL,NULL,NULL),(19,'TFBX110050198','2016-04-14',104,106,1,60,'','640063-1-457927-39',NULL,'PANA PARKING','albrook mall',NULL,NULL,NULL,NULL,NULL),(20,'TFBX110050199','2016-04-14',104,106,1,61,'','640063-1-457927-39',NULL,'PANA PARKING','albrook mall',NULL,NULL,NULL,NULL,NULL),(21,'TFBX110050200','2016-04-14',104,106,1,62,'','640063-1-457927-39',NULL,'PANA PARKING','albrook mall',NULL,NULL,NULL,NULL,NULL),(22,'TFDM110050011','2016-04-07',104,106,1,63,'','8-779-460-36',NULL,'LEONARD ANIBAL GOMEZ','ciudad de panama, panama',NULL,NULL,NULL,NULL,NULL),(23,'TFDM110050005','2016-04-06',104,106,1,64,'','1622680-1-670543-69',NULL,'SMART DIGITAL TECHNO','condado del rey panama',NULL,NULL,NULL,NULL,NULL),(24,'TFBX110050123','2016-07-12',104,106,1,65,'','1409842-1-629646',87,'TAS PANAMA SA','el dorado, altos del chase','el dorado, altos del chase',NULL,'',NULL,'2016-07-12 16:07:08'),(25,'TFDM110050004','2016-07-13',104,104,1,66,'','8-429-574',0,'REPUESTOS Y SERVICIO','ciudad de panama, panama','ciudad de panama, panama',67865111,'',NULL,'2016-07-13 09:07:54'),(26,'TFBX110050116','2016-03-30',104,104,1,67,'','2603632-1-834263',98,'COMERCIALIZADORA 300','via israel,  san francisco, panama','via israel,  san francisco, panama',NULL,'',NULL,'2016-07-13 09:07:28'),(27,'TFBX110050102','2016-03-29',104,104,1,68,'','155624614-2-2016',91,'EUROLIENS SA','via espaÑa, via argentina','via espaÑa, via argentina',NULL,'',NULL,'2016-07-13 09:07:03'),(28,'TFBX110050137','2016-03-17',104,104,1,69,'','1409842-1-629646',87,'TAS PANAMA SA','tumba muerto, panama','tumba muerto, panama',NULL,'',NULL,'2016-07-13 09:07:08'),(29,'TFBX110050101','2016-03-16',104,104,1,70,'','138-289-35920',4,'GEO F NOVEY INC','ave. central, panama','ave. central, panama',NULL,'',NULL,'2016-07-13 09:07:06'),(30,'TFBX110050103','2016-03-16',104,104,1,70,'','138-289-35920',4,'GEO F NOVEY INC','ave. central, panama','ave. central, panama',NULL,'',NULL,'2016-07-13 09:07:09'),(31,'TFBX110050104','2016-03-16',104,104,1,70,'','138-289-35920',4,'GEO NOVEY INC','ave. central panama','ave. central panama',NULL,'',NULL,'2016-07-13 09:07:22'),(32,'TFBX110050181','2016-03-16',104,104,1,70,'','138-289-35920',4,'GEO F NOVEY INC','ave central, panama','ave central, panama',NULL,'',NULL,'2016-07-13 09:07:51'),(33,'TFBX110050182','2016-03-16',104,104,1,70,'','138-289-35920',4,'GEO F NOVEY INC','ave central, panama','ave central, panama',NULL,'',NULL,'2016-07-13 09:07:00'),(34,'TFBX110050183','2016-03-16',104,104,1,70,'','138-289-35920',4,'GEO F NOVEY INC','ave central, panama','ave central, panama',NULL,'',NULL,'2016-07-13 09:07:11'),(35,'TFBX110050184','2016-03-16',104,104,1,70,'','138-289-35920',4,'GEO F NOVEY INC','ave central, panama','ave central, panama',NULL,'',NULL,'2016-07-13 09:07:17'),(36,'TFDM110050399','2016-07-22',104,104,1,41,'kjhgfljglkj','155596713-2-2015',59,'PruebaPrueba','prueba','prueba',2124545445,'prueba@gmail.com',654321,'2016-07-22 08:07:08'),(37,'TFDM110050400','2016-07-22',104,105,1,41,'lkjhlkjh','155596713-2-2015',59,'prueba','prueba','prueba',2124554545,'hasjd@gmai.com',654321,'2016-07-22 08:07:59'),(38,'TFDM110050398','2016-07-22',104,106,1,41,'lajkshdlkajsd','155596713-2-2015',59,'Prueba','prueba','prueba',65465465,'gab@gmail.com',654321,'2016-07-22 09:07:27'),(47,'TFDM110050395','2016-07-31',4,4,1,41,'prueba','155596713-2-2015',59,'prueba','prueba','pruebainstalacion',65465465,'correo@prueba.com',123456,'2016-08-01'),(48,'TFDM110050394','2016-07-31',4,4,1,41,'prueba','155596713-2-2015',59,'prueba','prueba','pruebainstalacion',65465465,'correo@prueba.com',123456,'2016-08-01'),(49,'TFDM110050393','2016-07-31',4,4,1,41,'prueba','155596713-2-2015',59,'prueba','prueba','pruebainstalacion',65465465,'correo@prueba.com',123456,'2016-08-01');
/*!40000 ALTER TABLE `operations` ENABLE KEYS */;
UNLOCK TABLES;

--
-- Table structure for table `product_files`
--

DROP TABLE IF EXISTS `product_files`;
/*!40101 SET @saved_cs_client     = @@character_set_client */;
/*!40101 SET character_set_client = utf8 */;
CREATE TABLE `product_files` (
  `id` int(11) NOT NULL AUTO_INCREMENT,
  `file` int(11) NOT NULL,
  `product` int(11) NOT NULL,
  `file_type` int(11) NOT NULL,
  PRIMARY KEY (`id`),
  KEY `fk_product_files_files` (`file`),
  KEY `fk_product_files_products` (`product`),
  KEY `fk_product_files_files_types` (`file_type`)
) ENGINE=InnoDB AUTO_INCREMENT=847 DEFAULT CHARSET=utf8 COLLATE=utf8_spanish_ci;
/*!40101 SET character_set_client = @saved_cs_client */;

--
-- Dumping data for table `product_files`
--

LOCK TABLES `product_files` WRITE;
/*!40000 ALTER TABLE `product_files` DISABLE KEYS */;
INSERT INTO `product_files` VALUES (819,741,3,1),(820,742,10,2),(821,743,5,3),(822,744,11,4),(823,745,8,12),(824,746,10,4),(825,747,3,1),(826,748,3,1),(827,749,3,4),(828,750,3,4),(829,751,3,4),(830,752,3,4),(831,753,2,4),(832,754,2,4),(833,755,2,4),(834,756,1,4),(835,757,1,4),(836,758,1,4),(837,759,12,4),(838,760,12,4),(839,761,12,4),(840,762,16,23),(841,763,14,4),(842,764,15,4),(843,765,13,4),(844,766,12,17),(845,767,14,1),(846,768,16,4);
/*!40000 ALTER TABLE `product_files` ENABLE KEYS */;
UNLOCK TABLES;

--
-- Table structure for table `products`
--

DROP TABLE IF EXISTS `products`;
/*!40101 SET @saved_cs_client     = @@character_set_client */;
/*!40101 SET character_set_client = utf8 */;
CREATE TABLE `products` (
  `id` int(10) unsigned NOT NULL AUTO_INCREMENT,
  `name` tinytext COLLATE utf8_spanish_ci,
  `active` int(11) NOT NULL,
  `model` tinytext COLLATE utf8_spanish_ci,
  `score` int(11) DEFAULT NULL,
  `trademark` int(10) unsigned NOT NULL,
  `featured_product` tinyint(1) DEFAULT NULL,
  `sigla` varchar(6) COLLATE utf8_spanish_ci NOT NULL,
  PRIMARY KEY (`id`),
  KEY `products_trademark` (`trademark`)
) ENGINE=InnoDB AUTO_INCREMENT=17 DEFAULT CHARSET=utf8 COLLATE=utf8_spanish_ci;
/*!40101 SET character_set_client = @saved_cs_client */;

--
-- Dumping data for table `products`
--

LOCK TABLES `products` WRITE;
/*!40000 ALTER TABLE `products` DISABLE KEYS */;
INSERT INTO `products` VALUES (1,'DT-230',0,'DT-230',1,1,NULL,''),(2,'HKA80',0,'HKA80',2,1,NULL,''),(3,'SRP-810',0,'SRP-810',3,1,NULL,''),(5,'CR2150',0,'CR2150',4,1,NULL,''),(12,'CRD-81FJ',1,'CRD-81FJ',5,1,NULL,'TFCL11'),(13,'Tally 1125',1,'Tally 1125',6,1,NULL,'TFDM11'),(14,'SRP-350',1,'SRP-350',7,1,NULL,'TFBX11'),(15,'HSP-7000',1,'HSP-7000',8,1,NULL,'TFSR11'),(16,'todos',1,'todos',9,1,NULL,'');
/*!40000 ALTER TABLE `products` ENABLE KEYS */;
UNLOCK TABLES;

--
-- Table structure for table `products_brand`
--

DROP TABLE IF EXISTS `products_brand`;
/*!40101 SET @saved_cs_client     = @@character_set_client */;
/*!40101 SET character_set_client = utf8 */;
CREATE TABLE `products_brand` (
  `product_type` int(10) unsigned NOT NULL,
  `product` int(10) unsigned NOT NULL,
  KEY `fk_products_products_type_products_types` (`product_type`),
  KEY `fk_products_products_type_products` (`product`),
  CONSTRAINT `products_brand_ibfk_1` FOREIGN KEY (`product_type`) REFERENCES `products_types` (`id`),
  CONSTRAINT `products_brand_ibfk_2` FOREIGN KEY (`product`) REFERENCES `products` (`id`)
) ENGINE=InnoDB DEFAULT CHARSET=utf8 COLLATE=utf8_spanish_ci;
/*!40101 SET character_set_client = @saved_cs_client */;

--
-- Dumping data for table `products_brand`
--

LOCK TABLES `products_brand` WRITE;
/*!40000 ALTER TABLE `products_brand` DISABLE KEYS */;
INSERT INTO `products_brand` VALUES (5,3),(4,5),(2,2),(1,1),(4,12),(1,13),(5,14),(3,15),(6,16);
/*!40000 ALTER TABLE `products_brand` ENABLE KEYS */;
UNLOCK TABLES;

--
-- Table structure for table `products_products_type`
--

DROP TABLE IF EXISTS `products_products_type`;
/*!40101 SET @saved_cs_client     = @@character_set_client */;
/*!40101 SET character_set_client = utf8 */;
CREATE TABLE `products_products_type` (
  `product_type` int(10) unsigned NOT NULL,
  `product` int(10) unsigned NOT NULL,
  KEY `fk_products_products_type_products_types` (`product_type`),
  KEY `fk_products_products_type_products` (`product`),
  CONSTRAINT `products_products_type_ibfk_1` FOREIGN KEY (`product_type`) REFERENCES `products_types` (`id`),
  CONSTRAINT `products_products_type_ibfk_2` FOREIGN KEY (`product`) REFERENCES `products` (`id`)
) ENGINE=InnoDB DEFAULT CHARSET=utf8 COLLATE=utf8_spanish_ci;
/*!40101 SET character_set_client = @saved_cs_client */;

--
-- Dumping data for table `products_products_type`
--

LOCK TABLES `products_products_type` WRITE;
/*!40000 ALTER TABLE `products_products_type` DISABLE KEYS */;
INSERT INTO `products_products_type` VALUES (4,5),(1,13),(5,14),(3,15),(5,3),(2,2),(4,12),(1,1),(5,14),(3,15),(1,13),(4,12),(6,16),(5,14),(6,16);
/*!40000 ALTER TABLE `products_products_type` ENABLE KEYS */;
UNLOCK TABLES;

--
-- Table structure for table `products_types`
--

DROP TABLE IF EXISTS `products_types`;
/*!40101 SET @saved_cs_client     = @@character_set_client */;
/*!40101 SET character_set_client = utf8 */;
CREATE TABLE `products_types` (
  `id` int(10) unsigned NOT NULL AUTO_INCREMENT,
  `name` tinytext CHARACTER SET utf8 NOT NULL,
  `visible` int(11) NOT NULL,
  `parent_id` int(11) DEFAULT NULL,
  `score` int(11) NOT NULL,
  PRIMARY KEY (`id`)
) ENGINE=InnoDB AUTO_INCREMENT=7 DEFAULT CHARSET=utf8 COLLATE=utf8_spanish_ci;
/*!40101 SET character_set_client = @saved_cs_client */;

--
-- Dumping data for table `products_types`
--

LOCK TABLES `products_types` WRITE;
/*!40000 ALTER TABLE `products_types` DISABLE KEYS */;
INSERT INTO `products_types` VALUES (1,'Dascom',1,0,5),(2,'HKA',1,0,1),(3,'Star',1,0,2),(4,'Aclas',1,0,4),(5,'Bixolon',1,0,6),(6,'Todas',1,0,7);
/*!40000 ALTER TABLE `products_types` ENABLE KEYS */;
UNLOCK TABLES;

--
-- Table structure for table `products_user`
--

DROP TABLE IF EXISTS `products_user`;
/*!40101 SET @saved_cs_client     = @@character_set_client */;
/*!40101 SET character_set_client = utf8 */;
CREATE TABLE `products_user` (
  `id` int(10) unsigned NOT NULL AUTO_INCREMENT,
  `user_id` int(11) NOT NULL,
  `product_id` int(10) unsigned NOT NULL,
  `created_at` datetime NOT NULL,
  `updated_at` datetime NOT NULL,
  PRIMARY KEY (`id`),
  KEY `fk_products_user_id_idx` (`user_id`),
  KEY `fk_products_id_idx` (`product_id`)
) ENGINE=InnoDB AUTO_INCREMENT=17 DEFAULT CHARSET=latin1;
/*!40101 SET character_set_client = @saved_cs_client */;

--
-- Dumping data for table `products_user`
--

LOCK TABLES `products_user` WRITE;
/*!40000 ALTER TABLE `products_user` DISABLE KEYS */;
INSERT INTO `products_user` VALUES (16,86,3,'0000-00-00 00:00:00','0000-00-00 00:00:00');
/*!40000 ALTER TABLE `products_user` ENABLE KEYS */;
UNLOCK TABLES;

--
-- Table structure for table `programming_languages`
--

DROP TABLE IF EXISTS `programming_languages`;
/*!40101 SET @saved_cs_client     = @@character_set_client */;
/*!40101 SET character_set_client = utf8 */;
CREATE TABLE `programming_languages` (
  `id` int(11) NOT NULL AUTO_INCREMENT,
  `name` varchar(50) NOT NULL,
  `visible` tinyint(4) NOT NULL,
  `created_at` datetime NOT NULL,
  `updated_at` datetime NOT NULL,
  PRIMARY KEY (`id`)
) ENGINE=InnoDB AUTO_INCREMENT=654 DEFAULT CHARSET=latin1;
/*!40101 SET character_set_client = @saved_cs_client */;

--
-- Dumping data for table `programming_languages`
--

LOCK TABLES `programming_languages` WRITE;
/*!40000 ALTER TABLE `programming_languages` DISABLE KEYS */;
INSERT INTO `programming_languages` VALUES (1,'A# .NET',1,'0000-00-00 00:00:00','0000-00-00 00:00:00'),(2,'A# (Axiom)',1,'0000-00-00 00:00:00','0000-00-00 00:00:00'),(3,'A-0 System',1,'0000-00-00 00:00:00','0000-00-00 00:00:00'),(4,'A+',1,'0000-00-00 00:00:00','0000-00-00 00:00:00'),(5,'A++',1,'0000-00-00 00:00:00','0000-00-00 00:00:00'),(6,'ABAP',1,'0000-00-00 00:00:00','0000-00-00 00:00:00'),(7,'ABC',1,'0000-00-00 00:00:00','0000-00-00 00:00:00'),(8,'ABC ALGOL',1,'0000-00-00 00:00:00','0000-00-00 00:00:00'),(9,'ABLE',1,'0000-00-00 00:00:00','0000-00-00 00:00:00'),(10,'ABSET',1,'0000-00-00 00:00:00','0000-00-00 00:00:00'),(11,'ABSYS',1,'0000-00-00 00:00:00','0000-00-00 00:00:00'),(12,'Abundance',1,'0000-00-00 00:00:00','0000-00-00 00:00:00'),(13,'ACC',1,'0000-00-00 00:00:00','0000-00-00 00:00:00'),(14,'Accent',1,'0000-00-00 00:00:00','0000-00-00 00:00:00'),(15,'Ace DASL',1,'0000-00-00 00:00:00','0000-00-00 00:00:00'),(16,'ACT-III',1,'0000-00-00 00:00:00','0000-00-00 00:00:00'),(17,'Action!',1,'0000-00-00 00:00:00','0000-00-00 00:00:00'),(18,'ActionScript',1,'0000-00-00 00:00:00','0000-00-00 00:00:00'),(19,'Ada',1,'0000-00-00 00:00:00','0000-00-00 00:00:00'),(20,'Adenine',1,'0000-00-00 00:00:00','0000-00-00 00:00:00'),(21,'Agda',1,'0000-00-00 00:00:00','0000-00-00 00:00:00'),(22,'Agora',1,'0000-00-00 00:00:00','0000-00-00 00:00:00'),(23,'AIMMS',1,'0000-00-00 00:00:00','0000-00-00 00:00:00'),(24,'Alef',1,'0000-00-00 00:00:00','0000-00-00 00:00:00'),(25,'ALF',1,'0000-00-00 00:00:00','0000-00-00 00:00:00'),(26,'ALGOL 58',1,'0000-00-00 00:00:00','0000-00-00 00:00:00'),(27,'ALGOL 60',1,'0000-00-00 00:00:00','0000-00-00 00:00:00'),(28,'ALGOL 68',1,'0000-00-00 00:00:00','0000-00-00 00:00:00'),(29,'Alice',1,'0000-00-00 00:00:00','0000-00-00 00:00:00'),(30,'Alma-0',1,'0000-00-00 00:00:00','0000-00-00 00:00:00'),(31,'AmbientTalk',1,'0000-00-00 00:00:00','0000-00-00 00:00:00'),(32,'Amiga E',1,'0000-00-00 00:00:00','0000-00-00 00:00:00'),(33,'AMOS',1,'0000-00-00 00:00:00','0000-00-00 00:00:00'),(34,'AMPL',1,'0000-00-00 00:00:00','0000-00-00 00:00:00'),(35,'APL',1,'0000-00-00 00:00:00','0000-00-00 00:00:00'),(36,'AppleScript',1,'0000-00-00 00:00:00','0000-00-00 00:00:00'),(37,'Arc',1,'0000-00-00 00:00:00','0000-00-00 00:00:00'),(38,'Arden Syntax[1]',1,'0000-00-00 00:00:00','0000-00-00 00:00:00'),(39,'ARexx',1,'0000-00-00 00:00:00','0000-00-00 00:00:00'),(40,'Argus',1,'0000-00-00 00:00:00','0000-00-00 00:00:00'),(41,'AspectJ',1,'0000-00-00 00:00:00','0000-00-00 00:00:00'),(42,'Assembly language',1,'0000-00-00 00:00:00','0000-00-00 00:00:00'),(43,'ATS',1,'0000-00-00 00:00:00','0000-00-00 00:00:00'),(44,'Ateji PX',1,'0000-00-00 00:00:00','0000-00-00 00:00:00'),(45,'AutoHotkey',1,'0000-00-00 00:00:00','0000-00-00 00:00:00'),(46,'Autocoder',1,'0000-00-00 00:00:00','0000-00-00 00:00:00'),(47,'AutoIt',1,'0000-00-00 00:00:00','0000-00-00 00:00:00'),(48,'AutoLISP / Visual LISP',1,'0000-00-00 00:00:00','0000-00-00 00:00:00'),(49,'Averest',1,'0000-00-00 00:00:00','0000-00-00 00:00:00'),(50,'AWK',1,'0000-00-00 00:00:00','0000-00-00 00:00:00'),(51,'Axum',1,'0000-00-00 00:00:00','0000-00-00 00:00:00'),(52,'B',1,'0000-00-00 00:00:00','0000-00-00 00:00:00'),(53,'Babbage',1,'0000-00-00 00:00:00','0000-00-00 00:00:00'),(54,'Bash',1,'0000-00-00 00:00:00','0000-00-00 00:00:00'),(55,'BASIC',1,'0000-00-00 00:00:00','0000-00-00 00:00:00'),(56,'bc',1,'0000-00-00 00:00:00','0000-00-00 00:00:00'),(57,'BCPL',1,'0000-00-00 00:00:00','0000-00-00 00:00:00'),(58,'BeanShell',1,'0000-00-00 00:00:00','0000-00-00 00:00:00'),(59,'Batch (Windows/Dos)',1,'0000-00-00 00:00:00','0000-00-00 00:00:00'),(60,'Bertrand',1,'0000-00-00 00:00:00','0000-00-00 00:00:00'),(61,'BETA',1,'0000-00-00 00:00:00','0000-00-00 00:00:00'),(62,'Bigwig',1,'0000-00-00 00:00:00','0000-00-00 00:00:00'),(63,'Bistro',1,'0000-00-00 00:00:00','0000-00-00 00:00:00'),(64,'BitC',1,'0000-00-00 00:00:00','0000-00-00 00:00:00'),(65,'BLISS',1,'0000-00-00 00:00:00','0000-00-00 00:00:00'),(66,'Blue',1,'0000-00-00 00:00:00','0000-00-00 00:00:00'),(67,'Bon',1,'0000-00-00 00:00:00','0000-00-00 00:00:00'),(68,'Boo',1,'0000-00-00 00:00:00','0000-00-00 00:00:00'),(69,'Boomerang',1,'0000-00-00 00:00:00','0000-00-00 00:00:00'),(70,'Bourne shell (including bash and ksh)',1,'0000-00-00 00:00:00','0000-00-00 00:00:00'),(71,'BREW',1,'0000-00-00 00:00:00','0000-00-00 00:00:00'),(72,'BPEL',1,'0000-00-00 00:00:00','0000-00-00 00:00:00'),(73,'BUGSYS',1,'0000-00-00 00:00:00','0000-00-00 00:00:00'),(74,'BuildProfessional',1,'0000-00-00 00:00:00','0000-00-00 00:00:00'),(75,'C',1,'0000-00-00 00:00:00','0000-00-00 00:00:00'),(76,'C--',1,'0000-00-00 00:00:00','0000-00-00 00:00:00'),(77,'C++ - ISO/IEC 14882',1,'0000-00-00 00:00:00','0000-00-00 00:00:00'),(78,'C# - ISO/IEC 23270',1,'0000-00-00 00:00:00','0000-00-00 00:00:00'),(79,'C/AL',1,'0000-00-00 00:00:00','0000-00-00 00:00:00'),(80,'Caché ObjectScript',1,'0000-00-00 00:00:00','0000-00-00 00:00:00'),(81,'C Shell',1,'0000-00-00 00:00:00','0000-00-00 00:00:00'),(82,'Caml',1,'0000-00-00 00:00:00','0000-00-00 00:00:00'),(83,'Candle',1,'0000-00-00 00:00:00','0000-00-00 00:00:00'),(84,'Cayenne',1,'0000-00-00 00:00:00','0000-00-00 00:00:00'),(85,'CDuce',1,'0000-00-00 00:00:00','0000-00-00 00:00:00'),(86,'Cecil',1,'0000-00-00 00:00:00','0000-00-00 00:00:00'),(87,'Cel',1,'0000-00-00 00:00:00','0000-00-00 00:00:00'),(88,'Cesil',1,'0000-00-00 00:00:00','0000-00-00 00:00:00'),(89,'Ceylon',1,'0000-00-00 00:00:00','0000-00-00 00:00:00'),(90,'CFML',1,'0000-00-00 00:00:00','0000-00-00 00:00:00'),(91,'Cg',1,'0000-00-00 00:00:00','0000-00-00 00:00:00'),(92,'Chapel',1,'0000-00-00 00:00:00','0000-00-00 00:00:00'),(93,'CHAIN',1,'0000-00-00 00:00:00','0000-00-00 00:00:00'),(94,'Charity',1,'0000-00-00 00:00:00','0000-00-00 00:00:00'),(95,'Charm',1,'0000-00-00 00:00:00','0000-00-00 00:00:00'),(96,'Chef',1,'0000-00-00 00:00:00','0000-00-00 00:00:00'),(97,'CHILL',1,'0000-00-00 00:00:00','0000-00-00 00:00:00'),(98,'CHIP-8',1,'0000-00-00 00:00:00','0000-00-00 00:00:00'),(99,'chomski',1,'0000-00-00 00:00:00','0000-00-00 00:00:00'),(100,'Chrome (now Oxygene)',1,'0000-00-00 00:00:00','0000-00-00 00:00:00'),(101,'ChucK',1,'0000-00-00 00:00:00','0000-00-00 00:00:00'),(102,'CICS',1,'0000-00-00 00:00:00','0000-00-00 00:00:00'),(103,'Cilk',1,'0000-00-00 00:00:00','0000-00-00 00:00:00'),(104,'CL (IBM)',1,'0000-00-00 00:00:00','0000-00-00 00:00:00'),(105,'Claire',1,'0000-00-00 00:00:00','0000-00-00 00:00:00'),(106,'Clarion',1,'0000-00-00 00:00:00','0000-00-00 00:00:00'),(107,'Clean',1,'0000-00-00 00:00:00','0000-00-00 00:00:00'),(108,'Clipper',1,'0000-00-00 00:00:00','0000-00-00 00:00:00'),(109,'CLIST',1,'0000-00-00 00:00:00','0000-00-00 00:00:00'),(110,'Clojure',1,'0000-00-00 00:00:00','0000-00-00 00:00:00'),(111,'CLU',1,'0000-00-00 00:00:00','0000-00-00 00:00:00'),(112,'CMS-2',1,'0000-00-00 00:00:00','0000-00-00 00:00:00'),(113,'COBOL - ISO/IEC 1989',1,'0000-00-00 00:00:00','0000-00-00 00:00:00'),(114,'CobolScript',1,'0000-00-00 00:00:00','0000-00-00 00:00:00'),(115,'Cobra',1,'0000-00-00 00:00:00','0000-00-00 00:00:00'),(116,'CODE',1,'0000-00-00 00:00:00','0000-00-00 00:00:00'),(117,'CoffeeScript',1,'0000-00-00 00:00:00','0000-00-00 00:00:00'),(118,'Cola',1,'0000-00-00 00:00:00','0000-00-00 00:00:00'),(119,'ColdC',1,'0000-00-00 00:00:00','0000-00-00 00:00:00'),(120,'ColdFusion',1,'0000-00-00 00:00:00','0000-00-00 00:00:00'),(121,'Cool',1,'0000-00-00 00:00:00','0000-00-00 00:00:00'),(122,'COMAL',1,'0000-00-00 00:00:00','0000-00-00 00:00:00'),(123,'Combined Programming Language (CPL)',1,'0000-00-00 00:00:00','0000-00-00 00:00:00'),(124,'Common Intermediate Language (CIL)',1,'0000-00-00 00:00:00','0000-00-00 00:00:00'),(125,'Common Lisp (also known as CL)',1,'0000-00-00 00:00:00','0000-00-00 00:00:00'),(126,'COMPASS',1,'0000-00-00 00:00:00','0000-00-00 00:00:00'),(127,'Component Pascal',1,'0000-00-00 00:00:00','0000-00-00 00:00:00'),(128,'COMIT',1,'0000-00-00 00:00:00','0000-00-00 00:00:00'),(129,'Constraint Handling Rules (CHR)',1,'0000-00-00 00:00:00','0000-00-00 00:00:00'),(130,'Converge',1,'0000-00-00 00:00:00','0000-00-00 00:00:00'),(131,'Coral 66',1,'0000-00-00 00:00:00','0000-00-00 00:00:00'),(132,'Corn',1,'0000-00-00 00:00:00','0000-00-00 00:00:00'),(133,'CorVision',1,'0000-00-00 00:00:00','0000-00-00 00:00:00'),(134,'Coq',1,'0000-00-00 00:00:00','0000-00-00 00:00:00'),(135,'COWSEL',1,'0000-00-00 00:00:00','0000-00-00 00:00:00'),(136,'CPL',1,'0000-00-00 00:00:00','0000-00-00 00:00:00'),(137,'csh',1,'0000-00-00 00:00:00','0000-00-00 00:00:00'),(138,'CSP',1,'0000-00-00 00:00:00','0000-00-00 00:00:00'),(139,'Csound',1,'0000-00-00 00:00:00','0000-00-00 00:00:00'),(140,'Curl',1,'0000-00-00 00:00:00','0000-00-00 00:00:00'),(141,'Curry',1,'0000-00-00 00:00:00','0000-00-00 00:00:00'),(142,'Cyclone',1,'0000-00-00 00:00:00','0000-00-00 00:00:00'),(143,'Cython',1,'0000-00-00 00:00:00','0000-00-00 00:00:00'),(144,'D',1,'0000-00-00 00:00:00','0000-00-00 00:00:00'),(145,'DASL (Datapoint\'s Advanced Systems Language)',1,'0000-00-00 00:00:00','0000-00-00 00:00:00'),(146,'DASL (Distributed Application Specification Langua',1,'0000-00-00 00:00:00','0000-00-00 00:00:00'),(147,'Dart',1,'0000-00-00 00:00:00','0000-00-00 00:00:00'),(148,'DataFlex',1,'0000-00-00 00:00:00','0000-00-00 00:00:00'),(149,'Datalog',1,'0000-00-00 00:00:00','0000-00-00 00:00:00'),(150,'DATATRIEVE',1,'0000-00-00 00:00:00','0000-00-00 00:00:00'),(151,'dBase',1,'0000-00-00 00:00:00','0000-00-00 00:00:00'),(152,'dc',1,'0000-00-00 00:00:00','0000-00-00 00:00:00'),(153,'DCL',1,'0000-00-00 00:00:00','0000-00-00 00:00:00'),(154,'Deesel (formerly G)',1,'0000-00-00 00:00:00','0000-00-00 00:00:00'),(155,'Delphi',1,'0000-00-00 00:00:00','0000-00-00 00:00:00'),(156,'DinkC',1,'0000-00-00 00:00:00','0000-00-00 00:00:00'),(157,'DIBOL',1,'0000-00-00 00:00:00','0000-00-00 00:00:00'),(158,'DL/I',1,'0000-00-00 00:00:00','0000-00-00 00:00:00'),(159,'Draco',1,'0000-00-00 00:00:00','0000-00-00 00:00:00'),(160,'Dylan',1,'0000-00-00 00:00:00','0000-00-00 00:00:00'),(161,'DYNAMO',1,'0000-00-00 00:00:00','0000-00-00 00:00:00'),(162,'E',1,'0000-00-00 00:00:00','0000-00-00 00:00:00'),(163,'E#',1,'0000-00-00 00:00:00','0000-00-00 00:00:00'),(164,'Ease',1,'0000-00-00 00:00:00','0000-00-00 00:00:00'),(165,'EASY',1,'0000-00-00 00:00:00','0000-00-00 00:00:00'),(166,'Easy PL/I',1,'0000-00-00 00:00:00','0000-00-00 00:00:00'),(167,'EASYTRIEVE PLUS',1,'0000-00-00 00:00:00','0000-00-00 00:00:00'),(168,'ECMAScript',1,'0000-00-00 00:00:00','0000-00-00 00:00:00'),(169,'Edinburgh IMP',1,'0000-00-00 00:00:00','0000-00-00 00:00:00'),(170,'EGL',1,'0000-00-00 00:00:00','0000-00-00 00:00:00'),(171,'Eiffel',1,'0000-00-00 00:00:00','0000-00-00 00:00:00'),(172,'ELAN',1,'0000-00-00 00:00:00','0000-00-00 00:00:00'),(173,'Emacs Lisp',1,'0000-00-00 00:00:00','0000-00-00 00:00:00'),(174,'Emerald',1,'0000-00-00 00:00:00','0000-00-00 00:00:00'),(175,'Epigram',1,'0000-00-00 00:00:00','0000-00-00 00:00:00'),(176,'Erlang',1,'0000-00-00 00:00:00','0000-00-00 00:00:00'),(177,'Escapade',1,'0000-00-00 00:00:00','0000-00-00 00:00:00'),(178,'Escher',1,'0000-00-00 00:00:00','0000-00-00 00:00:00'),(179,'ESPOL',1,'0000-00-00 00:00:00','0000-00-00 00:00:00'),(180,'Esterel',1,'0000-00-00 00:00:00','0000-00-00 00:00:00'),(181,'Etoys',1,'0000-00-00 00:00:00','0000-00-00 00:00:00'),(182,'Euclid',1,'0000-00-00 00:00:00','0000-00-00 00:00:00'),(183,'Euler',1,'0000-00-00 00:00:00','0000-00-00 00:00:00'),(184,'Euphoria',1,'0000-00-00 00:00:00','0000-00-00 00:00:00'),(185,'EusLisp Robot Programming Language',1,'0000-00-00 00:00:00','0000-00-00 00:00:00'),(186,'CMS EXEC',1,'0000-00-00 00:00:00','0000-00-00 00:00:00'),(187,'EXEC 2',1,'0000-00-00 00:00:00','0000-00-00 00:00:00'),(188,'F',1,'0000-00-00 00:00:00','0000-00-00 00:00:00'),(189,'F#',1,'0000-00-00 00:00:00','0000-00-00 00:00:00'),(190,'Factor',1,'0000-00-00 00:00:00','0000-00-00 00:00:00'),(191,'Falcon',1,'0000-00-00 00:00:00','0000-00-00 00:00:00'),(192,'Fancy',1,'0000-00-00 00:00:00','0000-00-00 00:00:00'),(193,'Fantom',1,'0000-00-00 00:00:00','0000-00-00 00:00:00'),(194,'FAUST',1,'0000-00-00 00:00:00','0000-00-00 00:00:00'),(195,'Felix',1,'0000-00-00 00:00:00','0000-00-00 00:00:00'),(196,'Ferite',1,'0000-00-00 00:00:00','0000-00-00 00:00:00'),(197,'FFP',1,'0000-00-00 00:00:00','0000-00-00 00:00:00'),(198,'Fjölnir',1,'0000-00-00 00:00:00','0000-00-00 00:00:00'),(199,'FL',1,'0000-00-00 00:00:00','0000-00-00 00:00:00'),(200,'Flavors',1,'0000-00-00 00:00:00','0000-00-00 00:00:00'),(201,'Flex',1,'0000-00-00 00:00:00','0000-00-00 00:00:00'),(202,'FLOW-MATIC',1,'0000-00-00 00:00:00','0000-00-00 00:00:00'),(203,'FOCAL',1,'0000-00-00 00:00:00','0000-00-00 00:00:00'),(204,'FOCUS',1,'0000-00-00 00:00:00','0000-00-00 00:00:00'),(205,'FOIL',1,'0000-00-00 00:00:00','0000-00-00 00:00:00'),(206,'FORMAC',1,'0000-00-00 00:00:00','0000-00-00 00:00:00'),(207,'@Formula',1,'0000-00-00 00:00:00','0000-00-00 00:00:00'),(208,'Forth',1,'0000-00-00 00:00:00','0000-00-00 00:00:00'),(209,'Fortran - ISO/IEC 1539',1,'0000-00-00 00:00:00','0000-00-00 00:00:00'),(210,'Fortress',1,'0000-00-00 00:00:00','0000-00-00 00:00:00'),(211,'FoxBase',1,'0000-00-00 00:00:00','0000-00-00 00:00:00'),(212,'FoxPro',1,'0000-00-00 00:00:00','0000-00-00 00:00:00'),(213,'FP',1,'0000-00-00 00:00:00','0000-00-00 00:00:00'),(214,'FPr',1,'0000-00-00 00:00:00','0000-00-00 00:00:00'),(215,'Franz Lisp',1,'0000-00-00 00:00:00','0000-00-00 00:00:00'),(216,'Frink',1,'0000-00-00 00:00:00','0000-00-00 00:00:00'),(217,'F-Script',1,'0000-00-00 00:00:00','0000-00-00 00:00:00'),(218,'FSProg',1,'0000-00-00 00:00:00','0000-00-00 00:00:00'),(219,'Fuxi',1,'0000-00-00 00:00:00','0000-00-00 00:00:00'),(220,'G',1,'0000-00-00 00:00:00','0000-00-00 00:00:00'),(221,'Game Maker Language',1,'0000-00-00 00:00:00','0000-00-00 00:00:00'),(222,'GameMonkey Script',1,'0000-00-00 00:00:00','0000-00-00 00:00:00'),(223,'GAMS',1,'0000-00-00 00:00:00','0000-00-00 00:00:00'),(224,'GAP',1,'0000-00-00 00:00:00','0000-00-00 00:00:00'),(225,'G-code',1,'0000-00-00 00:00:00','0000-00-00 00:00:00'),(226,'Genie',1,'0000-00-00 00:00:00','0000-00-00 00:00:00'),(227,'GDL',1,'0000-00-00 00:00:00','0000-00-00 00:00:00'),(228,'Gibiane',1,'0000-00-00 00:00:00','0000-00-00 00:00:00'),(229,'GJ',1,'0000-00-00 00:00:00','0000-00-00 00:00:00'),(230,'GLSL',1,'0000-00-00 00:00:00','0000-00-00 00:00:00'),(231,'GNU E',1,'0000-00-00 00:00:00','0000-00-00 00:00:00'),(232,'GM',1,'0000-00-00 00:00:00','0000-00-00 00:00:00'),(233,'Go',1,'0000-00-00 00:00:00','0000-00-00 00:00:00'),(234,'Go!',1,'0000-00-00 00:00:00','0000-00-00 00:00:00'),(235,'GOAL',1,'0000-00-00 00:00:00','0000-00-00 00:00:00'),(236,'Gödel',1,'0000-00-00 00:00:00','0000-00-00 00:00:00'),(237,'Godiva',1,'0000-00-00 00:00:00','0000-00-00 00:00:00'),(238,'GOM (Good Old Mad)',1,'0000-00-00 00:00:00','0000-00-00 00:00:00'),(239,'Goo',1,'0000-00-00 00:00:00','0000-00-00 00:00:00'),(240,'GOTRAN',1,'0000-00-00 00:00:00','0000-00-00 00:00:00'),(241,'GPSS',1,'0000-00-00 00:00:00','0000-00-00 00:00:00'),(242,'GraphTalk',1,'0000-00-00 00:00:00','0000-00-00 00:00:00'),(243,'GRASS',1,'0000-00-00 00:00:00','0000-00-00 00:00:00'),(244,'Groovy',1,'0000-00-00 00:00:00','0000-00-00 00:00:00'),(245,'HAL/S',1,'0000-00-00 00:00:00','0000-00-00 00:00:00'),(246,'Hamilton C shell',1,'0000-00-00 00:00:00','0000-00-00 00:00:00'),(247,'Harbour',1,'0000-00-00 00:00:00','0000-00-00 00:00:00'),(248,'Haskell',1,'0000-00-00 00:00:00','0000-00-00 00:00:00'),(249,'HaXe',1,'0000-00-00 00:00:00','0000-00-00 00:00:00'),(250,'High Level Assembly',1,'0000-00-00 00:00:00','0000-00-00 00:00:00'),(251,'HLSL',1,'0000-00-00 00:00:00','0000-00-00 00:00:00'),(252,'Hop',1,'0000-00-00 00:00:00','0000-00-00 00:00:00'),(253,'Hope',1,'0000-00-00 00:00:00','0000-00-00 00:00:00'),(254,'Hugo',1,'0000-00-00 00:00:00','0000-00-00 00:00:00'),(255,'Hume',1,'0000-00-00 00:00:00','0000-00-00 00:00:00'),(256,'HyperTalk',1,'0000-00-00 00:00:00','0000-00-00 00:00:00'),(257,'IBM Basic assembly language',1,'0000-00-00 00:00:00','0000-00-00 00:00:00'),(258,'IBM HAScript',1,'0000-00-00 00:00:00','0000-00-00 00:00:00'),(259,'IBM Informix-4GL',1,'0000-00-00 00:00:00','0000-00-00 00:00:00'),(260,'IBM RPG',1,'0000-00-00 00:00:00','0000-00-00 00:00:00'),(261,'ICI',1,'0000-00-00 00:00:00','0000-00-00 00:00:00'),(262,'Icon',1,'0000-00-00 00:00:00','0000-00-00 00:00:00'),(263,'Id',1,'0000-00-00 00:00:00','0000-00-00 00:00:00'),(264,'IDL',1,'0000-00-00 00:00:00','0000-00-00 00:00:00'),(265,'IMP',1,'0000-00-00 00:00:00','0000-00-00 00:00:00'),(266,'Inform',1,'0000-00-00 00:00:00','0000-00-00 00:00:00'),(267,'Io',1,'0000-00-00 00:00:00','0000-00-00 00:00:00'),(268,'Ioke',1,'0000-00-00 00:00:00','0000-00-00 00:00:00'),(269,'IPL',1,'0000-00-00 00:00:00','0000-00-00 00:00:00'),(270,'IPTSCRAE',1,'0000-00-00 00:00:00','0000-00-00 00:00:00'),(271,'ISLISP',1,'0000-00-00 00:00:00','0000-00-00 00:00:00'),(272,'ISPF',1,'0000-00-00 00:00:00','0000-00-00 00:00:00'),(273,'ISWIM',1,'0000-00-00 00:00:00','0000-00-00 00:00:00'),(274,'J',1,'0000-00-00 00:00:00','0000-00-00 00:00:00'),(275,'J#',1,'0000-00-00 00:00:00','0000-00-00 00:00:00'),(276,'J++',1,'0000-00-00 00:00:00','0000-00-00 00:00:00'),(277,'JADE',1,'0000-00-00 00:00:00','0000-00-00 00:00:00'),(278,'Jako',1,'0000-00-00 00:00:00','0000-00-00 00:00:00'),(279,'JAL',1,'0000-00-00 00:00:00','0000-00-00 00:00:00'),(280,'Janus',1,'0000-00-00 00:00:00','0000-00-00 00:00:00'),(281,'JASS',1,'0000-00-00 00:00:00','0000-00-00 00:00:00'),(282,'Java',1,'0000-00-00 00:00:00','0000-00-00 00:00:00'),(283,'JavaScript',1,'0000-00-00 00:00:00','0000-00-00 00:00:00'),(284,'JCL',1,'0000-00-00 00:00:00','0000-00-00 00:00:00'),(285,'JEAN',1,'0000-00-00 00:00:00','0000-00-00 00:00:00'),(286,'Join Java',1,'0000-00-00 00:00:00','0000-00-00 00:00:00'),(287,'JOSS',1,'0000-00-00 00:00:00','0000-00-00 00:00:00'),(288,'Joule',1,'0000-00-00 00:00:00','0000-00-00 00:00:00'),(289,'JOVIAL',1,'0000-00-00 00:00:00','0000-00-00 00:00:00'),(290,'Joy',1,'0000-00-00 00:00:00','0000-00-00 00:00:00'),(291,'Julia',1,'0000-00-00 00:00:00','0000-00-00 00:00:00'),(292,'JScript',1,'0000-00-00 00:00:00','0000-00-00 00:00:00'),(293,'JavaFX Script',1,'0000-00-00 00:00:00','0000-00-00 00:00:00'),(294,'K',1,'0000-00-00 00:00:00','0000-00-00 00:00:00'),(295,'Kaleidoscope',1,'0000-00-00 00:00:00','0000-00-00 00:00:00'),(296,'Karel',1,'0000-00-00 00:00:00','0000-00-00 00:00:00'),(297,'Karel++',1,'0000-00-00 00:00:00','0000-00-00 00:00:00'),(298,'Kaya',1,'0000-00-00 00:00:00','0000-00-00 00:00:00'),(299,'KEE',1,'0000-00-00 00:00:00','0000-00-00 00:00:00'),(300,'KIF',1,'0000-00-00 00:00:00','0000-00-00 00:00:00'),(301,'KRC',1,'0000-00-00 00:00:00','0000-00-00 00:00:00'),(302,'KRL',1,'0000-00-00 00:00:00','0000-00-00 00:00:00'),(303,'KRL (KUKA Robot Language)',1,'0000-00-00 00:00:00','0000-00-00 00:00:00'),(304,'KRYPTON',1,'0000-00-00 00:00:00','0000-00-00 00:00:00'),(305,'ksh',1,'0000-00-00 00:00:00','0000-00-00 00:00:00'),(306,'L',1,'0000-00-00 00:00:00','0000-00-00 00:00:00'),(307,'L# .NET',1,'0000-00-00 00:00:00','0000-00-00 00:00:00'),(308,'LabVIEW',1,'0000-00-00 00:00:00','0000-00-00 00:00:00'),(309,'Ladder',1,'0000-00-00 00:00:00','0000-00-00 00:00:00'),(310,'Lagoona',1,'0000-00-00 00:00:00','0000-00-00 00:00:00'),(311,'LANSA',1,'0000-00-00 00:00:00','0000-00-00 00:00:00'),(312,'Lasso',1,'0000-00-00 00:00:00','0000-00-00 00:00:00'),(313,'LaTeX',1,'0000-00-00 00:00:00','0000-00-00 00:00:00'),(314,'Lava',1,'0000-00-00 00:00:00','0000-00-00 00:00:00'),(315,'LC-3',1,'0000-00-00 00:00:00','0000-00-00 00:00:00'),(316,'Leadwerks Script',1,'0000-00-00 00:00:00','0000-00-00 00:00:00'),(317,'Leda',1,'0000-00-00 00:00:00','0000-00-00 00:00:00'),(318,'Legoscript',1,'0000-00-00 00:00:00','0000-00-00 00:00:00'),(319,'LIL',1,'0000-00-00 00:00:00','0000-00-00 00:00:00'),(320,'LilyPond',1,'0000-00-00 00:00:00','0000-00-00 00:00:00'),(321,'Limbo',1,'0000-00-00 00:00:00','0000-00-00 00:00:00'),(322,'Limnor',1,'0000-00-00 00:00:00','0000-00-00 00:00:00'),(323,'LINC',1,'0000-00-00 00:00:00','0000-00-00 00:00:00'),(324,'Lingo',1,'0000-00-00 00:00:00','0000-00-00 00:00:00'),(325,'Linoleum',1,'0000-00-00 00:00:00','0000-00-00 00:00:00'),(326,'LIS',1,'0000-00-00 00:00:00','0000-00-00 00:00:00'),(327,'LISA',1,'0000-00-00 00:00:00','0000-00-00 00:00:00'),(328,'Lisaac',1,'0000-00-00 00:00:00','0000-00-00 00:00:00'),(329,'Lisp - ISO/IEC 13816',1,'0000-00-00 00:00:00','0000-00-00 00:00:00'),(330,'Lite-C Lite-c',1,'0000-00-00 00:00:00','0000-00-00 00:00:00'),(331,'Lithe',1,'0000-00-00 00:00:00','0000-00-00 00:00:00'),(332,'Little b',1,'0000-00-00 00:00:00','0000-00-00 00:00:00'),(333,'Logo',1,'0000-00-00 00:00:00','0000-00-00 00:00:00'),(334,'Logtalk',1,'0000-00-00 00:00:00','0000-00-00 00:00:00'),(335,'LPC',1,'0000-00-00 00:00:00','0000-00-00 00:00:00'),(336,'LSE',1,'0000-00-00 00:00:00','0000-00-00 00:00:00'),(337,'LSL',1,'0000-00-00 00:00:00','0000-00-00 00:00:00'),(338,'LiveCode',1,'0000-00-00 00:00:00','0000-00-00 00:00:00'),(339,'Lua',1,'0000-00-00 00:00:00','0000-00-00 00:00:00'),(340,'Lucid',1,'0000-00-00 00:00:00','0000-00-00 00:00:00'),(341,'Lustre',1,'0000-00-00 00:00:00','0000-00-00 00:00:00'),(342,'LYaPAS',1,'0000-00-00 00:00:00','0000-00-00 00:00:00'),(343,'Lynx',1,'0000-00-00 00:00:00','0000-00-00 00:00:00'),(344,'M',1,'0000-00-00 00:00:00','0000-00-00 00:00:00'),(345,'M2001',1,'0000-00-00 00:00:00','0000-00-00 00:00:00'),(346,'M4',1,'0000-00-00 00:00:00','0000-00-00 00:00:00'),(347,'Machine code',1,'0000-00-00 00:00:00','0000-00-00 00:00:00'),(348,'MAD (Michigan Algorithm Decoder)',1,'0000-00-00 00:00:00','0000-00-00 00:00:00'),(349,'MAD/I',1,'0000-00-00 00:00:00','0000-00-00 00:00:00'),(350,'Magik',1,'0000-00-00 00:00:00','0000-00-00 00:00:00'),(351,'Magma',1,'0000-00-00 00:00:00','0000-00-00 00:00:00'),(352,'make',1,'0000-00-00 00:00:00','0000-00-00 00:00:00'),(353,'Maple',1,'0000-00-00 00:00:00','0000-00-00 00:00:00'),(354,'MAPPER (Unisys/Sperry) now part of BIS',1,'0000-00-00 00:00:00','0000-00-00 00:00:00'),(355,'MARK-IV (Sterling/Informatics) now VISION:BUILDER ',1,'0000-00-00 00:00:00','0000-00-00 00:00:00'),(356,'Mary',1,'0000-00-00 00:00:00','0000-00-00 00:00:00'),(357,'MASM Microsoft Assembly x86',1,'0000-00-00 00:00:00','0000-00-00 00:00:00'),(358,'Mathematica',1,'0000-00-00 00:00:00','0000-00-00 00:00:00'),(359,'MATLAB',1,'0000-00-00 00:00:00','0000-00-00 00:00:00'),(360,'Maxima (see also Macsyma)',1,'0000-00-00 00:00:00','0000-00-00 00:00:00'),(361,'Max (Max Msp - Graphical Programming Environment)',1,'0000-00-00 00:00:00','0000-00-00 00:00:00'),(362,'MaxScript internal language 3D Studio Max',1,'0000-00-00 00:00:00','0000-00-00 00:00:00'),(363,'Maya (MEL)',1,'0000-00-00 00:00:00','0000-00-00 00:00:00'),(364,'MDL',1,'0000-00-00 00:00:00','0000-00-00 00:00:00'),(365,'Mercury',1,'0000-00-00 00:00:00','0000-00-00 00:00:00'),(366,'Mesa',1,'0000-00-00 00:00:00','0000-00-00 00:00:00'),(367,'Metacard',1,'0000-00-00 00:00:00','0000-00-00 00:00:00'),(368,'Metafont',1,'0000-00-00 00:00:00','0000-00-00 00:00:00'),(369,'MetaL',1,'0000-00-00 00:00:00','0000-00-00 00:00:00'),(370,'Microcode',1,'0000-00-00 00:00:00','0000-00-00 00:00:00'),(371,'MicroScript',1,'0000-00-00 00:00:00','0000-00-00 00:00:00'),(372,'MIIS',1,'0000-00-00 00:00:00','0000-00-00 00:00:00'),(373,'MillScript',1,'0000-00-00 00:00:00','0000-00-00 00:00:00'),(374,'MIMIC',1,'0000-00-00 00:00:00','0000-00-00 00:00:00'),(375,'Mirah',1,'0000-00-00 00:00:00','0000-00-00 00:00:00'),(376,'Miranda',1,'0000-00-00 00:00:00','0000-00-00 00:00:00'),(377,'MIVA Script',1,'0000-00-00 00:00:00','0000-00-00 00:00:00'),(378,'ML',1,'0000-00-00 00:00:00','0000-00-00 00:00:00'),(379,'Moby',1,'0000-00-00 00:00:00','0000-00-00 00:00:00'),(380,'Model 204',1,'0000-00-00 00:00:00','0000-00-00 00:00:00'),(381,'Modelica',1,'0000-00-00 00:00:00','0000-00-00 00:00:00'),(382,'Modula',1,'0000-00-00 00:00:00','0000-00-00 00:00:00'),(383,'Modula-2',1,'0000-00-00 00:00:00','0000-00-00 00:00:00'),(384,'Modula-3',1,'0000-00-00 00:00:00','0000-00-00 00:00:00'),(385,'Mohol',1,'0000-00-00 00:00:00','0000-00-00 00:00:00'),(386,'MOO',1,'0000-00-00 00:00:00','0000-00-00 00:00:00'),(387,'Mortran',1,'0000-00-00 00:00:00','0000-00-00 00:00:00'),(388,'Mouse',1,'0000-00-00 00:00:00','0000-00-00 00:00:00'),(389,'MPD',1,'0000-00-00 00:00:00','0000-00-00 00:00:00'),(390,'MSIL - deprecated name for CIL',1,'0000-00-00 00:00:00','0000-00-00 00:00:00'),(391,'MSL',1,'0000-00-00 00:00:00','0000-00-00 00:00:00'),(392,'MUMPS',1,'0000-00-00 00:00:00','0000-00-00 00:00:00'),(393,'Napier88',1,'0000-00-00 00:00:00','0000-00-00 00:00:00'),(394,'NASM',1,'0000-00-00 00:00:00','0000-00-00 00:00:00'),(395,'NATURAL',1,'0000-00-00 00:00:00','0000-00-00 00:00:00'),(396,'Neko',1,'0000-00-00 00:00:00','0000-00-00 00:00:00'),(397,'Nemerle',1,'0000-00-00 00:00:00','0000-00-00 00:00:00'),(398,'NESL',1,'0000-00-00 00:00:00','0000-00-00 00:00:00'),(399,'Net.Data',1,'0000-00-00 00:00:00','0000-00-00 00:00:00'),(400,'NetLogo',1,'0000-00-00 00:00:00','0000-00-00 00:00:00'),(401,'NetRexx',1,'0000-00-00 00:00:00','0000-00-00 00:00:00'),(402,'NewLISP',1,'0000-00-00 00:00:00','0000-00-00 00:00:00'),(403,'NEWP',1,'0000-00-00 00:00:00','0000-00-00 00:00:00'),(404,'Newspeak',1,'0000-00-00 00:00:00','0000-00-00 00:00:00'),(405,'NewtonScript',1,'0000-00-00 00:00:00','0000-00-00 00:00:00'),(406,'NGL',1,'0000-00-00 00:00:00','0000-00-00 00:00:00'),(407,'Nial',1,'0000-00-00 00:00:00','0000-00-00 00:00:00'),(408,'Nice',1,'0000-00-00 00:00:00','0000-00-00 00:00:00'),(409,'Nickle',1,'0000-00-00 00:00:00','0000-00-00 00:00:00'),(410,'NPL',1,'0000-00-00 00:00:00','0000-00-00 00:00:00'),(411,'Not eXactly C (NXC)',1,'0000-00-00 00:00:00','0000-00-00 00:00:00'),(412,'Not Quite C (NQC)',1,'0000-00-00 00:00:00','0000-00-00 00:00:00'),(413,'Nu',1,'0000-00-00 00:00:00','0000-00-00 00:00:00'),(414,'NSIS',1,'0000-00-00 00:00:00','0000-00-00 00:00:00'),(415,'o:XML',1,'0000-00-00 00:00:00','0000-00-00 00:00:00'),(416,'Oak',1,'0000-00-00 00:00:00','0000-00-00 00:00:00'),(417,'Oberon',1,'0000-00-00 00:00:00','0000-00-00 00:00:00'),(418,'Obix',1,'0000-00-00 00:00:00','0000-00-00 00:00:00'),(419,'OBJ2',1,'0000-00-00 00:00:00','0000-00-00 00:00:00'),(420,'Object Lisp',1,'0000-00-00 00:00:00','0000-00-00 00:00:00'),(421,'ObjectLOGO',1,'0000-00-00 00:00:00','0000-00-00 00:00:00'),(422,'Object REXX',1,'0000-00-00 00:00:00','0000-00-00 00:00:00'),(423,'Object Pascal',1,'0000-00-00 00:00:00','0000-00-00 00:00:00'),(424,'Objective-C',1,'0000-00-00 00:00:00','0000-00-00 00:00:00'),(425,'Objective-J',1,'0000-00-00 00:00:00','0000-00-00 00:00:00'),(426,'Obliq',1,'0000-00-00 00:00:00','0000-00-00 00:00:00'),(427,'Obol',1,'0000-00-00 00:00:00','0000-00-00 00:00:00'),(428,'OCaml',1,'0000-00-00 00:00:00','0000-00-00 00:00:00'),(429,'occam',1,'0000-00-00 00:00:00','0000-00-00 00:00:00'),(430,'occam-?',1,'0000-00-00 00:00:00','0000-00-00 00:00:00'),(431,'Octave',1,'0000-00-00 00:00:00','0000-00-00 00:00:00'),(432,'OmniMark',1,'0000-00-00 00:00:00','0000-00-00 00:00:00'),(433,'Onyx',1,'0000-00-00 00:00:00','0000-00-00 00:00:00'),(434,'Opa',1,'0000-00-00 00:00:00','0000-00-00 00:00:00'),(435,'Opal',1,'0000-00-00 00:00:00','0000-00-00 00:00:00'),(436,'OpenEdge ABL',1,'0000-00-00 00:00:00','0000-00-00 00:00:00'),(437,'OPL',1,'0000-00-00 00:00:00','0000-00-00 00:00:00'),(438,'OPS5',1,'0000-00-00 00:00:00','0000-00-00 00:00:00'),(439,'OptimJ',1,'0000-00-00 00:00:00','0000-00-00 00:00:00'),(440,'Orc',1,'0000-00-00 00:00:00','0000-00-00 00:00:00'),(441,'ORCA/Modula-2',1,'0000-00-00 00:00:00','0000-00-00 00:00:00'),(442,'Oriel',1,'0000-00-00 00:00:00','0000-00-00 00:00:00'),(443,'Orwell',1,'0000-00-00 00:00:00','0000-00-00 00:00:00'),(444,'Oxygene',1,'0000-00-00 00:00:00','0000-00-00 00:00:00'),(445,'Oz',1,'0000-00-00 00:00:00','0000-00-00 00:00:00'),(446,'P#',1,'0000-00-00 00:00:00','0000-00-00 00:00:00'),(447,'PARI/GP',1,'0000-00-00 00:00:00','0000-00-00 00:00:00'),(448,'Pascal - ISO 7185',1,'0000-00-00 00:00:00','0000-00-00 00:00:00'),(449,'Pawn',1,'0000-00-00 00:00:00','0000-00-00 00:00:00'),(450,'PCASTL',1,'0000-00-00 00:00:00','0000-00-00 00:00:00'),(451,'PCF',1,'0000-00-00 00:00:00','0000-00-00 00:00:00'),(452,'PEARL',1,'0000-00-00 00:00:00','0000-00-00 00:00:00'),(453,'PeopleCode',1,'0000-00-00 00:00:00','0000-00-00 00:00:00'),(454,'Perl',1,'0000-00-00 00:00:00','0000-00-00 00:00:00'),(455,'PDL',1,'0000-00-00 00:00:00','0000-00-00 00:00:00'),(456,'PHP',1,'0000-00-00 00:00:00','0000-00-00 00:00:00'),(457,'Phrogram',1,'0000-00-00 00:00:00','0000-00-00 00:00:00'),(458,'Pico',1,'0000-00-00 00:00:00','0000-00-00 00:00:00'),(459,'Pict',1,'0000-00-00 00:00:00','0000-00-00 00:00:00'),(460,'Pike',1,'0000-00-00 00:00:00','0000-00-00 00:00:00'),(461,'PIKT',1,'0000-00-00 00:00:00','0000-00-00 00:00:00'),(462,'PILOT',1,'0000-00-00 00:00:00','0000-00-00 00:00:00'),(463,'Pizza',1,'0000-00-00 00:00:00','0000-00-00 00:00:00'),(464,'PL-11',1,'0000-00-00 00:00:00','0000-00-00 00:00:00'),(465,'PL/0',1,'0000-00-00 00:00:00','0000-00-00 00:00:00'),(466,'PL/B',1,'0000-00-00 00:00:00','0000-00-00 00:00:00'),(467,'PL/C',1,'0000-00-00 00:00:00','0000-00-00 00:00:00'),(468,'PL/I - ISO 6160',1,'0000-00-00 00:00:00','0000-00-00 00:00:00'),(469,'PL/M',1,'0000-00-00 00:00:00','0000-00-00 00:00:00'),(470,'PL/P',1,'0000-00-00 00:00:00','0000-00-00 00:00:00'),(471,'PL/SQL',1,'0000-00-00 00:00:00','0000-00-00 00:00:00'),(472,'PL360',1,'0000-00-00 00:00:00','0000-00-00 00:00:00'),(473,'PLANC',1,'0000-00-00 00:00:00','0000-00-00 00:00:00'),(474,'Plankalkül',1,'0000-00-00 00:00:00','0000-00-00 00:00:00'),(475,'PLEX',1,'0000-00-00 00:00:00','0000-00-00 00:00:00'),(476,'PLEXIL',1,'0000-00-00 00:00:00','0000-00-00 00:00:00'),(477,'Plus',1,'0000-00-00 00:00:00','0000-00-00 00:00:00'),(478,'POP-11',1,'0000-00-00 00:00:00','0000-00-00 00:00:00'),(479,'PostScript',1,'0000-00-00 00:00:00','0000-00-00 00:00:00'),(480,'PortablE',1,'0000-00-00 00:00:00','0000-00-00 00:00:00'),(481,'Powerhouse',1,'0000-00-00 00:00:00','0000-00-00 00:00:00'),(482,'PowerBuilder - 4GL GUI appl. generator from Sybase',1,'0000-00-00 00:00:00','0000-00-00 00:00:00'),(483,'PPL',1,'0000-00-00 00:00:00','0000-00-00 00:00:00'),(484,'Processing',1,'0000-00-00 00:00:00','0000-00-00 00:00:00'),(485,'Processing.js',1,'0000-00-00 00:00:00','0000-00-00 00:00:00'),(486,'Prograph',1,'0000-00-00 00:00:00','0000-00-00 00:00:00'),(487,'PROIV',1,'0000-00-00 00:00:00','0000-00-00 00:00:00'),(488,'Prolog',1,'0000-00-00 00:00:00','0000-00-00 00:00:00'),(489,'Visual Prolog',1,'0000-00-00 00:00:00','0000-00-00 00:00:00'),(490,'Promela',1,'0000-00-00 00:00:00','0000-00-00 00:00:00'),(491,'PROTEL',1,'0000-00-00 00:00:00','0000-00-00 00:00:00'),(492,'ProvideX',1,'0000-00-00 00:00:00','0000-00-00 00:00:00'),(493,'Pro*C',1,'0000-00-00 00:00:00','0000-00-00 00:00:00'),(494,'Pure',1,'0000-00-00 00:00:00','0000-00-00 00:00:00'),(495,'Python',1,'0000-00-00 00:00:00','0000-00-00 00:00:00'),(496,'Q (equational programming language)',1,'0000-00-00 00:00:00','0000-00-00 00:00:00'),(497,'Q (programming language from Kx Systems)',1,'0000-00-00 00:00:00','0000-00-00 00:00:00'),(498,'Qi',1,'0000-00-00 00:00:00','0000-00-00 00:00:00'),(499,'QtScript',1,'0000-00-00 00:00:00','0000-00-00 00:00:00'),(500,'QuakeC',1,'0000-00-00 00:00:00','0000-00-00 00:00:00'),(501,'QPL',1,'0000-00-00 00:00:00','0000-00-00 00:00:00'),(502,'R',1,'0000-00-00 00:00:00','0000-00-00 00:00:00'),(503,'R++',1,'0000-00-00 00:00:00','0000-00-00 00:00:00'),(504,'Racket',1,'0000-00-00 00:00:00','0000-00-00 00:00:00'),(505,'RAPID',1,'0000-00-00 00:00:00','0000-00-00 00:00:00'),(506,'Rapira',1,'0000-00-00 00:00:00','0000-00-00 00:00:00'),(507,'Ratfiv',1,'0000-00-00 00:00:00','0000-00-00 00:00:00'),(508,'Ratfor',1,'0000-00-00 00:00:00','0000-00-00 00:00:00'),(509,'rc',1,'0000-00-00 00:00:00','0000-00-00 00:00:00'),(510,'REBOL',1,'0000-00-00 00:00:00','0000-00-00 00:00:00'),(511,'Redcode',1,'0000-00-00 00:00:00','0000-00-00 00:00:00'),(512,'REFAL',1,'0000-00-00 00:00:00','0000-00-00 00:00:00'),(513,'Reia',1,'0000-00-00 00:00:00','0000-00-00 00:00:00'),(514,'Revolution',1,'0000-00-00 00:00:00','0000-00-00 00:00:00'),(515,'rex',1,'0000-00-00 00:00:00','0000-00-00 00:00:00'),(516,'REXX',1,'0000-00-00 00:00:00','0000-00-00 00:00:00'),(517,'Rlab',1,'0000-00-00 00:00:00','0000-00-00 00:00:00'),(518,'ROOP',1,'0000-00-00 00:00:00','0000-00-00 00:00:00'),(519,'RPG',1,'0000-00-00 00:00:00','0000-00-00 00:00:00'),(520,'RPL',1,'0000-00-00 00:00:00','0000-00-00 00:00:00'),(521,'RSL',1,'0000-00-00 00:00:00','0000-00-00 00:00:00'),(522,'RTL/2',1,'0000-00-00 00:00:00','0000-00-00 00:00:00'),(523,'Ruby',1,'0000-00-00 00:00:00','0000-00-00 00:00:00'),(524,'Rust',1,'0000-00-00 00:00:00','0000-00-00 00:00:00'),(525,'S',1,'0000-00-00 00:00:00','0000-00-00 00:00:00'),(526,'S2',1,'0000-00-00 00:00:00','0000-00-00 00:00:00'),(527,'S3',1,'0000-00-00 00:00:00','0000-00-00 00:00:00'),(528,'S-Lang',1,'0000-00-00 00:00:00','0000-00-00 00:00:00'),(529,'S-PLUS',1,'0000-00-00 00:00:00','0000-00-00 00:00:00'),(530,'SA-C',1,'0000-00-00 00:00:00','0000-00-00 00:00:00'),(531,'SabreTalk',1,'0000-00-00 00:00:00','0000-00-00 00:00:00'),(532,'SAIL',1,'0000-00-00 00:00:00','0000-00-00 00:00:00'),(533,'SALSA',1,'0000-00-00 00:00:00','0000-00-00 00:00:00'),(534,'SAM76',1,'0000-00-00 00:00:00','0000-00-00 00:00:00'),(535,'SAS',1,'0000-00-00 00:00:00','0000-00-00 00:00:00'),(536,'SASL',1,'0000-00-00 00:00:00','0000-00-00 00:00:00'),(537,'Sather',1,'0000-00-00 00:00:00','0000-00-00 00:00:00'),(538,'Sawzall',1,'0000-00-00 00:00:00','0000-00-00 00:00:00'),(539,'SBL',1,'0000-00-00 00:00:00','0000-00-00 00:00:00'),(540,'Scala',1,'0000-00-00 00:00:00','0000-00-00 00:00:00'),(541,'Scheme',1,'0000-00-00 00:00:00','0000-00-00 00:00:00'),(542,'Scilab',1,'0000-00-00 00:00:00','0000-00-00 00:00:00'),(543,'Scratch',1,'0000-00-00 00:00:00','0000-00-00 00:00:00'),(544,'Script.NET',1,'0000-00-00 00:00:00','0000-00-00 00:00:00'),(545,'Sed',1,'0000-00-00 00:00:00','0000-00-00 00:00:00'),(546,'Self',1,'0000-00-00 00:00:00','0000-00-00 00:00:00'),(547,'SenseTalk',1,'0000-00-00 00:00:00','0000-00-00 00:00:00'),(548,'SETL',1,'0000-00-00 00:00:00','0000-00-00 00:00:00'),(549,'Shift Script',1,'0000-00-00 00:00:00','0000-00-00 00:00:00'),(550,'SiMPLE',1,'0000-00-00 00:00:00','0000-00-00 00:00:00'),(551,'SIMPOL',1,'0000-00-00 00:00:00','0000-00-00 00:00:00'),(552,'SIMSCRIPT',1,'0000-00-00 00:00:00','0000-00-00 00:00:00'),(553,'Simula',1,'0000-00-00 00:00:00','0000-00-00 00:00:00'),(554,'Simulink',1,'0000-00-00 00:00:00','0000-00-00 00:00:00'),(555,'SISAL',1,'0000-00-00 00:00:00','0000-00-00 00:00:00'),(556,'SLIP',1,'0000-00-00 00:00:00','0000-00-00 00:00:00'),(557,'SMALL',1,'0000-00-00 00:00:00','0000-00-00 00:00:00'),(558,'Smalltalk',1,'0000-00-00 00:00:00','0000-00-00 00:00:00'),(559,'Small Basic',1,'0000-00-00 00:00:00','0000-00-00 00:00:00'),(560,'SML',1,'0000-00-00 00:00:00','0000-00-00 00:00:00'),(561,'SNOBOL(SPITBOL)',1,'0000-00-00 00:00:00','0000-00-00 00:00:00'),(562,'Snowball',1,'0000-00-00 00:00:00','0000-00-00 00:00:00'),(563,'SOL',1,'0000-00-00 00:00:00','0000-00-00 00:00:00'),(564,'Span',1,'0000-00-00 00:00:00','0000-00-00 00:00:00'),(565,'SPARK',1,'0000-00-00 00:00:00','0000-00-00 00:00:00'),(566,'SPIN',1,'0000-00-00 00:00:00','0000-00-00 00:00:00'),(567,'SP/k',1,'0000-00-00 00:00:00','0000-00-00 00:00:00'),(568,'SPS',1,'0000-00-00 00:00:00','0000-00-00 00:00:00'),(569,'Squeak',1,'0000-00-00 00:00:00','0000-00-00 00:00:00'),(570,'Squirrel',1,'0000-00-00 00:00:00','0000-00-00 00:00:00'),(571,'SR',1,'0000-00-00 00:00:00','0000-00-00 00:00:00'),(572,'S/SL',1,'0000-00-00 00:00:00','0000-00-00 00:00:00'),(573,'Strand',1,'0000-00-00 00:00:00','0000-00-00 00:00:00'),(574,'STATA',1,'0000-00-00 00:00:00','0000-00-00 00:00:00'),(575,'Stateflow',1,'0000-00-00 00:00:00','0000-00-00 00:00:00'),(576,'Subtext',1,'0000-00-00 00:00:00','0000-00-00 00:00:00'),(577,'Suneido',1,'0000-00-00 00:00:00','0000-00-00 00:00:00'),(578,'SuperCollider',1,'0000-00-00 00:00:00','0000-00-00 00:00:00'),(579,'SuperTalk',1,'0000-00-00 00:00:00','0000-00-00 00:00:00'),(580,'SYMPL',1,'0000-00-00 00:00:00','0000-00-00 00:00:00'),(581,'SyncCharts',1,'0000-00-00 00:00:00','0000-00-00 00:00:00'),(582,'SystemVerilog',1,'0000-00-00 00:00:00','0000-00-00 00:00:00'),(583,'T',1,'0000-00-00 00:00:00','0000-00-00 00:00:00'),(584,'TACL',1,'0000-00-00 00:00:00','0000-00-00 00:00:00'),(585,'TACPOL',1,'0000-00-00 00:00:00','0000-00-00 00:00:00'),(586,'TADS',1,'0000-00-00 00:00:00','0000-00-00 00:00:00'),(587,'TAL',1,'0000-00-00 00:00:00','0000-00-00 00:00:00'),(588,'Tcl',1,'0000-00-00 00:00:00','0000-00-00 00:00:00'),(589,'Tea',1,'0000-00-00 00:00:00','0000-00-00 00:00:00'),(590,'TECO',1,'0000-00-00 00:00:00','0000-00-00 00:00:00'),(591,'TELCOMP',1,'0000-00-00 00:00:00','0000-00-00 00:00:00'),(592,'TeX',1,'0000-00-00 00:00:00','0000-00-00 00:00:00'),(593,'TEX',1,'0000-00-00 00:00:00','0000-00-00 00:00:00'),(594,'TIE',1,'0000-00-00 00:00:00','0000-00-00 00:00:00'),(595,'Timber',1,'0000-00-00 00:00:00','0000-00-00 00:00:00'),(596,'TMG',1,'0000-00-00 00:00:00','0000-00-00 00:00:00'),(597,'Tom',1,'0000-00-00 00:00:00','0000-00-00 00:00:00'),(598,'TOM',1,'0000-00-00 00:00:00','0000-00-00 00:00:00'),(599,'Topspeed',1,'0000-00-00 00:00:00','0000-00-00 00:00:00'),(600,'TPU',1,'0000-00-00 00:00:00','0000-00-00 00:00:00'),(601,'Trac',1,'0000-00-00 00:00:00','0000-00-00 00:00:00'),(602,'T-SQL',1,'0000-00-00 00:00:00','0000-00-00 00:00:00'),(603,'TTCN',1,'0000-00-00 00:00:00','0000-00-00 00:00:00'),(604,'Turing',1,'0000-00-00 00:00:00','0000-00-00 00:00:00'),(605,'TUTOR',1,'0000-00-00 00:00:00','0000-00-00 00:00:00'),(606,'TXL',1,'0000-00-00 00:00:00','0000-00-00 00:00:00'),(607,'Ubercode',1,'0000-00-00 00:00:00','0000-00-00 00:00:00'),(608,'UCSD Pascal',1,'0000-00-00 00:00:00','0000-00-00 00:00:00'),(609,'Unicon',1,'0000-00-00 00:00:00','0000-00-00 00:00:00'),(610,'Uniface',1,'0000-00-00 00:00:00','0000-00-00 00:00:00'),(611,'UNITY',1,'0000-00-00 00:00:00','0000-00-00 00:00:00'),(612,'Unix shell',1,'0000-00-00 00:00:00','0000-00-00 00:00:00'),(613,'UnrealScript',1,'0000-00-00 00:00:00','0000-00-00 00:00:00'),(614,'Vala',1,'0000-00-00 00:00:00','0000-00-00 00:00:00'),(615,'VBA',1,'0000-00-00 00:00:00','0000-00-00 00:00:00'),(616,'VBScript',1,'0000-00-00 00:00:00','0000-00-00 00:00:00'),(617,'Verilog',1,'0000-00-00 00:00:00','0000-00-00 00:00:00'),(618,'VHDL',1,'0000-00-00 00:00:00','0000-00-00 00:00:00'),(619,'Visual Basic',1,'0000-00-00 00:00:00','0000-00-00 00:00:00'),(620,'Visual Basic .NET',1,'0000-00-00 00:00:00','0000-00-00 00:00:00'),(621,'Visual C#',1,'0000-00-00 00:00:00','0000-00-00 00:00:00'),(622,'Visual DataFlex',1,'0000-00-00 00:00:00','0000-00-00 00:00:00'),(623,'Visual DialogScript',1,'0000-00-00 00:00:00','0000-00-00 00:00:00'),(624,'Visual FoxPro',1,'0000-00-00 00:00:00','0000-00-00 00:00:00'),(625,'Visual J++',1,'0000-00-00 00:00:00','0000-00-00 00:00:00'),(626,'Visual J#',1,'0000-00-00 00:00:00','0000-00-00 00:00:00'),(627,'Visual Objects',1,'0000-00-00 00:00:00','0000-00-00 00:00:00'),(628,'VSXu',1,'0000-00-00 00:00:00','0000-00-00 00:00:00'),(629,'Vvvv',1,'0000-00-00 00:00:00','0000-00-00 00:00:00'),(630,'WATFIV, WATFOR',1,'0000-00-00 00:00:00','0000-00-00 00:00:00'),(631,'WebDNA',1,'0000-00-00 00:00:00','0000-00-00 00:00:00'),(632,'WebQL',1,'0000-00-00 00:00:00','0000-00-00 00:00:00'),(633,'Winbatch',1,'0000-00-00 00:00:00','0000-00-00 00:00:00'),(634,'X++',1,'0000-00-00 00:00:00','0000-00-00 00:00:00'),(635,'X10',1,'0000-00-00 00:00:00','0000-00-00 00:00:00'),(636,'XBL',1,'0000-00-00 00:00:00','0000-00-00 00:00:00'),(637,'XC (exploits XMOS architecture)',1,'0000-00-00 00:00:00','0000-00-00 00:00:00'),(638,'xHarbour',1,'0000-00-00 00:00:00','0000-00-00 00:00:00'),(639,'XL',1,'0000-00-00 00:00:00','0000-00-00 00:00:00'),(640,'XOTcl',1,'0000-00-00 00:00:00','0000-00-00 00:00:00'),(641,'XPL',1,'0000-00-00 00:00:00','0000-00-00 00:00:00'),(642,'XPL0',1,'0000-00-00 00:00:00','0000-00-00 00:00:00'),(643,'XQuery',1,'0000-00-00 00:00:00','0000-00-00 00:00:00'),(644,'XSB',1,'0000-00-00 00:00:00','0000-00-00 00:00:00'),(645,'XSLT - See XPath',1,'0000-00-00 00:00:00','0000-00-00 00:00:00'),(646,'Yorick',1,'0000-00-00 00:00:00','0000-00-00 00:00:00'),(647,'YQL',1,'0000-00-00 00:00:00','0000-00-00 00:00:00'),(648,'Yoix',1,'0000-00-00 00:00:00','0000-00-00 00:00:00'),(649,'Z notation',1,'0000-00-00 00:00:00','0000-00-00 00:00:00'),(650,'Zeno',1,'0000-00-00 00:00:00','0000-00-00 00:00:00'),(651,'ZOPL',1,'0000-00-00 00:00:00','0000-00-00 00:00:00'),(652,'ZPL',1,'0000-00-00 00:00:00','0000-00-00 00:00:00'),(653,'ZZT-oop',1,'0000-00-00 00:00:00','0000-00-00 00:00:00');
/*!40000 ALTER TABLE `programming_languages` ENABLE KEYS */;
UNLOCK TABLES;

--
-- Table structure for table `programming_languages_user`
--

DROP TABLE IF EXISTS `programming_languages_user`;
/*!40101 SET @saved_cs_client     = @@character_set_client */;
/*!40101 SET character_set_client = utf8 */;
CREATE TABLE `programming_languages_user` (
  `id` int(10) unsigned NOT NULL AUTO_INCREMENT,
  `user_id` int(11) NOT NULL,
  `programming_languages_id` int(11) NOT NULL,
  `created_at` datetime NOT NULL,
  `updated_at` datetime NOT NULL,
  PRIMARY KEY (`id`),
  KEY `fk_programming_languages_user_id_idx` (`user_id`),
  KEY `fk_programming_languages_id_idx` (`programming_languages_id`),
  CONSTRAINT `fk_programming_languages_id` FOREIGN KEY (`programming_languages_id`) REFERENCES `programming_languages` (`id`) ON DELETE NO ACTION ON UPDATE NO ACTION,
  CONSTRAINT `fk_programming_languages_user_id` FOREIGN KEY (`user_id`) REFERENCES `rbac_usuarios` (`id`) ON DELETE NO ACTION ON UPDATE NO ACTION
) ENGINE=InnoDB DEFAULT CHARSET=latin1;
/*!40101 SET character_set_client = @saved_cs_client */;

--
-- Dumping data for table `programming_languages_user`
--

LOCK TABLES `programming_languages_user` WRITE;
/*!40000 ALTER TABLE `programming_languages_user` DISABLE KEYS */;
/*!40000 ALTER TABLE `programming_languages_user` ENABLE KEYS */;
UNLOCK TABLES;

--
-- Table structure for table `rbac_menu_opciones`
--

DROP TABLE IF EXISTS `rbac_menu_opciones`;
/*!40101 SET @saved_cs_client     = @@character_set_client */;
/*!40101 SET character_set_client = utf8 */;
CREATE TABLE `rbac_menu_opciones` (
  `id` int(11) NOT NULL AUTO_INCREMENT,
  `menu_id` int(11) NOT NULL,
  `descripcion` varchar(100) CHARACTER SET latin1 NOT NULL,
  `opcion` varchar(100) CHARACTER SET latin1 NOT NULL,
  `url` varchar(255) CHARACTER SET latin1 DEFAULT NULL,
  `url_tipo` smallint(6) DEFAULT NULL,
  `categoria` varchar(20) CHARACTER SET latin1 DEFAULT NULL,
  `estatus` smallint(6) NOT NULL DEFAULT '1',
  `orden` smallint(6) NOT NULL,
  `icono` varchar(50) CHARACTER SET latin1 DEFAULT NULL,
  `jerarquia` int(11) NOT NULL DEFAULT '0',
  `registro_fecha` date NOT NULL,
  `registro_hora` time DEFAULT NULL,
  `modificado_fecha` date NOT NULL,
  `modificado_hora` time DEFAULT NULL,
  `secuencia` smallint(6) NOT NULL DEFAULT '1',
  PRIMARY KEY (`id`,`menu_id`),
  KEY `fk_rbac_menu_opciones_rbac_menus1_idx` (`menu_id`),
  CONSTRAINT `fk_rbac_menu_opciones_rbac_menus1` FOREIGN KEY (`menu_id`) REFERENCES `rbac_menus` (`id`) ON DELETE NO ACTION ON UPDATE NO ACTION
) ENGINE=InnoDB AUTO_INCREMENT=164 DEFAULT CHARSET=utf8 COLLATE=utf8_spanish_ci;
/*!40101 SET character_set_client = @saved_cs_client */;

--
-- Dumping data for table `rbac_menu_opciones`
--

LOCK TABLES `rbac_menu_opciones` WRITE;
/*!40000 ALTER TABLE `rbac_menu_opciones` DISABLE KEYS */;
INSERT INTO `rbac_menu_opciones` VALUES (1,1,'Inicio','index',NULL,NULL,'main',1,1,NULL,1,'2015-08-26','12:00:00','2015-08-26','12:00:00',1),(2,2,'Administracion','index',NULL,NULL,'main',1,1,NULL,1,'2015-08-26','12:00:00','2015-08-26','12:00:00',1),(6,6,'Archivos','index',NULL,NULL,'main',1,1,NULL,1,'2015-08-26','12:00:00','2015-08-26','12:00:00',1),(8,8,'Mi Cuenta','index',NULL,NULL,'main',1,1,NULL,1,'2015-08-26','12:00:00','2015-08-26','12:00:00',1),(10,10,'Roles','index',NULL,NULL,'main',1,1,NULL,1,'2015-08-26','12:00:00','2015-08-26','12:00:00',1),(19,19,'Subir archivos','index',NULL,NULL,'main',1,1,NULL,1,'2015-08-26','12:00:00','2015-08-26','12:00:00',1),(32,32,'Perfil','index',NULL,NULL,'main',1,1,NULL,1,'2015-08-26','12:00:00','2015-08-26','12:00:00',1),(33,33,'Cambio de Contraseña','cambio_clave',NULL,NULL,'main',1,1,NULL,1,'2015-08-26','12:00:00','2015-08-26','12:00:00',1),(34,34,'Cerrar Sesion','cerrar_sesion',NULL,NULL,'main',1,1,NULL,1,'2015-08-26','12:00:00','2015-08-26','12:00:00',1),(35,35,'Software Houses','index','',NULL,'main',1,1,'',1,'2015-10-24','12:00:00','2015-10-24','12:00:00',1),(36,36,'Configuracion','index','',NULL,'main',1,1,'',1,'2015-10-28','16:30:03','2015-10-28','16:30:03',1),(37,37,'menu_items','index','roles/menus',NULL,'main',1,1,'',1,'2015-10-28','16:30:03','2015-10-28','16:30:03',1),(38,38,'menu_acciones','index','roles/menuOpciones',NULL,'main',1,2,'',1,'2015-10-29','09:19:36','2015-10-29','09:19:36',1),(39,39,'rol_menu_acciones','index','roles/rolesOpciones',NULL,'main',1,3,'',1,'2015-10-29','09:56:58','2015-10-29','09:56:58',1),(40,40,'rol_usuario_accion','index','roles/rolesOpcionesUsuarios',NULL,'main',1,4,'',1,'2015-10-29','10:15:14','2015-10-29','10:15:14',1),(41,2,'Registrar','create',NULL,NULL,'main',1,1,NULL,0,'2015-08-26','12:00:00','2015-08-26','12:00:00',1),(42,2,'Editar','update',NULL,NULL,'main',1,1,NULL,0,'2015-08-26','12:00:00','2015-08-26','12:00:00',1),(43,2,'Accesos','menu',NULL,NULL,'main',1,1,NULL,0,'2015-08-26','12:00:00','2015-08-26','12:00:00',1),(44,2,'Eliminar','delete',NULL,NULL,'main',1,1,NULL,0,'2015-08-26','12:00:00','2015-08-26','12:00:00',1),(45,2,'Detalle','view',NULL,NULL,'main',1,1,NULL,0,'2015-08-26','12:00:00','2015-08-26','12:00:00',1),(46,10,'Registrar','create',NULL,NULL,'main',1,1,NULL,0,'2015-08-26','12:00:00','2015-08-26','12:00:00',1),(47,10,'Editar','update',NULL,NULL,'main',1,1,NULL,0,'2015-08-26','12:00:00','2015-08-26','12:00:00',1),(48,10,'Accesos','menu',NULL,NULL,'main',1,1,NULL,0,'2015-08-26','12:00:00','2015-08-26','12:00:00',1),(49,10,'Eliminar','delete',NULL,NULL,'main',1,1,NULL,0,'2015-08-26','12:00:00','2015-08-26','12:00:00',1),(50,10,'Detalle','view',NULL,NULL,'main',1,1,NULL,0,'2015-08-26','12:00:00','2015-08-26','12:00:00',1),(51,6,'Registrar','create',NULL,NULL,'main',1,1,NULL,0,'2015-08-26','12:00:00','2015-08-26','12:00:00',1),(52,6,'Editar','update',NULL,NULL,'main',1,1,NULL,0,'2015-08-26','12:00:00','2015-08-26','12:00:00',1),(53,6,'Accesos','menu',NULL,NULL,'main',1,1,NULL,0,'2015-08-26','12:00:00','2015-08-26','12:00:00',1),(54,6,'Eliminar','delete',NULL,NULL,'main',1,1,NULL,0,'2015-08-26','12:00:00','2015-08-26','12:00:00',1),(55,6,'Detalle','view',NULL,NULL,'main',1,1,NULL,0,'2015-08-26','12:00:00','2015-08-26','12:00:00',1),(56,37,'Registrar','create',NULL,NULL,'main',1,1,NULL,0,'2015-08-26','12:00:00','2015-08-26','12:00:00',1),(57,37,'Editar','update',NULL,NULL,'main',1,1,NULL,0,'2015-08-26','12:00:00','2015-08-26','12:00:00',1),(58,37,'Accesos','menu',NULL,NULL,'main',1,1,NULL,0,'2015-08-26','12:00:00','2015-08-26','12:00:00',1),(59,37,'Eliminar','delete',NULL,NULL,'main',1,1,NULL,0,'2015-08-26','12:00:00','2015-08-26','12:00:00',1),(60,37,'Detalle','view',NULL,NULL,'main',1,1,NULL,0,'2015-08-26','12:00:00','2015-08-26','12:00:00',1),(61,38,'Registrar','create',NULL,NULL,'main',1,1,NULL,0,'2015-08-26','12:00:00','2015-08-26','12:00:00',1),(62,38,'Editar','update',NULL,NULL,'main',1,1,NULL,0,'2015-08-26','12:00:00','2015-08-26','12:00:00',1),(63,38,'Accesos','menu',NULL,NULL,'main',1,1,NULL,0,'2015-08-26','12:00:00','2015-08-26','12:00:00',1),(64,38,'Eliminar','delete',NULL,NULL,'main',1,1,NULL,0,'2015-08-26','12:00:00','2015-08-26','12:00:00',1),(65,38,'Detalle','view',NULL,NULL,'main',1,1,NULL,0,'2015-08-26','12:00:00','2015-08-26','12:00:00',1),(66,39,'Registrar','create',NULL,NULL,'main',1,1,NULL,0,'2015-08-26','12:00:00','2015-08-26','12:00:00',1),(67,39,'Editar','update',NULL,NULL,'main',1,1,NULL,0,'2015-08-26','12:00:00','2015-08-26','12:00:00',1),(68,39,'Accesos','menu',NULL,NULL,'main',1,1,NULL,0,'2015-08-26','12:00:00','2015-08-26','12:00:00',1),(69,39,'Eliminar','delete',NULL,NULL,'main',1,1,NULL,0,'2015-08-26','12:00:00','2015-08-26','12:00:00',1),(70,39,'Detalle','view',NULL,NULL,'main',1,1,NULL,0,'2015-08-26','12:00:00','2015-08-26','12:00:00',1),(71,40,'Registrar','create',NULL,NULL,'main',1,1,NULL,0,'2015-08-26','12:00:00','2015-08-26','12:00:00',1),(72,40,'Editar','update',NULL,NULL,'main',1,1,NULL,0,'2015-08-26','12:00:00','2015-08-26','12:00:00',1),(73,40,'Accesos','menu',NULL,NULL,'main',1,1,NULL,0,'2015-08-26','12:00:00','2015-08-26','12:00:00',1),(74,40,'Eliminar','delete',NULL,NULL,'main',1,1,NULL,0,'2015-08-26','12:00:00','2015-08-26','12:00:00',1),(75,40,'Detalle','view',NULL,NULL,'main',1,1,NULL,0,'2015-08-26','12:00:00','2015-08-26','12:00:00',1),(76,35,'Registrar','create',NULL,NULL,'main',1,1,NULL,0,'2015-08-26','12:00:00','2015-08-26','12:00:00',1),(77,35,'Editar','update',NULL,NULL,'main',1,1,NULL,0,'2015-08-26','12:00:00','2015-08-26','12:00:00',1),(78,35,'Accesos','menu',NULL,NULL,'main',1,1,NULL,0,'2015-08-26','12:00:00','2015-08-26','12:00:00',1),(79,35,'Eliminar','delete',NULL,NULL,'main',1,1,NULL,0,'2015-08-26','12:00:00','2015-08-26','12:00:00',1),(80,35,'Detalle','view',NULL,NULL,'main',1,1,NULL,0,'2015-08-26','12:00:00','2015-08-26','12:00:00',1),(86,19,'Registrar','create',NULL,NULL,'main',1,1,NULL,0,'2015-08-26','12:00:00','2015-08-26','12:00:00',1),(87,19,'Editar','update',NULL,NULL,'main',1,1,NULL,0,'2015-08-26','12:00:00','2015-08-26','12:00:00',1),(88,19,'Accesos','menu',NULL,NULL,'main',1,1,NULL,0,'2015-08-26','12:00:00','2015-08-26','12:00:00',1),(89,19,'Eliminar','delete',NULL,NULL,'main',1,1,NULL,0,'2015-08-26','12:00:00','2015-08-26','12:00:00',1),(90,19,'Detalle','view',NULL,NULL,'main',1,1,NULL,0,'2015-08-26','12:00:00','2015-08-26','12:00:00',1),(91,6,'Subir Archivo','upload',NULL,NULL,'main',1,1,NULL,0,'2015-08-26','12:00:00','2015-08-26','12:00:00',1),(92,6,'Descargar Archivo','download',NULL,NULL,'main',1,1,NULL,0,'2015-08-26','12:00:00','2015-08-26','12:00:00',1),(93,1,'Icono Home','home',NULL,NULL,'main',1,1,NULL,0,'2015-08-26','12:00:00','2015-08-26','12:00:00',1),(94,1,'Icono Usuario','usuario',NULL,NULL,'main',1,1,NULL,0,'2015-08-26','12:00:00','2015-08-26','12:00:00',1),(95,1,'Archivos Utilitarios','archivos',NULL,NULL,'main',1,1,NULL,0,'2015-08-26','12:00:00','2015-08-26','12:00:00',1),(96,1,'Archivos Utilitarios','utilitarios',NULL,NULL,'main',1,1,NULL,0,'2015-08-26','12:00:00','2015-08-26','12:00:00',1),(97,1,'Archivos desarrollador','desarrolladores',NULL,NULL,'main',1,1,NULL,0,'2015-08-26','12:00:00','2015-08-26','12:00:00',1),(98,1,'Configuracion','configuracion',NULL,NULL,'main',1,1,NULL,0,'2015-08-26','12:00:00','2015-08-26','12:00:00',1),(99,1,'Casas Software','casasSoftware',NULL,NULL,'main',1,1,NULL,0,'2015-08-26','12:00:00','2015-08-26','12:00:00',1),(100,1,'Administracion','administracion',NULL,NULL,'main',1,1,NULL,0,'2015-08-26','12:00:00','2015-08-26','12:00:00',1),(101,1,'Roles','roles',NULL,NULL,'main',1,1,NULL,0,'2015-08-26','12:00:00','2015-08-26','12:00:00',1),(102,6,'Estatus','estatus',NULL,NULL,'main',1,1,NULL,0,'2015-08-26','12:00:00','2015-08-26','12:00:00',1),(117,41,'Operaciones Fiscales','index',NULL,NULL,'main',1,1,NULL,1,'2015-08-26','12:00:00','2015-08-26','12:00:00',1),(119,41,'Registrar','create',NULL,NULL,'main',1,1,NULL,0,'2015-08-26','12:00:00','2015-08-26','12:00:00',1),(120,41,'Editar','update',NULL,NULL,'main',1,1,NULL,0,'2015-08-26','12:00:00','2015-08-26','12:00:00',1),(121,41,'Accesos','menu',NULL,NULL,'main',1,1,NULL,0,'2015-08-26','12:00:00','2015-08-26','12:00:00',1),(122,41,'Eliminar','delete',NULL,NULL,'main',1,1,NULL,0,'2015-08-26','12:00:00','2015-08-26','12:00:00',1),(123,41,'Detalle','view',NULL,NULL,'main',1,1,NULL,0,'2015-08-26','12:00:00','2015-08-26','12:00:00',1),(124,43,'Maquinas','index',NULL,NULL,'main',1,1,NULL,1,'2015-08-26','12:00:00','2015-08-26','12:00:00',1),(126,43,'Registrar','create',NULL,NULL,'main',1,1,NULL,0,'2015-08-26','12:00:00','2015-08-26','12:00:00',1),(127,1,'Maquinas','maquinas',NULL,NULL,'main',1,1,NULL,0,'2015-08-26','12:00:00','2015-08-26','12:00:00',1),(128,1,'Operaciones Fiscales','operacionesFiscales',NULL,NULL,'main',1,1,NULL,0,'2015-08-26','12:00:00','2015-08-26','12:00:00',1),(129,44,'Reportes','index',NULL,NULL,'main',1,1,NULL,1,'2015-08-26','12:00:00','2015-08-26','12:00:00',1),(130,45,'Reporte Enajenaciones','index',NULL,NULL,'main',1,1,NULL,1,'2015-08-26','12:00:00','2015-08-26','12:00:00',1),(131,1,'Reporte Enajenaciones','reporteenajenaciones',NULL,NULL,'main',1,1,NULL,0,'2015-08-26','12:00:00','2015-08-26','12:00:00',1),(132,46,'Reporte Distribuidores','index',NULL,NULL,'main',1,1,NULL,1,'2015-08-26','12:00:00','2015-08-26','12:00:00',1),(133,1,'Reporte Distribuidores','reportedistribuidores',NULL,NULL,'main',1,1,NULL,0,'2015-08-26','12:00:00','2015-08-26','12:00:00',1),(134,46,'Registrar','create',NULL,NULL,'main',1,1,NULL,0,'2015-08-26','12:00:00','2015-08-26','12:00:00',1),(135,46,'Editar','update',NULL,NULL,'main',1,1,NULL,0,'2015-08-26','12:00:00','2015-08-26','12:00:00',1),(136,46,'Accesos','menu',NULL,NULL,'main',1,1,NULL,0,'2015-08-26','12:00:00','2015-08-26','12:00:00',1),(137,46,'Eliminar','delete',NULL,NULL,'main',1,1,NULL,0,'2015-08-26','12:00:00','2015-08-26','12:00:00',1),(138,46,'Detalle','view',NULL,NULL,'main',1,1,NULL,0,'2015-08-26','12:00:00','2015-08-26','12:00:00',1),(139,47,'Reporte Técnicos','index',NULL,NULL,'main',1,1,NULL,1,'2015-08-26','12:00:00','2015-08-26','12:00:00',1),(140,47,'Registrar','create',NULL,NULL,'main',1,1,NULL,0,'2015-08-26','12:00:00','2015-08-26','12:00:00',1),(141,47,'Editar','update',NULL,NULL,'main',1,1,NULL,0,'2015-08-26','12:00:00','2015-08-26','12:00:00',1),(142,47,'Accesos','menu',NULL,NULL,'main',1,1,NULL,0,'2015-08-26','12:00:00','2015-08-26','12:00:00',1),(143,47,'Eliminar','delete',NULL,NULL,'main',1,1,NULL,0,'2015-08-26','12:00:00','2015-08-26','12:00:00',1),(144,47,'Detalle','view',NULL,NULL,'main',1,1,NULL,0,'2015-08-26','12:00:00','2015-08-26','12:00:00',1),(145,48,'Servicio Tecnico','index',NULL,NULL,'main',1,1,NULL,1,'2015-08-26','12:00:00','2015-08-26','12:00:00',1),(146,49,'Crear Orden','index',NULL,NULL,'main',1,1,NULL,1,'2015-08-26','12:00:00','2015-08-26','12:00:00',1),(147,50,'Consultar Historico','index',NULL,NULL,'main',1,1,NULL,1,'2015-08-26','12:00:00','2015-08-26','12:00:00',1),(148,51,'Reportes','index',NULL,NULL,'main',1,1,NULL,1,'2015-08-26','12:00:00','2015-08-26','12:00:00',1),(149,49,'Registrar','create',NULL,NULL,'main',1,1,NULL,0,'2015-08-26','12:00:00','2015-08-26','12:00:00',1),(150,49,'Editar','update',NULL,NULL,'main',1,1,NULL,0,'2015-08-26','12:00:00','2015-08-26','12:00:00',1),(151,49,'Accesos','menu',NULL,NULL,'main',1,1,NULL,0,'2015-08-26','12:00:00','2015-08-26','12:00:00',1),(152,49,'Eliminar','delete',NULL,NULL,'main',1,1,NULL,0,'2015-08-26','12:00:00','2015-08-26','12:00:00',1),(153,49,'Detalle','view',NULL,NULL,'main',1,1,NULL,0,'2015-08-26','12:00:00','2015-08-26','12:00:00',1),(154,50,'Registrar','create',NULL,NULL,'main',1,1,NULL,0,'2015-08-26','12:00:00','2015-08-26','12:00:00',1),(155,50,'Editar','update',NULL,NULL,'main',1,1,NULL,0,'2015-08-26','12:00:00','2015-08-26','12:00:00',1),(156,50,'Accesos','menu',NULL,NULL,'main',1,1,NULL,0,'2015-08-26','12:00:00','2015-08-26','12:00:00',1),(157,50,'Eliminar','delete',NULL,NULL,'main',1,1,NULL,0,'2015-08-26','12:00:00','2015-08-26','12:00:00',1),(158,50,'Detalle','view',NULL,NULL,'main',1,1,NULL,0,'2015-08-26','12:00:00','2015-08-26','12:00:00',1),(159,51,'Registrar','create',NULL,NULL,'main',1,1,NULL,0,'2015-08-26','12:00:00','2015-08-26','12:00:00',1),(160,51,'Editar','update',NULL,NULL,'main',1,1,NULL,0,'2015-08-26','12:00:00','2015-08-26','12:00:00',1),(161,51,'Accesos','menu',NULL,NULL,'main',1,1,NULL,0,'2015-08-26','12:00:00','2015-08-26','12:00:00',1),(162,51,'Eliminar','delete',NULL,NULL,'main',1,1,NULL,0,'2015-08-26','12:00:00','2015-08-26','12:00:00',1),(163,51,'Detalle','view',NULL,NULL,'main',1,1,NULL,0,'2015-08-26','12:00:00','2015-08-26','12:00:00',1);
/*!40000 ALTER TABLE `rbac_menu_opciones` ENABLE KEYS */;
UNLOCK TABLES;

--
-- Table structure for table `rbac_menus`
--

DROP TABLE IF EXISTS `rbac_menus`;
/*!40101 SET @saved_cs_client     = @@character_set_client */;
/*!40101 SET character_set_client = utf8 */;
CREATE TABLE `rbac_menus` (
  `id` int(11) NOT NULL AUTO_INCREMENT,
  `descripcion` varchar(100) CHARACTER SET latin1 NOT NULL,
  `url` varchar(255) CHARACTER SET latin1 DEFAULT NULL,
  `url_tipo` smallint(6) DEFAULT NULL,
  `categoria` varchar(20) CHARACTER SET latin1 DEFAULT NULL,
  `estatus` smallint(6) NOT NULL DEFAULT '1',
  `orden` smallint(6) NOT NULL,
  `icono` varchar(50) CHARACTER SET latin1 DEFAULT NULL,
  `modulo` varchar(30) CHARACTER SET latin1 NOT NULL,
  `jerarquia` int(11) NOT NULL DEFAULT '0',
  `registro_fecha` date NOT NULL,
  `registro_hora` time DEFAULT NULL,
  `modificado_fecha` date NOT NULL,
  `modificado_hora` time DEFAULT NULL,
  `secuencia` smallint(6) NOT NULL DEFAULT '1',
  PRIMARY KEY (`id`)
) ENGINE=InnoDB AUTO_INCREMENT=52 DEFAULT CHARSET=utf8 COLLATE=utf8_spanish_ci;
/*!40101 SET character_set_client = @saved_cs_client */;

--
-- Dumping data for table `rbac_menus`
--

LOCK TABLES `rbac_menus` WRITE;
/*!40000 ALTER TABLE `rbac_menus` DISABLE KEYS */;
INSERT INTO `rbac_menus` VALUES (1,'Raíz','site/index',0,'main',1,1,'<i class=\"fa fa-home\"></i>','home',0,'2015-08-26','12:00:00','2015-08-26','12:00:00',1),(2,'Usuarios','roles/usuarios',0,'main',1,3,'<i class=\"fa fa-cog\"></i>','usuarios',0,'2015-08-26','12:00:00','2015-08-26','12:00:00',1),(6,'Descargas & Utiltarios','filesmanage/Downloads/index',0,'main',1,3,'<i class=\"fa fa-files-o\"></i>','filesmanage',0,'2015-08-26','12:00:00','2015-08-26','12:00:00',1),(8,'Mi Cuenta','micuenta',0,'main',0,6,NULL,'usuarios',0,'2015-08-26','12:00:00','2015-08-26','12:00:00',1),(10,'Roles','roles/roles',0,'main',1,1,'<i class=\"fa fa-unlock\"></i>','roles',36,'2015-08-26','12:00:00','2015-08-26','12:00:00',1),(19,'Archivos Desarrollador','filesmanage/default/developers',0,'main',0,1,'<i class=\"fa fa-arrow-down\"></i>','filesmanage',6,'2015-08-26','12:00:00','2015-08-26','12:00:00',1),(32,'Perfil','perfil',0,'main',0,8,NULL,'perfil',8,'2015-08-26','12:00:00','2015-08-26','12:00:00',1),(33,'Cambio de Contraseña','cambio',0,'main',0,8,NULL,'perfil_cambio_clave',8,'2015-08-26','12:00:00','2015-08-26','12:00:00',1),(34,'Cerrar Sesión','site/logout',0,'main',1,8,NULL,'ccerrar_sesion',0,'2015-08-26','12:00:00','2015-08-26','12:00:00',1),(35,'Casas de software integradas','softwarehouses/softwarehouses',0,'main',1,3,'<i class=\"fa fa-gears\"></i>','softwarehouses',0,'2015-10-24','12:00:00','2015-10-24','01:00:00',1),(36,'Configuración','roles/menus',0,'main',1,3,'<i class=\"fa fa-reorder\"></i>','roles',0,'2015-10-28','16:27:16','2015-10-28','16:27:16',1),(37,'Menu Items','roles/menus',0,'main',1,1,'<i class=\"fa   fa-sitemap\"></i>','roles',36,'2015-10-28','16:44:25','2015-10-28','16:44:25',1),(38,'Menu Acciones','roles/menuOpciones',0,'main',1,2,'<i class=\"fa    fa-bolt\"></i>','roles',36,'2015-10-29','09:16:15','2015-10-29','09:16:15',1),(39,'Rol Menu Acciones','roles/rolesOpciones',0,'main',1,3,'<i class=\"fa fa-edit\"></i>','roles',36,'2015-10-29','09:55:30','2015-10-29','09:55:30',1),(40,'Rol Usuario Accion','roles/rolesOpcionesUsuarios',0,'main',1,4,'<i class=\"fa fa-user\"></i>','roles',36,'2015-10-29','10:13:35','2015-10-29','10:13:35',1),(41,'Operaciones Fiscales','fiscalizacion/operations/create',0,'main',1,2,'<i class=\"fa fa-user\"></i>','operations',0,'2015-10-29','10:13:35','2015-10-29','10:13:35',1),(43,'Maquinas','seriales/machines/index',0,'main',1,2,'<i class=\"fa fa-print\"></i>','seriales',0,'2015-10-29','10:13:35','2015-10-29','10:13:35',1),(44,'Reportes','fiscalizacion/FicalizedMachines/index',0,'main',1,2,'<i class=\"fa fa-bar-chart\"></i>','reportes',0,'2015-10-29','10:13:35','2015-10-29','10:13:35',1),(45,'Reportes Enajenaciones','fiscalizacion/FicalizedMachines',0,'main',1,1,'<i class=\"fa fa-unlock\"></i>','reporteEnajenacion',44,'2015-08-26','12:00:00','2015-08-26','12:00:00',1),(46,'Reportes Distribuidores','reportes/Distribuidores',0,'main',1,2,'<i class=\"fa fa-file\"></i>','reporteDistribuidores',44,'2015-08-26','12:00:00','2015-08-26','12:00:00',1),(47,'Reportes Técnicos','reportes/Tecnicos',0,'main',1,3,'<i class=\"fa fa-briefcase\"></i>','reporteTecnicos',44,'2015-08-26','12:00:00','2015-08-26','12:00:00',1),(48,'Servicio Técnico','servicioTecnico',0,'main',1,2,'<i class=\"fa fa-bar-chart\"></i>','servicioTecnico',0,'2016-08-09','04:30:19','2016-08-09','04:30:19',1),(49,'Crear Orden','servicioTecnico/OrdenServicio/create',0,'main',1,1,NULL,'servicioTecnico',48,'2016-08-09','04:30:19','2016-08-09','04:30:19',1),(50,'Consultar Historico','servicioTecnico/HistorialOrdenes',0,'main',1,2,NULL,'servicioTecnico',48,'2016-08-09','04:30:19','2016-08-09','04:30:19',1),(51,'Reportes','servicioTecnico/HistorialOrdenes',0,'main',1,3,NULL,'servicioTecnico',48,'2016-08-09','04:30:19','2016-08-09','04:30:19',1);
/*!40000 ALTER TABLE `rbac_menus` ENABLE KEYS */;
UNLOCK TABLES;

--
-- Table structure for table `rbac_roles`
--

DROP TABLE IF EXISTS `rbac_roles`;
/*!40101 SET @saved_cs_client     = @@character_set_client */;
/*!40101 SET character_set_client = utf8 */;
CREATE TABLE `rbac_roles` (
  `id` int(11) NOT NULL AUTO_INCREMENT,
  `descripcion` varchar(100) CHARACTER SET latin1 NOT NULL,
  `estatus` smallint(6) NOT NULL DEFAULT '1',
  `registro_fecha` date NOT NULL,
  `registro_hora` time DEFAULT NULL,
  `registro_usuario_id` int(11) NOT NULL,
  `modificado_fecha` date NOT NULL,
  `modificado_hora` time DEFAULT NULL,
  `modificado_usuario_id` int(11) NOT NULL,
  `principal` smallint(6) NOT NULL DEFAULT '0',
  `secuencia` smallint(6) NOT NULL DEFAULT '1',
  PRIMARY KEY (`id`)
) ENGINE=InnoDB AUTO_INCREMENT=9 DEFAULT CHARSET=utf8 COLLATE=utf8_spanish_ci;
/*!40101 SET character_set_client = @saved_cs_client */;

--
-- Dumping data for table `rbac_roles`
--

LOCK TABLES `rbac_roles` WRITE;
/*!40000 ALTER TABLE `rbac_roles` DISABLE KEYS */;
INSERT INTO `rbac_roles` VALUES (1,'ROOT',1,'2015-08-13','11:00:00',4,'2015-08-13','11:00:00',1,1,1),(2,'Super Administrador',1,'2015-08-13','11:00:00',4,'2015-08-13','11:00:00',1,0,1),(3,'Distribuidor',1,'2015-08-13','11:00:00',4,'2015-08-13','11:00:00',1,0,1),(4,'Soporte',1,'2015-08-13','11:00:00',4,'2015-08-13','11:00:00',1,0,1),(5,'Distribuidor/Programador',1,'2015-08-13','11:00:00',4,'2015-08-13','11:00:00',1,1,1),(6,'Programador',1,'2015-10-17','10:33:10',4,'2015-10-17','10:33:10',1,1,1),(7,'Prueba',1,'2015-11-03','08:28:30',16,'2015-11-03','08:28:30',16,1,1),(8,'Técnico',1,'2015-11-03','08:28:30',4,'2015-11-03','08:28:30',1,1,1);
/*!40000 ALTER TABLE `rbac_roles` ENABLE KEYS */;
UNLOCK TABLES;

--
-- Table structure for table `rbac_roles_opciones`
--

DROP TABLE IF EXISTS `rbac_roles_opciones`;
/*!40101 SET @saved_cs_client     = @@character_set_client */;
/*!40101 SET character_set_client = utf8 */;
CREATE TABLE `rbac_roles_opciones` (
  `id` int(11) NOT NULL AUTO_INCREMENT,
  `rol_id` int(11) NOT NULL,
  `menu_opcion_id` int(11) NOT NULL,
  `estatus` smallint(6) NOT NULL DEFAULT '1',
  `registro_fecha` date NOT NULL,
  `registro_hora` time DEFAULT NULL,
  `registro_usuario_id` int(11) NOT NULL,
  `modificado_fecha` date NOT NULL,
  `modificado_hora` time DEFAULT NULL,
  `modificado_usuario_id` int(11) NOT NULL,
  `secuencia` smallint(6) NOT NULL DEFAULT '1',
  PRIMARY KEY (`id`,`rol_id`),
  KEY `fk_rbac_roles_opciones_rbac_roles_idx` (`rol_id`),
  KEY `fk_rbac_roles_opciones2_rbac_menu_opciones` (`menu_opcion_id`),
  CONSTRAINT `fk_rbac_roles_opciones2_rbac_menu_opciones` FOREIGN KEY (`menu_opcion_id`) REFERENCES `rbac_menu_opciones` (`id`) ON DELETE NO ACTION ON UPDATE NO ACTION,
  CONSTRAINT `fk_rbac_roles_opciones_rbac_roles` FOREIGN KEY (`rol_id`) REFERENCES `rbac_roles` (`id`)
) ENGINE=InnoDB AUTO_INCREMENT=484 DEFAULT CHARSET=utf8 COLLATE=utf8_spanish_ci;
/*!40101 SET character_set_client = @saved_cs_client */;

--
-- Dumping data for table `rbac_roles_opciones`
--

LOCK TABLES `rbac_roles_opciones` WRITE;
/*!40000 ALTER TABLE `rbac_roles_opciones` DISABLE KEYS */;
INSERT INTO `rbac_roles_opciones` VALUES (236,2,1,1,'2015-08-26','15:21:59',1,'2016-08-10','09:34:12',1,1),(237,2,2,1,'2015-08-26','15:21:59',1,'2016-08-10','09:34:12',1,1),(239,2,10,1,'2015-08-26','15:21:59',1,'2016-08-10','09:34:12',1,1),(240,2,6,1,'2015-08-26','15:21:59',1,'2016-08-10','09:34:12',1,1),(241,2,19,0,'2015-08-26','15:21:59',1,'2016-08-10','09:34:12',1,1),(243,2,8,0,'2015-08-26','15:21:59',1,'2016-08-10','09:34:12',1,1),(244,2,32,0,'2015-08-26','15:21:59',1,'2016-08-10','09:34:12',1,1),(245,2,33,0,'2015-08-26','15:21:59',1,'2016-08-10','09:34:12',1,1),(246,2,34,1,'2015-08-26','15:21:59',1,'2016-08-10','09:34:12',1,1),(247,2,35,1,'2015-08-26','15:21:59',1,'2016-08-10','09:34:12',1,1),(248,2,36,1,'2015-10-28','16:33:21',1,'2016-08-10','09:34:12',1,1),(249,2,37,1,'2015-10-28','16:33:21',1,'2016-08-10','09:34:12',1,1),(250,2,38,1,'2015-10-29','09:20:38',1,'2016-08-10','09:34:12',1,1),(251,2,39,1,'2015-10-29','09:57:57',1,'2016-08-10','09:34:12',1,1),(252,2,40,1,'2015-10-29','10:16:28',1,'2016-08-10','09:34:12',1,1),(253,7,6,1,'2015-11-03','08:29:17',1,'2015-11-03','08:29:17',1,1),(254,7,19,1,'2015-11-03','08:29:17',1,'2015-11-03','08:29:17',1,1),(256,7,34,1,'2015-11-03','08:29:17',1,'2015-11-03','08:29:17',1,1),(257,4,1,1,'2015-11-03','14:46:18',1,'2016-04-12','09:30:38',1,1),(258,2,41,1,'2015-11-06','11:04:08',1,'2016-08-10','09:34:12',1,1),(259,2,42,1,'2015-11-06','11:04:08',1,'2016-08-10','09:34:12',1,1),(260,2,43,1,'2015-11-06','11:04:08',1,'2016-08-10','09:34:12',1,1),(261,2,44,1,'2015-11-06','11:04:08',1,'2016-08-10','09:34:12',1,1),(262,2,45,1,'2015-11-06','11:04:08',1,'2016-08-10','09:34:12',1,1),(263,2,48,1,'2015-11-06','11:04:08',1,'2016-08-10','09:34:12',1,1),(264,2,49,1,'2015-11-06','11:04:08',1,'2016-08-10','09:34:12',1,1),(265,2,50,1,'2015-11-06','11:04:08',1,'2016-08-10','09:34:12',1,1),(266,2,46,1,'2015-11-06','11:04:08',1,'2016-08-10','09:34:12',1,1),(267,2,47,1,'2015-11-06','11:04:08',1,'2016-08-10','09:34:12',1,1),(268,2,51,1,'2015-11-06','11:04:08',1,'2016-08-10','09:34:12',1,1),(269,2,52,1,'2015-11-06','11:04:08',1,'2016-08-10','09:34:12',1,1),(270,2,53,1,'2015-11-06','11:04:08',1,'2016-08-10','09:34:12',1,1),(271,2,54,1,'2015-11-06','11:04:08',1,'2016-08-10','09:34:12',1,1),(272,2,55,1,'2015-11-06','11:04:08',1,'2016-08-10','09:34:12',1,1),(273,2,90,0,'2015-11-06','11:04:08',1,'2016-08-10','09:34:12',1,1),(274,2,86,0,'2015-11-06','11:04:08',1,'2016-08-10','09:34:12',1,1),(275,2,87,0,'2015-11-06','11:04:08',1,'2016-08-10','09:34:12',1,1),(276,2,88,0,'2015-11-06','11:04:08',1,'2016-08-10','09:34:12',1,1),(277,2,89,0,'2015-11-06','11:04:08',1,'2016-08-10','09:34:12',1,1),(283,2,56,1,'2015-11-06','11:04:08',1,'2016-08-10','09:34:12',1,1),(284,2,57,1,'2015-11-06','11:04:08',1,'2016-08-10','09:34:12',1,1),(285,2,58,1,'2015-11-06','11:04:08',1,'2016-08-10','09:34:12',1,1),(286,2,59,1,'2015-11-06','11:04:08',1,'2016-08-10','09:34:12',1,1),(287,2,60,1,'2015-11-06','11:04:08',1,'2016-08-10','09:34:12',1,1),(288,2,63,1,'2015-11-06','11:04:08',1,'2016-08-10','09:34:12',1,1),(289,2,64,1,'2015-11-06','11:04:08',1,'2016-08-10','09:34:12',1,1),(290,2,65,1,'2015-11-06','11:04:08',1,'2016-08-10','09:34:12',1,1),(291,2,61,1,'2015-11-06','11:04:08',1,'2016-08-10','09:34:12',1,1),(292,2,62,1,'2015-11-06','11:04:08',1,'2016-08-10','09:34:12',1,1),(293,2,70,1,'2015-11-06','11:04:08',1,'2016-08-10','09:34:12',1,1),(294,2,66,1,'2015-11-06','11:04:08',1,'2016-08-10','09:34:12',1,1),(295,2,67,1,'2015-11-06','11:04:08',1,'2016-08-10','09:34:12',1,1),(296,2,68,1,'2015-11-06','11:04:08',1,'2016-08-10','09:34:12',1,1),(297,2,69,1,'2015-11-06','11:04:08',1,'2016-08-10','09:34:12',1,1),(298,2,71,1,'2015-11-06','11:04:08',1,'2016-08-10','09:34:12',1,1),(299,2,72,1,'2015-11-06','11:04:08',1,'2016-08-10','09:34:12',1,1),(300,2,73,1,'2015-11-06','11:04:08',1,'2016-08-10','09:34:12',1,1),(301,2,74,1,'2015-11-06','11:04:08',1,'2016-08-10','09:34:12',1,1),(302,2,75,1,'2015-11-06','11:04:08',1,'2016-08-10','09:34:12',1,1),(303,2,76,1,'2015-11-06','11:04:08',1,'2016-08-10','09:34:12',1,1),(304,2,77,1,'2015-11-06','11:04:08',1,'2016-08-10','09:34:12',1,1),(305,2,78,1,'2015-11-06','11:04:08',1,'2016-08-10','09:34:12',1,1),(306,2,79,1,'2015-11-06','11:04:08',1,'2016-08-10','09:34:12',1,1),(307,2,80,1,'2015-11-06','11:04:08',1,'2016-08-10','09:34:12',1,1),(308,2,91,1,'2015-11-06','15:30:49',1,'2016-08-10','09:34:12',1,1),(309,2,92,1,'2015-11-06','15:30:49',1,'2016-08-10','09:34:12',1,1),(310,2,100,1,'2015-11-11','11:59:05',1,'2016-08-10','09:34:12',1,1),(311,2,93,1,'2015-11-11','11:59:05',1,'2016-08-10','09:34:12',1,1),(312,2,101,1,'2015-11-11','11:59:05',1,'2016-08-10','09:34:12',1,1),(313,2,94,1,'2015-11-11','11:59:05',1,'2016-08-10','09:34:12',1,1),(314,2,95,1,'2015-11-11','11:59:05',1,'2016-08-10','09:34:12',1,1),(315,2,96,1,'2015-11-11','11:59:05',1,'2016-08-10','09:34:12',1,1),(316,2,97,1,'2015-11-11','11:59:05',1,'2016-08-10','09:34:12',1,1),(317,2,98,1,'2015-11-11','11:59:05',1,'2016-08-10','09:34:12',1,1),(318,2,99,1,'2015-11-11','11:59:05',1,'2016-08-10','09:34:12',1,1),(319,4,95,1,'2015-11-16','09:02:21',1,'2016-04-12','09:30:38',1,1),(320,4,96,1,'2015-11-16','09:02:21',1,'2016-04-12','09:30:38',1,1),(321,4,97,1,'2015-11-16','09:02:21',1,'2016-04-12','09:30:38',1,1),(322,4,6,1,'2015-11-16','09:02:21',1,'2016-04-12','09:30:38',1,1),(323,4,55,1,'2015-11-16','09:02:21',1,'2016-04-12','09:30:38',1,1),(324,4,51,1,'2015-11-16','09:02:21',1,'2016-04-12','09:30:38',1,1),(325,4,53,1,'2015-11-16','09:02:21',1,'2016-04-12','09:30:38',1,1),(326,4,19,0,'2015-11-16','09:02:21',1,'2016-04-12','09:30:38',1,1),(327,4,88,0,'2015-11-16','09:02:21',1,'2016-04-12','09:30:38',1,1),(328,4,90,0,'2015-11-16','09:02:21',1,'2016-04-12','09:30:38',1,1),(329,4,86,0,'2015-11-16','09:02:21',1,'2016-04-12','09:30:38',1,1),(332,4,91,1,'2015-11-16','09:02:21',1,'2016-04-12','09:30:38',1,1),(333,4,92,1,'2015-11-16','09:02:21',1,'2016-04-12','09:30:38',1,1),(335,4,35,1,'2015-11-16','09:02:21',1,'2016-04-12','09:30:38',1,1),(336,4,78,0,'2015-11-16','09:02:21',1,'2016-04-12','09:30:38',1,1),(337,4,80,1,'2015-11-16','09:02:21',1,'2016-04-12','09:30:38',1,1),(338,4,76,1,'2015-11-16','09:02:21',1,'2016-04-12','09:30:38',1,1),(339,4,34,1,'2015-11-16','09:02:21',1,'2016-04-12','09:30:38',1,1),(340,4,99,1,'2016-02-11','15:30:22',1,'2016-04-12','09:30:38',1,1),(341,4,41,1,'2016-02-11','15:30:22',1,'2016-04-12','09:30:38',1,1),(342,4,42,1,'2016-02-11','15:30:22',1,'2016-04-12','09:30:38',1,1),(343,4,45,1,'2016-02-11','15:30:22',1,'2016-04-12','09:30:38',1,1),(344,4,77,1,'2016-02-11','15:30:22',1,'2016-04-12','09:30:38',1,1),(345,4,93,1,'2016-02-11','15:36:56',1,'2016-04-12','09:30:38',1,1),(346,4,94,1,'2016-02-11','15:36:56',1,'2016-04-12','09:30:38',1,1),(348,3,95,1,'2016-02-11','15:42:14',1,'2016-04-13','15:56:48',1,1),(349,3,96,1,'2016-02-11','15:42:14',1,'2016-04-13','15:56:48',1,1),(350,3,93,1,'2016-02-11','15:42:14',1,'2016-04-13','15:56:48',1,1),(351,3,55,0,'2016-02-11','15:42:14',1,'2016-04-13','15:56:48',1,1),(352,3,34,1,'2016-02-11','15:42:14',1,'2016-04-13','15:56:48',1,1),(353,4,2,1,'2016-02-11','17:04:47',1,'2016-04-12','09:30:38',1,1),(354,3,1,1,'2016-02-12','08:44:17',1,'2016-04-13','15:56:48',1,1),(355,3,6,1,'2016-02-12','08:44:17',1,'2016-04-13','15:56:48',1,1),(357,3,92,1,'2016-02-12','08:44:17',1,'2016-04-13','15:56:48',1,1),(358,6,1,1,'2016-02-12','08:44:57',1,'2016-03-30','11:31:48',1,1),(359,6,93,1,'2016-02-12','08:44:57',1,'2016-03-30','11:31:48',1,1),(360,6,97,1,'2016-02-12','08:44:57',1,'2016-03-30','11:31:48',1,1),(361,6,34,1,'2016-02-12','08:44:57',1,'2016-03-30','11:31:48',1,1),(362,5,1,1,'2016-02-12','08:45:45',1,'2016-04-12','09:31:11',1,1),(363,5,93,1,'2016-02-12','08:45:45',1,'2016-04-12','09:31:11',1,1),(364,5,95,1,'2016-02-12','08:45:45',1,'2016-04-12','09:31:11',1,1),(365,5,96,1,'2016-02-12','08:45:45',1,'2016-04-12','09:31:11',1,1),(366,5,97,1,'2016-02-12','08:45:45',1,'2016-04-12','09:31:11',1,1),(367,5,2,1,'2016-02-12','08:45:45',1,'2016-04-12','09:31:11',1,1),(369,5,41,1,'2016-02-12','08:45:45',1,'2016-04-12','09:31:11',1,1),(370,5,42,1,'2016-02-12','08:45:45',1,'2016-04-12','09:31:11',1,1),(371,5,45,1,'2016-02-12','08:45:45',1,'2016-04-12','09:31:11',1,1),(372,5,34,1,'2016-02-12','08:45:45',1,'2016-04-12','09:31:11',1,1),(373,5,94,1,'2016-02-12','11:48:44',1,'2016-04-12','09:31:11',1,1),(375,5,92,1,'2016-02-12','11:48:44',1,'2016-04-12','09:31:11',1,1),(377,3,97,1,'2016-02-12','11:49:58',1,'2016-04-13','15:56:48',1,1),(378,3,99,0,'2016-02-12','11:49:58',1,'2016-04-13','15:56:48',1,1),(379,3,100,0,'2016-02-12','11:49:58',1,'2016-04-13','15:56:48',1,1),(380,3,94,1,'2016-02-12','11:49:58',1,'2016-04-13','15:56:48',1,1),(381,3,2,1,'2016-02-12','11:49:58',1,'2016-04-13','15:56:48',1,1),(383,3,42,1,'2016-02-12','11:49:58',1,'2016-04-13','15:56:48',1,1),(384,3,45,1,'2016-02-12','11:49:58',1,'2016-04-13','15:56:48',1,1),(385,3,41,1,'2016-02-12','11:49:58',1,'2016-04-13','15:56:48',1,1),(386,6,96,1,'2016-02-16','11:58:00',1,'2016-03-30','11:31:48',1,1),(387,6,6,1,'2016-02-16','11:58:00',1,'2016-03-30','11:31:48',1,1),(388,6,55,1,'2016-02-16','11:58:00',1,'2016-03-30','11:31:48',1,1),(390,6,92,1,'2016-02-16','11:58:00',1,'2016-03-30','11:31:48',1,1),(391,5,6,1,'2016-02-17','15:54:02',1,'2016-04-12','09:31:11',1,1),(392,5,55,1,'2016-02-17','15:54:02',1,'2016-04-12','09:31:11',1,1),(393,8,1,1,'2016-02-17','15:57:14',1,'2016-07-14','10:29:48',1,1),(394,8,95,1,'2016-02-17','15:57:14',1,'2016-07-14','10:29:48',1,1),(395,8,96,1,'2016-02-17','15:57:14',1,'2016-07-14','10:29:48',1,1),(396,8,93,1,'2016-02-17','15:57:14',1,'2016-07-14','10:29:48',1,1),(397,8,6,1,'2016-02-17','15:57:14',1,'2016-07-14','10:29:48',1,1),(399,8,92,1,'2016-02-17','15:57:14',1,'2016-07-14','10:29:48',1,1),(401,8,34,1,'2016-02-17','15:57:14',1,'2016-07-14','10:29:48',1,1),(402,2,102,1,'2016-03-11','11:19:54',1,'2016-08-10','09:34:12',1,1),(403,2,117,1,'2015-11-06','11:04:08',1,'2016-08-10','09:34:12',1,1),(405,2,119,1,'2016-03-11','14:28:54',1,'2016-08-10','09:34:12',1,1),(406,2,120,0,'2016-03-11','14:28:54',1,'2016-08-10','09:34:12',1,1),(407,2,121,1,'2016-03-11','14:28:54',1,'2016-08-10','09:34:12',1,1),(408,2,122,0,'2016-03-11','14:28:54',1,'2016-08-10','09:34:12',1,1),(409,2,123,1,'2016-03-11','14:28:54',1,'2016-08-10','09:34:12',1,1),(410,5,117,1,'2016-03-17','13:55:09',1,'2016-04-12','09:31:11',1,1),(412,5,120,0,'2016-03-17','13:55:09',1,'2016-04-12','09:31:11',1,1),(413,5,121,0,'2016-03-17','13:55:09',1,'2016-04-12','09:31:11',1,1),(414,5,123,1,'2016-03-17','13:55:09',1,'2016-04-12','09:31:11',1,1),(415,5,119,1,'2016-03-17','13:55:09',1,'2016-04-12','09:31:11',1,1),(416,4,117,1,'2016-03-17','13:55:40',1,'2016-04-12','09:30:38',1,1),(418,4,123,1,'2016-03-17','13:55:40',1,'2016-04-12','09:30:38',1,1),(419,4,119,1,'2016-03-17','13:55:40',1,'2016-04-12','09:30:38',1,1),(420,3,117,1,'2016-03-17','13:56:40',1,'2016-04-13','15:56:48',1,1),(422,3,123,1,'2016-03-17','13:56:40',1,'2016-04-13','15:56:48',1,1),(423,3,119,1,'2016-03-17','13:56:40',1,'2016-04-13','15:56:48',1,1),(424,2,124,1,'2016-03-17','15:12:58',1,'2016-08-10','09:34:12',1,1),(426,2,126,1,'2016-03-28','15:25:55',1,'2016-08-10','09:34:12',1,1),(427,8,117,1,'2016-03-29','14:29:40',1,'2016-07-14','10:29:48',1,1),(428,8,123,1,'2016-03-29','14:29:40',1,'2016-07-14','10:29:48',1,1),(429,8,119,1,'2016-03-29','14:29:40',1,'2016-07-14','10:29:48',1,1),(430,2,127,1,'2016-03-30','11:08:32',1,'2016-08-10','09:34:12',1,1),(431,2,128,1,'2016-03-30','11:08:32',1,'2016-08-10','09:34:12',1,1),(432,4,127,1,'2016-03-30','11:31:22',1,'2016-04-12','09:30:38',1,1),(433,4,128,1,'2016-03-30','11:31:22',1,'2016-04-12','09:30:38',1,1),(434,6,128,1,'2016-03-30','11:31:48',1,'2016-03-30','11:31:48',1,1),(435,4,124,1,'2016-03-30','11:33:06',1,'2016-04-12','09:30:38',1,1),(436,4,126,1,'2016-03-30','11:33:06',1,'2016-04-12','09:30:38',1,1),(437,8,128,1,'2016-03-30','11:39:04',1,'2016-07-14','10:29:48',1,1),(438,3,128,1,'2016-03-30','11:39:37',1,'2016-04-13','15:56:48',1,1),(439,5,128,1,'2016-03-30','11:39:59',1,'2016-04-12','09:31:11',1,1),(440,2,129,1,'2016-03-17','15:12:58',1,'2016-08-10','09:34:12',1,1),(441,2,130,1,'2015-11-06','11:04:08',1,'2016-08-10','09:34:12',1,1),(442,3,129,1,'2016-04-12','09:28:51',1,'2016-04-13','15:56:48',1,1),(443,3,130,1,'2016-04-12','09:28:51',1,'2016-04-13','15:56:48',1,1),(444,4,129,1,'2016-04-12','09:30:38',1,'2016-04-12','09:30:38',1,1),(445,4,130,1,'2016-04-12','09:30:38',1,'2016-04-12','09:30:38',1,1),(446,5,129,1,'2016-04-12','09:31:11',1,'2016-04-12','09:31:11',1,1),(447,5,130,1,'2016-04-12','09:31:11',1,'2016-04-12','09:31:11',1,1),(448,2,131,1,'2016-04-13','15:55:40',1,'2016-08-10','09:34:12',1,1),(449,3,131,1,'2016-04-13','15:56:48',1,'2016-04-13','15:56:48',1,1),(450,2,133,1,'2016-07-08','14:25:10',1,'2016-08-10','09:34:12',1,1),(451,2,132,1,'2016-07-08','14:25:10',1,'2016-08-10','09:34:12',1,1),(452,2,134,1,'2016-07-08','14:25:10',1,'2016-08-10','09:34:12',1,1),(453,2,135,1,'2016-07-08','14:25:10',1,'2016-08-10','09:34:12',1,1),(454,2,136,1,'2016-07-08','14:25:10',1,'2016-08-10','09:34:12',1,1),(455,2,137,1,'2016-07-08','14:25:10',1,'2016-08-10','09:34:12',1,1),(456,2,138,1,'2016-07-08','14:25:10',1,'2016-08-10','09:34:12',1,1),(457,2,139,1,'2016-07-08','14:25:10',1,'2016-08-10','09:34:12',1,1),(458,2,140,1,'2016-07-08','14:25:10',1,'2016-08-10','09:34:12',1,1),(459,2,141,1,'2016-07-08','14:25:10',1,'2016-08-10','09:34:12',1,1),(460,2,142,1,'2016-07-08','14:25:10',1,'2016-08-10','09:34:12',1,1),(461,2,143,1,'2016-07-08','14:25:10',1,'2016-08-10','09:34:12',1,1),(462,2,144,1,'2016-07-08','14:25:10',1,'2016-08-10','09:34:12',1,1),(463,8,130,1,'2016-07-14','10:28:48',1,'2016-07-14','10:29:48',1,1),(464,8,129,1,'2016-07-14','10:29:48',1,'2016-07-14','10:29:48',1,1),(465,2,145,1,'2016-08-09','16:48:01',1,'2016-08-10','09:34:12',1,1),(466,2,146,1,'2016-08-09','16:48:01',1,'2016-08-10','09:34:12',1,1),(467,2,147,1,'2016-08-09','16:48:01',1,'2016-08-10','09:34:12',1,1),(468,2,148,1,'2016-08-09','16:48:01',1,'2016-08-10','09:34:12',1,1),(469,2,152,1,'2016-08-10','09:34:13',1,'2016-08-10','09:34:13',1,1),(470,2,153,1,'2016-08-10','09:34:13',1,'2016-08-10','09:34:13',1,1),(471,2,149,1,'2016-08-10','09:34:13',1,'2016-08-10','09:34:13',1,1),(472,2,150,1,'2016-08-10','09:34:13',1,'2016-08-10','09:34:13',1,1),(473,2,151,1,'2016-08-10','09:34:13',1,'2016-08-10','09:34:13',1,1),(474,2,154,1,'2016-08-10','09:34:13',1,'2016-08-10','09:34:13',1,1),(475,2,155,1,'2016-08-10','09:34:13',1,'2016-08-10','09:34:13',1,1),(476,2,156,1,'2016-08-10','09:34:13',1,'2016-08-10','09:34:13',1,1),(477,2,157,1,'2016-08-10','09:34:13',1,'2016-08-10','09:34:13',1,1),(478,2,158,1,'2016-08-10','09:34:13',1,'2016-08-10','09:34:13',1,1),(479,2,159,1,'2016-08-10','09:34:13',1,'2016-08-10','09:34:13',1,1),(480,2,160,1,'2016-08-10','09:34:13',1,'2016-08-10','09:34:13',1,1),(481,2,161,1,'2016-08-10','09:34:13',1,'2016-08-10','09:34:13',1,1),(482,2,162,1,'2016-08-10','09:34:13',1,'2016-08-10','09:34:13',1,1),(483,2,163,1,'2016-08-10','09:34:13',1,'2016-08-10','09:34:13',1,1);
/*!40000 ALTER TABLE `rbac_roles_opciones` ENABLE KEYS */;
UNLOCK TABLES;

--
-- Table structure for table `rbac_roles_opciones_usuarios`
--

DROP TABLE IF EXISTS `rbac_roles_opciones_usuarios`;
/*!40101 SET @saved_cs_client     = @@character_set_client */;
/*!40101 SET character_set_client = utf8 */;
CREATE TABLE `rbac_roles_opciones_usuarios` (
  `id` int(11) NOT NULL AUTO_INCREMENT,
  `usuario_id` int(11) NOT NULL,
  `rol_opcion_id` int(11) NOT NULL,
  `estatus` smallint(6) NOT NULL DEFAULT '1',
  `registro_fecha` date NOT NULL,
  `registro_hora` time DEFAULT NULL,
  `registro_usuario_id` int(11) NOT NULL,
  `modificado_fecha` date NOT NULL,
  `modificado_hora` time DEFAULT NULL,
  `modificado_usuario_id` int(11) NOT NULL,
  `secuencia` smallint(6) NOT NULL DEFAULT '1',
  PRIMARY KEY (`id`,`rol_opcion_id`,`usuario_id`),
  KEY `fk_rbac_roles_opciones_usuarios_rbac_roles_opciones1_idx` (`rol_opcion_id`),
  KEY `fk_rbac_roles_opciones_usuarios_rbac_usuarios1_idx` (`usuario_id`),
  CONSTRAINT `fk_rbac_roles_opciones_usuarios_rbac_roles_opciones1` FOREIGN KEY (`rol_opcion_id`) REFERENCES `rbac_roles_opciones` (`id`) ON DELETE NO ACTION ON UPDATE NO ACTION,
  CONSTRAINT `fk_rbac_roles_opciones_usuarios_rbac_usuarios1` FOREIGN KEY (`usuario_id`) REFERENCES `rbac_usuarios` (`id`) ON DELETE NO ACTION ON UPDATE NO ACTION
) ENGINE=InnoDB AUTO_INCREMENT=1784 DEFAULT CHARSET=utf8 COLLATE=utf8_spanish_ci;
/*!40101 SET character_set_client = @saved_cs_client */;

--
-- Dumping data for table `rbac_roles_opciones_usuarios`
--

LOCK TABLES `rbac_roles_opciones_usuarios` WRITE;
/*!40000 ALTER TABLE `rbac_roles_opciones_usuarios` DISABLE KEYS */;
INSERT INTO `rbac_roles_opciones_usuarios` VALUES (247,4,236,1,'2015-09-04','09:46:44',1,'2016-08-10','09:34:33',1,1),(248,4,237,1,'2015-09-04','09:46:44',1,'2016-08-10','09:34:33',1,1),(250,4,239,1,'2015-09-04','09:46:44',1,'2016-08-10','09:34:33',1,1),(251,4,240,1,'2015-09-04','09:46:44',1,'2016-08-10','09:34:33',1,1),(252,4,241,0,'2015-09-04','09:46:44',1,'2016-08-10','09:34:33',1,1),(254,4,243,0,'2015-09-04','09:46:44',1,'2016-08-10','09:34:33',1,1),(255,4,244,0,'2015-09-04','09:46:44',1,'2016-08-10','09:34:33',1,1),(256,4,245,0,'2015-09-04','09:46:44',1,'2016-08-10','09:34:33',1,1),(257,4,246,1,'2015-09-04','09:46:44',1,'2016-08-10','09:34:33',1,1),(258,4,247,1,'2015-09-04','09:46:44',1,'2016-08-10','09:34:33',1,1),(259,4,248,1,'2015-10-28','16:35:45',1,'2016-08-10','09:34:33',1,1),(260,4,249,1,'2015-10-28','16:35:45',1,'2016-08-10','09:34:33',1,1),(261,4,250,1,'2015-10-29','09:21:36',1,'2016-08-10','09:34:33',1,1),(262,4,251,1,'2015-10-29','09:58:28',1,'2016-08-10','09:34:33',1,1),(263,4,252,1,'2015-10-29','10:17:08',1,'2016-08-10','09:34:33',1,1),(281,16,236,1,'2015-09-04','09:46:44',1,'2016-07-08','14:31:53',1,1),(282,16,237,1,'2015-09-04','09:46:44',1,'2016-07-08','14:31:53',1,1),(284,16,239,1,'2015-09-04','09:46:44',1,'2016-07-08','14:31:53',1,1),(285,16,240,1,'2015-09-04','09:46:44',1,'2016-07-08','14:31:53',1,1),(286,16,241,0,'2015-09-04','09:46:44',1,'2016-07-08','14:31:53',1,1),(288,16,243,0,'2015-09-04','09:46:44',1,'2016-07-08','14:31:53',1,1),(289,16,244,0,'2015-09-04','09:46:44',1,'2016-07-08','14:31:53',1,1),(290,16,245,0,'2015-09-04','09:46:44',1,'2016-07-08','14:31:53',1,1),(291,16,246,1,'2015-09-04','09:46:44',1,'2016-07-08','14:31:53',1,1),(292,16,247,1,'2015-09-04','09:46:44',1,'2016-07-08','14:31:53',1,1),(293,16,248,1,'2015-10-28','16:35:45',1,'2016-07-08','14:31:53',1,1),(294,16,249,1,'2015-10-28','16:35:45',1,'2016-07-08','14:31:53',1,1),(295,16,250,1,'2015-10-29','09:21:36',1,'2016-07-08','14:31:53',1,1),(296,16,251,1,'2015-10-29','09:58:28',1,'2016-07-08','14:31:53',1,1),(297,16,252,1,'2015-10-29','10:17:08',1,'2016-07-08','14:31:53',1,1),(298,17,236,1,'2015-09-04','09:46:44',1,'2016-07-08','14:32:23',1,1),(299,17,237,1,'2015-09-04','09:46:44',1,'2016-07-08','14:32:23',1,1),(301,17,239,1,'2015-09-04','09:46:44',1,'2016-07-08','14:32:23',1,1),(302,17,240,1,'2015-09-04','09:46:44',1,'2016-07-08','14:32:23',1,1),(303,17,241,0,'2015-09-04','09:46:44',1,'2016-07-08','14:32:23',1,1),(305,17,243,0,'2015-09-04','09:46:44',1,'2016-07-08','14:32:23',1,1),(306,17,244,0,'2015-09-04','09:46:44',1,'2016-07-08','14:32:23',1,1),(307,17,245,0,'2015-09-04','09:46:44',1,'2016-07-08','14:32:23',1,1),(308,17,246,1,'2015-09-04','09:46:44',1,'2016-07-08','14:32:23',1,1),(309,17,247,0,'2015-09-04','09:46:44',1,'2016-07-08','14:32:23',1,1),(310,17,248,1,'2015-10-28','16:35:45',1,'2016-07-08','14:32:23',1,1),(311,17,249,1,'2015-10-28','16:35:45',1,'2016-07-08','14:32:23',1,1),(312,17,250,1,'2015-10-29','09:21:36',1,'2016-07-08','14:32:23',1,1),(313,17,251,1,'2015-10-29','09:58:28',1,'2016-07-08','14:32:23',1,1),(314,17,252,1,'2015-10-29','10:17:08',1,'2016-07-08','14:32:23',1,1),(315,18,236,1,'2015-11-02','15:00:13',1,'2016-07-08','14:32:46',1,1),(316,18,237,1,'2015-11-02','15:00:13',1,'2016-07-08','14:32:46',1,1),(318,18,239,1,'2015-11-02','15:00:13',1,'2016-07-08','14:32:46',1,1),(319,18,240,1,'2015-11-02','15:00:13',1,'2016-07-08','14:32:46',1,1),(320,18,241,0,'2015-11-02','15:00:13',1,'2016-07-08','14:32:46',1,1),(322,18,248,1,'2015-11-02','15:00:13',1,'2016-07-08','14:32:46',1,1),(323,18,249,1,'2015-11-02','15:00:13',1,'2016-07-08','14:32:46',1,1),(324,18,250,1,'2015-11-02','15:00:13',1,'2016-07-08','14:32:46',1,1),(325,18,251,1,'2015-11-02','15:00:13',1,'2016-07-08','14:32:46',1,1),(326,18,252,1,'2015-11-02','15:00:13',1,'2016-07-08','14:32:46',1,1),(327,18,246,1,'2015-11-02','15:00:13',1,'2016-07-08','14:32:46',1,1),(328,20,257,1,'2015-11-03','15:00:33',1,'2016-04-12','09:33:13',1,1),(329,4,261,1,'2015-11-06','11:04:58',1,'2016-08-10','09:34:33',1,1),(330,4,258,1,'2015-11-06','11:04:58',1,'2016-08-10','09:34:33',1,1),(331,4,262,1,'2015-11-06','11:04:58',1,'2016-08-10','09:34:33',1,1),(332,4,259,1,'2015-11-06','11:04:58',1,'2016-08-10','09:34:33',1,1),(333,4,260,1,'2015-11-06','11:04:58',1,'2016-08-10','09:34:33',1,1),(334,4,267,1,'2015-11-06','11:04:58',1,'2016-08-10','09:34:33',1,1),(335,4,263,1,'2015-11-06','11:04:58',1,'2016-08-10','09:34:33',1,1),(336,4,264,1,'2015-11-06','11:04:58',1,'2016-08-10','09:34:33',1,1),(337,4,266,1,'2015-11-06','11:04:58',1,'2016-08-10','09:34:33',1,1),(338,4,265,1,'2015-11-06','11:04:58',1,'2016-08-10','09:34:33',1,1),(339,4,284,1,'2015-11-06','11:04:58',1,'2016-08-10','09:34:33',1,1),(340,4,285,1,'2015-11-06','11:04:58',1,'2016-08-10','09:34:33',1,1),(341,4,286,1,'2015-11-06','11:04:58',1,'2016-08-10','09:34:33',1,1),(342,4,283,1,'2015-11-06','11:04:58',1,'2016-08-10','09:34:33',1,1),(343,4,287,1,'2015-11-06','11:04:58',1,'2016-08-10','09:34:33',1,1),(344,4,289,1,'2015-11-06','11:04:58',1,'2016-08-10','09:34:33',1,1),(345,4,291,1,'2015-11-06','11:04:58',1,'2016-08-10','09:34:33',1,1),(346,4,290,1,'2015-11-06','11:04:58',1,'2016-08-10','09:34:33',1,1),(347,4,292,1,'2015-11-06','11:04:58',1,'2016-08-10','09:34:33',1,1),(348,4,288,1,'2015-11-06','11:04:58',1,'2016-08-10','09:34:33',1,1),(349,4,293,1,'2015-11-06','11:04:58',1,'2016-08-10','09:34:33',1,1),(350,4,295,1,'2015-11-06','11:04:58',1,'2016-08-10','09:34:33',1,1),(351,4,296,1,'2015-11-06','11:04:58',1,'2016-08-10','09:34:33',1,1),(352,4,297,1,'2015-11-06','11:04:58',1,'2016-08-10','09:34:33',1,1),(353,4,294,1,'2015-11-06','11:04:58',1,'2016-08-10','09:34:33',1,1),(354,4,300,1,'2015-11-06','11:04:58',1,'2016-08-10','09:34:33',1,1),(355,4,301,1,'2015-11-06','11:04:58',1,'2016-08-10','09:34:33',1,1),(356,4,298,1,'2015-11-06','11:04:58',1,'2016-08-10','09:34:33',1,1),(357,4,302,1,'2015-11-06','11:04:58',1,'2016-08-10','09:34:33',1,1),(358,4,299,1,'2015-11-06','11:04:58',1,'2016-08-10','09:34:33',1,1),(359,4,270,1,'2015-11-06','11:04:58',1,'2016-08-10','09:34:33',1,1),(360,4,271,1,'2015-11-06','11:04:58',1,'2016-08-10','09:34:33',1,1),(361,4,268,1,'2015-11-06','11:04:58',1,'2016-08-10','09:34:33',1,1),(362,4,272,1,'2015-11-06','11:04:58',1,'2016-08-10','09:34:33',1,1),(363,4,269,1,'2015-11-06','11:04:58',1,'2016-08-10','09:34:33',1,1),(364,4,277,0,'2015-11-06','11:04:58',1,'2016-08-10','09:34:33',1,1),(365,4,274,0,'2015-11-06','11:04:58',1,'2016-08-10','09:34:33',1,1),(366,4,273,0,'2015-11-06','11:04:58',1,'2016-08-10','09:34:33',1,1),(367,4,275,0,'2015-11-06','11:04:58',1,'2016-08-10','09:34:33',1,1),(368,4,276,0,'2015-11-06','11:04:58',1,'2016-08-10','09:34:33',1,1),(374,4,304,1,'2015-11-06','11:04:58',1,'2016-08-10','09:34:33',1,1),(375,4,305,1,'2015-11-06','11:04:58',1,'2016-08-10','09:34:33',1,1),(376,4,306,1,'2015-11-06','11:04:58',1,'2016-08-10','09:34:33',1,1),(377,4,303,1,'2015-11-06','11:04:58',1,'2016-08-10','09:34:33',1,1),(378,4,307,1,'2015-11-06','11:04:58',1,'2016-08-10','09:34:33',1,1),(379,4,308,1,'2015-11-06','15:31:16',1,'2016-08-10','09:34:33',1,1),(380,4,309,1,'2015-11-06','15:31:16',1,'2016-08-10','09:34:33',1,1),(381,4,312,1,'2015-11-11','11:59:25',1,'2016-08-10','09:34:33',1,1),(382,4,316,1,'2015-11-11','11:59:25',1,'2016-08-10','09:34:33',1,1),(383,4,313,1,'2015-11-11','11:59:25',1,'2016-08-10','09:34:33',1,1),(384,4,317,1,'2015-11-11','11:59:25',1,'2016-08-10','09:34:33',1,1),(385,4,310,1,'2015-11-11','11:59:25',1,'2016-08-10','09:34:33',1,1),(386,4,314,1,'2015-11-11','11:59:25',1,'2016-08-10','09:34:33',1,1),(387,4,318,1,'2015-11-11','11:59:25',1,'2016-08-10','09:34:33',1,1),(388,4,311,1,'2015-11-11','11:59:25',1,'2016-08-10','09:34:33',1,1),(389,4,315,1,'2015-11-11','11:59:25',1,'2016-08-10','09:34:33',1,1),(390,16,315,1,'2015-11-13','14:47:04',1,'2016-07-08','14:31:53',1,1),(391,16,312,1,'2015-11-13','14:47:04',1,'2016-07-08','14:31:53',1,1),(392,16,316,1,'2015-11-13','14:47:04',1,'2016-07-08','14:31:53',1,1),(393,16,313,1,'2015-11-13','14:47:04',1,'2016-07-08','14:31:53',1,1),(394,16,317,1,'2015-11-13','14:47:04',1,'2016-07-08','14:31:53',1,1),(395,16,310,1,'2015-11-13','14:47:04',1,'2016-07-08','14:31:53',1,1),(396,16,314,1,'2015-11-13','14:47:04',1,'2016-07-08','14:31:53',1,1),(397,16,318,1,'2015-11-13','14:47:04',1,'2016-07-08','14:31:53',1,1),(398,16,311,1,'2015-11-13','14:47:04',1,'2016-07-08','14:31:53',1,1),(399,16,259,1,'2015-11-13','14:47:04',1,'2016-07-08','14:31:53',1,1),(400,16,260,1,'2015-11-13','14:47:04',1,'2016-07-08','14:31:53',1,1),(401,16,261,1,'2015-11-13','14:47:04',1,'2016-07-08','14:31:53',1,1),(402,16,258,1,'2015-11-13','14:47:04',1,'2016-07-08','14:31:53',1,1),(403,16,262,1,'2015-11-13','14:47:04',1,'2016-07-08','14:31:53',1,1),(404,16,266,1,'2015-11-13','14:47:04',1,'2016-07-08','14:31:53',1,1),(405,16,263,1,'2015-11-13','14:47:04',1,'2016-07-08','14:31:53',1,1),(406,16,267,1,'2015-11-13','14:47:04',1,'2016-07-08','14:31:53',1,1),(407,16,264,1,'2015-11-13','14:47:04',1,'2016-07-08','14:31:53',1,1),(408,16,265,1,'2015-11-13','14:47:04',1,'2016-07-08','14:31:53',1,1),(409,16,270,1,'2015-11-13','14:47:04',1,'2016-07-08','14:31:53',1,1),(410,16,271,1,'2015-11-13','14:47:04',1,'2016-07-08','14:31:53',1,1),(411,16,268,1,'2015-11-13','14:47:04',1,'2016-07-08','14:31:53',1,1),(412,16,272,1,'2015-11-13','14:47:04',1,'2016-07-08','14:31:53',1,1),(413,16,269,1,'2015-11-13','14:47:04',1,'2016-07-08','14:31:53',1,1),(414,16,274,0,'2015-11-13','14:47:04',1,'2016-07-08','14:31:53',1,1),(415,16,275,0,'2015-11-13','14:47:04',1,'2016-07-08','14:31:53',1,1),(416,16,276,0,'2015-11-13','14:47:04',1,'2016-07-08','14:31:53',1,1),(417,16,273,0,'2015-11-13','14:47:04',1,'2016-07-08','14:31:53',1,1),(418,16,277,0,'2015-11-13','14:47:04',1,'2016-07-08','14:31:53',1,1),(419,16,308,1,'2015-11-13','14:47:04',1,'2016-07-08','14:31:53',1,1),(422,16,309,1,'2015-11-13','14:47:04',1,'2016-07-08','14:31:53',1,1),(426,16,285,1,'2015-11-13','14:47:04',1,'2016-07-08','14:31:53',1,1),(427,16,286,1,'2015-11-13','14:47:04',1,'2016-07-08','14:31:53',1,1),(428,16,283,1,'2015-11-13','14:47:04',1,'2016-07-08','14:31:53',1,1),(429,16,287,1,'2015-11-13','14:47:04',1,'2016-07-08','14:31:53',1,1),(430,16,284,1,'2015-11-13','14:47:04',1,'2016-07-08','14:31:53',1,1),(431,16,289,1,'2015-11-13','14:47:04',1,'2016-07-08','14:31:53',1,1),(432,16,290,1,'2015-11-13','14:47:04',1,'2016-07-08','14:31:53',1,1),(433,16,291,1,'2015-11-13','14:47:04',1,'2016-07-08','14:31:53',1,1),(434,16,288,1,'2015-11-13','14:47:04',1,'2016-07-08','14:31:53',1,1),(435,16,292,1,'2015-11-13','14:47:04',1,'2016-07-08','14:31:53',1,1),(436,16,293,1,'2015-11-13','14:47:04',1,'2016-07-08','14:31:53',1,1),(437,16,297,1,'2015-11-13','14:47:04',1,'2016-07-08','14:31:53',1,1),(438,16,294,1,'2015-11-13','14:47:04',1,'2016-07-08','14:31:53',1,1),(439,16,295,1,'2015-11-13','14:47:04',1,'2016-07-08','14:31:53',1,1),(440,16,296,1,'2015-11-13','14:47:04',1,'2016-07-08','14:31:53',1,1),(441,16,300,1,'2015-11-13','14:47:04',1,'2016-07-08','14:31:53',1,1),(442,16,301,1,'2015-11-13','14:47:04',1,'2016-07-08','14:31:53',1,1),(443,16,298,1,'2015-11-13','14:47:04',1,'2016-07-08','14:31:53',1,1),(444,16,302,1,'2015-11-13','14:47:04',1,'2016-07-08','14:31:53',1,1),(445,16,299,1,'2015-11-13','14:47:04',1,'2016-07-08','14:31:53',1,1),(446,16,304,1,'2015-11-13','14:47:04',1,'2016-07-08','14:31:53',1,1),(447,16,305,1,'2015-11-13','14:47:04',1,'2016-07-08','14:31:53',1,1),(448,16,306,1,'2015-11-13','14:47:04',1,'2016-07-08','14:31:53',1,1),(449,16,303,1,'2015-11-13','14:47:04',1,'2016-07-08','14:31:53',1,1),(450,16,307,1,'2015-11-13','14:47:04',1,'2016-07-08','14:31:53',1,1),(451,20,319,1,'2015-11-16','09:03:22',1,'2016-04-12','09:33:13',1,1),(452,20,320,1,'2015-11-16','09:03:22',1,'2016-04-12','09:33:13',1,1),(453,20,321,1,'2015-11-16','09:03:22',1,'2016-04-12','09:33:13',1,1),(454,20,322,1,'2015-11-16','09:03:22',1,'2016-04-12','09:33:13',1,1),(455,20,325,1,'2015-11-16','09:03:22',1,'2016-04-12','09:33:13',1,1),(456,20,323,1,'2015-11-16','09:03:22',1,'2016-04-12','09:33:13',1,1),(457,20,324,1,'2015-11-16','09:03:22',1,'2016-04-12','09:33:13',1,1),(458,20,326,0,'2015-11-16','09:03:22',1,'2016-04-12','09:33:13',1,1),(459,20,329,0,'2015-11-16','09:03:22',1,'2016-04-12','09:33:13',1,1),(460,20,327,0,'2015-11-16','09:03:22',1,'2016-04-12','09:33:13',1,1),(461,20,328,0,'2015-11-16','09:03:22',1,'2016-04-12','09:33:13',1,1),(463,20,333,1,'2015-11-16','09:03:22',1,'2016-04-12','09:33:13',1,1),(466,20,332,1,'2015-11-16','09:03:22',1,'2016-04-12','09:33:13',1,1),(467,20,335,1,'2015-11-16','09:03:22',1,'2016-04-12','09:33:13',1,1),(468,20,337,1,'2015-11-16','09:03:22',1,'2016-04-12','09:33:13',1,1),(469,20,338,1,'2015-11-16','09:03:22',1,'2016-04-12','09:33:13',1,1),(470,20,336,0,'2015-11-16','09:03:22',1,'2016-04-12','09:33:13',1,1),(471,20,339,1,'2015-11-16','09:03:22',1,'2016-04-12','09:33:13',1,1),(472,17,315,1,'2015-11-16','09:05:05',1,'2016-07-08','14:32:23',1,1),(473,17,312,1,'2015-11-16','09:05:05',1,'2016-07-08','14:32:23',1,1),(474,17,316,1,'2015-11-16','09:05:05',1,'2016-07-08','14:32:23',1,1),(475,17,313,1,'2015-11-16','09:05:05',1,'2016-07-08','14:32:23',1,1),(476,17,317,1,'2015-11-16','09:05:05',1,'2016-07-08','14:32:23',1,1),(477,17,310,1,'2015-11-16','09:05:05',1,'2016-07-08','14:32:23',1,1),(478,17,314,1,'2015-11-16','09:05:05',1,'2016-07-08','14:32:23',1,1),(479,17,318,1,'2015-11-16','09:05:05',1,'2016-07-08','14:32:23',1,1),(480,17,311,1,'2015-11-16','09:05:05',1,'2016-07-08','14:32:23',1,1),(481,17,259,1,'2015-11-16','09:05:05',1,'2016-07-08','14:32:23',1,1),(482,17,260,1,'2015-11-16','09:05:05',1,'2016-07-08','14:32:23',1,1),(483,17,261,1,'2015-11-16','09:05:05',1,'2016-07-08','14:32:23',1,1),(484,17,258,1,'2015-11-16','09:05:05',1,'2016-07-08','14:32:23',1,1),(485,17,262,1,'2015-11-16','09:05:05',1,'2016-07-08','14:32:23',1,1),(486,17,266,1,'2015-11-16','09:05:05',1,'2016-07-08','14:32:23',1,1),(487,17,263,1,'2015-11-16','09:05:05',1,'2016-07-08','14:32:23',1,1),(488,17,267,1,'2015-11-16','09:05:05',1,'2016-07-08','14:32:23',1,1),(489,17,264,1,'2015-11-16','09:05:05',1,'2016-07-08','14:32:23',1,1),(490,17,265,1,'2015-11-16','09:05:05',1,'2016-07-08','14:32:23',1,1),(491,17,270,1,'2015-11-16','09:05:05',1,'2016-07-08','14:32:23',1,1),(492,17,271,1,'2015-11-16','09:05:05',1,'2016-07-08','14:32:23',1,1),(493,17,268,1,'2015-11-16','09:05:05',1,'2016-07-08','14:32:23',1,1),(494,17,272,1,'2015-11-16','09:05:05',1,'2016-07-08','14:32:23',1,1),(495,17,269,1,'2015-11-16','09:05:05',1,'2016-07-08','14:32:23',1,1),(496,17,274,0,'2015-11-16','09:05:05',1,'2016-07-08','14:32:23',1,1),(497,17,275,0,'2015-11-16','09:05:05',1,'2016-07-08','14:32:23',1,1),(498,17,276,0,'2015-11-16','09:05:05',1,'2016-07-08','14:32:23',1,1),(499,17,273,0,'2015-11-16','09:05:05',1,'2016-07-08','14:32:23',1,1),(500,17,277,0,'2015-11-16','09:05:05',1,'2016-07-08','14:32:23',1,1),(501,17,308,1,'2015-11-16','09:05:05',1,'2016-07-08','14:32:23',1,1),(504,17,309,1,'2015-11-16','09:05:05',1,'2016-07-08','14:32:23',1,1),(508,17,285,1,'2015-11-16','09:05:05',1,'2016-07-08','14:32:23',1,1),(509,17,286,1,'2015-11-16','09:05:05',1,'2016-07-08','14:32:23',1,1),(510,17,283,1,'2015-11-16','09:05:05',1,'2016-07-08','14:32:23',1,1),(511,17,287,1,'2015-11-16','09:05:05',1,'2016-07-08','14:32:23',1,1),(512,17,284,1,'2015-11-16','09:05:05',1,'2016-07-08','14:32:23',1,1),(513,17,289,1,'2015-11-16','09:05:05',1,'2016-07-08','14:32:23',1,1),(514,17,290,1,'2015-11-16','09:05:05',1,'2016-07-08','14:32:23',1,1),(515,17,291,1,'2015-11-16','09:05:05',1,'2016-07-08','14:32:23',1,1),(516,17,288,1,'2015-11-16','09:05:05',1,'2016-07-08','14:32:23',1,1),(517,17,292,1,'2015-11-16','09:05:05',1,'2016-07-08','14:32:23',1,1),(518,17,293,1,'2015-11-16','09:05:05',1,'2016-07-08','14:32:23',1,1),(519,17,297,1,'2015-11-16','09:05:05',1,'2016-07-08','14:32:23',1,1),(520,17,294,1,'2015-11-16','09:05:05',1,'2016-07-08','14:32:23',1,1),(521,17,295,1,'2015-11-16','09:05:05',1,'2016-07-08','14:32:23',1,1),(522,17,296,1,'2015-11-16','09:05:05',1,'2016-07-08','14:32:23',1,1),(523,17,300,1,'2015-11-16','09:05:05',1,'2016-07-08','14:32:23',1,1),(524,17,301,1,'2015-11-16','09:05:05',1,'2016-07-08','14:32:23',1,1),(525,17,298,1,'2015-11-16','09:05:05',1,'2016-07-08','14:32:23',1,1),(526,17,302,1,'2015-11-16','09:05:05',1,'2016-07-08','14:32:23',1,1),(527,17,299,1,'2015-11-16','09:05:05',1,'2016-07-08','14:32:23',1,1),(528,17,304,1,'2015-11-16','09:05:05',1,'2016-07-08','14:32:23',1,1),(529,17,305,1,'2015-11-16','09:05:05',1,'2016-07-08','14:32:23',1,1),(530,17,306,1,'2015-11-16','09:05:05',1,'2016-07-08','14:32:23',1,1),(531,17,303,1,'2015-11-16','09:05:05',1,'2016-07-08','14:32:23',1,1),(532,17,307,1,'2015-11-16','09:05:05',1,'2016-07-08','14:32:23',1,1),(533,18,315,1,'2015-11-16','09:07:32',1,'2016-07-08','14:32:46',1,1),(534,18,312,1,'2015-11-16','09:07:32',1,'2016-07-08','14:32:46',1,1),(535,18,316,1,'2015-11-16','09:07:32',1,'2016-07-08','14:32:46',1,1),(536,18,313,1,'2015-11-16','09:07:32',1,'2016-07-08','14:32:46',1,1),(537,18,317,1,'2015-11-16','09:07:32',1,'2016-07-08','14:32:46',1,1),(538,18,310,1,'2015-11-16','09:07:32',1,'2016-07-08','14:32:46',1,1),(539,18,314,1,'2015-11-16','09:07:32',1,'2016-07-08','14:32:46',1,1),(540,18,318,1,'2015-11-16','09:07:32',1,'2016-07-08','14:32:46',1,1),(541,18,311,1,'2015-11-16','09:07:32',1,'2016-07-08','14:32:46',1,1),(542,18,259,1,'2015-11-16','09:07:32',1,'2016-07-08','14:32:46',1,1),(543,18,260,1,'2015-11-16','09:07:32',1,'2016-07-08','14:32:46',1,1),(544,18,261,1,'2015-11-16','09:07:32',1,'2016-07-08','14:32:46',1,1),(545,18,258,1,'2015-11-16','09:07:32',1,'2016-07-08','14:32:46',1,1),(546,18,262,1,'2015-11-16','09:07:32',1,'2016-07-08','14:32:46',1,1),(547,18,266,1,'2015-11-16','09:07:32',1,'2016-07-08','14:32:46',1,1),(548,18,263,1,'2015-11-16','09:07:32',1,'2016-07-08','14:32:46',1,1),(549,18,267,1,'2015-11-16','09:07:32',1,'2016-07-08','14:32:46',1,1),(550,18,264,1,'2015-11-16','09:07:32',1,'2016-07-08','14:32:46',1,1),(551,18,265,1,'2015-11-16','09:07:32',1,'2016-07-08','14:32:46',1,1),(552,18,270,1,'2015-11-16','09:07:32',1,'2016-07-08','14:32:46',1,1),(553,18,271,1,'2015-11-16','09:07:32',1,'2016-07-08','14:32:46',1,1),(554,18,268,1,'2015-11-16','09:07:32',1,'2016-07-08','14:32:46',1,1),(555,18,272,1,'2015-11-16','09:07:32',1,'2016-07-08','14:32:46',1,1),(556,18,269,1,'2015-11-16','09:07:32',1,'2016-07-08','14:32:46',1,1),(557,18,274,0,'2015-11-16','09:07:32',1,'2016-07-08','14:32:46',1,1),(558,18,275,0,'2015-11-16','09:07:32',1,'2016-07-08','14:32:46',1,1),(559,18,276,0,'2015-11-16','09:07:32',1,'2016-07-08','14:32:46',1,1),(560,18,273,0,'2015-11-16','09:07:32',1,'2016-07-08','14:32:46',1,1),(561,18,277,0,'2015-11-16','09:07:32',1,'2016-07-08','14:32:46',1,1),(562,18,308,1,'2015-11-16','09:07:32',1,'2016-07-08','14:32:46',1,1),(565,18,309,1,'2015-11-16','09:07:32',1,'2016-07-08','14:32:46',1,1),(569,18,285,1,'2015-11-16','09:07:32',1,'2016-07-08','14:32:46',1,1),(570,18,286,1,'2015-11-16','09:07:32',1,'2016-07-08','14:32:46',1,1),(571,18,283,1,'2015-11-16','09:07:32',1,'2016-07-08','14:32:46',1,1),(572,18,287,1,'2015-11-16','09:07:32',1,'2016-07-08','14:32:46',1,1),(573,18,284,1,'2015-11-16','09:07:32',1,'2016-07-08','14:32:46',1,1),(574,18,289,1,'2015-11-16','09:07:32',1,'2016-07-08','14:32:46',1,1),(575,18,290,1,'2015-11-16','09:07:32',1,'2016-07-08','14:32:46',1,1),(576,18,291,1,'2015-11-16','09:07:32',1,'2016-07-08','14:32:46',1,1),(577,18,288,1,'2015-11-16','09:07:32',1,'2016-07-08','14:32:46',1,1),(578,18,292,1,'2015-11-16','09:07:32',1,'2016-07-08','14:32:46',1,1),(579,18,293,1,'2015-11-16','09:07:32',1,'2016-07-08','14:32:46',1,1),(580,18,297,1,'2015-11-16','09:07:32',1,'2016-07-08','14:32:46',1,1),(581,18,294,1,'2015-11-16','09:07:32',1,'2016-07-08','14:32:46',1,1),(582,18,295,1,'2015-11-16','09:07:32',1,'2016-07-08','14:32:46',1,1),(583,18,296,1,'2015-11-16','09:07:32',1,'2016-07-08','14:32:46',1,1),(584,18,300,1,'2015-11-16','09:07:32',1,'2016-07-08','14:32:46',1,1),(585,18,301,1,'2015-11-16','09:07:32',1,'2016-07-08','14:32:46',1,1),(586,18,298,1,'2015-11-16','09:07:32',1,'2016-07-08','14:32:46',1,1),(587,18,302,1,'2015-11-16','09:07:32',1,'2016-07-08','14:32:46',1,1),(588,18,299,1,'2015-11-16','09:07:32',1,'2016-07-08','14:32:46',1,1),(589,18,247,1,'2015-11-16','09:07:32',1,'2016-07-08','14:32:46',1,1),(590,18,304,1,'2015-11-16','09:07:32',1,'2016-07-08','14:32:46',1,1),(591,18,305,1,'2015-11-16','09:07:32',1,'2016-07-08','14:32:46',1,1),(592,18,306,1,'2015-11-16','09:07:32',1,'2016-07-08','14:32:46',1,1),(593,18,303,1,'2015-11-16','09:07:32',1,'2016-07-08','14:32:46',1,1),(594,18,307,1,'2015-11-16','09:07:32',1,'2016-07-08','14:32:46',1,1),(595,26,257,1,'2015-11-30','16:36:23',1,'2016-04-12','09:33:17',1,1),(596,26,321,1,'2015-11-30','16:36:23',1,'2016-04-12','09:33:17',1,1),(597,26,319,1,'2015-11-30','16:36:23',1,'2016-04-12','09:33:17',1,1),(598,26,320,1,'2015-11-30','16:36:23',1,'2016-04-12','09:33:17',1,1),(599,26,322,1,'2015-11-30','16:36:23',1,'2016-04-12','09:33:17',1,1),(600,26,324,1,'2015-11-30','16:36:23',1,'2016-04-12','09:33:17',1,1),(601,26,325,1,'2015-11-30','16:36:23',1,'2016-04-12','09:33:17',1,1),(602,26,323,1,'2015-11-30','16:36:23',1,'2016-04-12','09:33:17',1,1),(604,26,332,1,'2015-11-30','16:36:23',1,'2016-04-12','09:33:17',1,1),(605,26,333,1,'2015-11-30','16:36:23',1,'2016-04-12','09:33:17',1,1),(608,26,345,1,'2016-02-11','15:57:03',1,'2016-04-12','09:33:17',1,1),(609,26,346,1,'2016-02-11','15:57:03',1,'2016-04-12','09:33:17',1,1),(610,26,340,1,'2016-02-11','15:57:03',1,'2016-04-12','09:33:17',1,1),(611,26,344,1,'2016-02-11','15:57:03',1,'2016-04-12','09:33:17',1,1),(612,26,337,1,'2016-02-11','15:57:03',1,'2016-04-12','09:33:17',1,1),(613,26,338,1,'2016-02-11','15:57:03',1,'2016-04-12','09:33:17',1,1),(614,26,336,0,'2016-02-11','15:57:03',1,'2016-04-12','09:33:17',1,1),(616,26,335,1,'2016-02-11','17:03:10',1,'2016-04-12','09:33:17',1,1),(617,26,339,1,'2016-02-11','17:03:10',1,'2016-04-12','09:33:17',1,1),(618,26,353,1,'2016-02-11','17:05:06',1,'2016-04-12','09:33:17',1,1),(619,26,341,1,'2016-02-11','17:05:06',1,'2016-04-12','09:33:17',1,1),(620,26,342,1,'2016-02-11','17:05:06',1,'2016-04-12','09:33:17',1,1),(621,26,343,1,'2016-02-11','17:05:06',1,'2016-04-12','09:33:17',1,1),(689,69,257,1,'2016-02-18','10:24:13',1,'2016-04-12','09:33:22',1,1),(690,69,320,1,'2016-02-18','10:24:13',1,'2016-04-12','09:33:22',1,1),(691,69,340,1,'2016-02-18','10:24:13',1,'2016-04-12','09:33:22',1,1),(692,69,321,1,'2016-02-18','10:24:13',1,'2016-04-12','09:33:22',1,1),(693,69,345,1,'2016-02-18','10:24:13',1,'2016-04-12','09:33:22',1,1),(694,69,319,1,'2016-02-18','10:24:13',1,'2016-04-12','09:33:22',1,1),(695,69,346,1,'2016-02-18','10:24:13',1,'2016-04-12','09:33:22',1,1),(696,69,353,1,'2016-02-18','10:24:13',1,'2016-04-12','09:33:22',1,1),(698,69,343,1,'2016-02-18','10:24:13',1,'2016-04-12','09:33:22',1,1),(699,69,341,1,'2016-02-18','10:24:13',1,'2016-04-12','09:33:22',1,1),(700,69,342,1,'2016-02-18','10:24:13',1,'2016-04-12','09:33:22',1,1),(701,69,322,1,'2016-02-18','10:24:13',1,'2016-04-12','09:33:22',1,1),(702,69,324,1,'2016-02-18','10:24:13',1,'2016-04-12','09:33:22',1,1),(703,69,325,1,'2016-02-18','10:24:13',1,'2016-04-12','09:33:22',1,1),(704,69,323,1,'2016-02-18','10:24:13',1,'2016-04-12','09:33:22',1,1),(706,69,332,1,'2016-02-18','10:24:13',1,'2016-04-12','09:33:22',1,1),(707,69,333,1,'2016-02-18','10:24:13',1,'2016-04-12','09:33:22',1,1),(710,69,335,1,'2016-02-18','10:24:13',1,'2016-04-12','09:33:22',1,1),(711,69,344,1,'2016-02-18','10:24:13',1,'2016-04-12','09:33:22',1,1),(712,69,337,1,'2016-02-18','10:24:13',1,'2016-04-12','09:33:22',1,1),(713,69,338,1,'2016-02-18','10:24:13',1,'2016-04-12','09:33:22',1,1),(714,69,339,1,'2016-02-18','10:24:13',1,'2016-04-12','09:33:22',1,1),(876,4,402,1,'2016-03-11','11:20:15',1,'2016-08-10','09:34:33',1,1),(877,4,403,1,'2016-03-11','11:03:40',4,'2016-08-10','09:34:33',4,1),(879,4,405,1,'2016-03-11','14:30:08',1,'2016-08-10','09:34:33',1,1),(880,4,406,0,'2016-03-11','14:30:08',1,'2016-08-10','09:34:33',1,1),(881,4,407,1,'2016-03-11','14:30:08',1,'2016-08-10','09:34:33',1,1),(882,4,408,0,'2016-03-11','14:30:08',1,'2016-08-10','09:34:33',1,1),(883,4,409,1,'2016-03-11','14:30:08',1,'2016-08-10','09:34:33',1,1),(884,17,403,1,'2016-03-14','15:22:42',1,'2016-07-08','14:32:23',1,1),(886,17,408,0,'2016-03-14','15:22:42',1,'2016-07-08','14:32:23',1,1),(887,17,405,1,'2016-03-14','15:22:42',1,'2016-07-08','14:32:23',1,1),(888,17,409,1,'2016-03-14','15:22:42',1,'2016-07-08','14:32:23',1,1),(889,17,406,0,'2016-03-14','15:22:42',1,'2016-07-08','14:32:23',1,1),(890,17,407,1,'2016-03-14','15:22:42',1,'2016-07-08','14:32:23',1,1),(891,4,424,1,'2016-03-17','15:14:07',1,'2016-08-10','09:34:33',1,1),(893,16,424,1,'2016-03-29','11:08:35',1,'2016-07-08','14:31:53',1,1),(894,16,426,1,'2016-03-29','11:08:35',1,'2016-07-08','14:31:53',1,1),(895,16,403,1,'2016-03-29','11:08:35',1,'2016-07-08','14:31:53',1,1),(896,16,408,0,'2016-03-29','11:08:35',1,'2016-07-08','14:31:53',1,1),(897,16,405,1,'2016-03-29','11:08:35',1,'2016-07-08','14:31:53',1,1),(898,16,409,1,'2016-03-29','11:08:35',1,'2016-07-08','14:31:53',1,1),(899,16,406,0,'2016-03-29','11:08:35',1,'2016-07-08','14:31:53',1,1),(900,16,407,1,'2016-03-29','11:08:35',1,'2016-07-08','14:31:53',1,1),(901,16,402,1,'2016-03-29','11:08:35',1,'2016-07-08','14:31:53',1,1),(920,4,430,1,'2016-03-30','11:08:53',1,'2016-08-10','09:34:33',1,1),(921,4,431,1,'2016-03-30','11:08:53',1,'2016-08-10','09:34:33',1,1),(922,4,426,1,'2016-03-30','11:08:53',1,'2016-08-10','09:34:33',1,1),(923,16,430,1,'2016-03-30','11:35:54',1,'2016-07-08','14:31:53',1,1),(924,16,431,1,'2016-03-30','11:35:54',1,'2016-07-08','14:31:53',1,1),(932,69,432,1,'2016-03-30','11:37:15',1,'2016-04-12','09:33:22',1,1),(933,69,433,1,'2016-03-30','11:37:15',1,'2016-04-12','09:33:22',1,1),(934,69,435,1,'2016-03-30','11:37:15',1,'2016-04-12','09:33:22',1,1),(935,69,436,1,'2016-03-30','11:37:15',1,'2016-04-12','09:33:22',1,1),(936,69,416,1,'2016-03-30','11:37:15',1,'2016-04-12','09:33:22',1,1),(937,69,418,1,'2016-03-30','11:37:15',1,'2016-04-12','09:33:22',1,1),(938,69,419,1,'2016-03-30','11:37:15',1,'2016-04-12','09:33:22',1,1),(939,26,432,1,'2016-03-30','11:37:23',1,'2016-04-12','09:33:17',1,1),(940,26,433,1,'2016-03-30','11:37:23',1,'2016-04-12','09:33:17',1,1),(941,26,435,1,'2016-03-30','11:37:23',1,'2016-04-12','09:33:17',1,1),(942,26,436,1,'2016-03-30','11:37:23',1,'2016-04-12','09:33:17',1,1),(943,26,416,1,'2016-03-30','11:37:23',1,'2016-04-12','09:33:17',1,1),(944,26,418,1,'2016-03-30','11:37:23',1,'2016-04-12','09:33:17',1,1),(945,26,419,1,'2016-03-30','11:37:23',1,'2016-04-12','09:33:17',1,1),(964,20,346,1,'2016-03-30','11:37:45',1,'2016-04-12','09:33:13',1,1),(965,20,340,1,'2016-03-30','11:37:45',1,'2016-04-12','09:33:13',1,1),(966,20,432,1,'2016-03-30','11:37:45',1,'2016-04-12','09:33:13',1,1),(967,20,433,1,'2016-03-30','11:37:45',1,'2016-04-12','09:33:13',1,1),(968,20,345,1,'2016-03-30','11:37:45',1,'2016-04-12','09:33:13',1,1),(969,20,435,1,'2016-03-30','11:37:45',1,'2016-04-12','09:33:13',1,1),(970,20,436,1,'2016-03-30','11:37:45',1,'2016-04-12','09:33:13',1,1),(971,20,416,1,'2016-03-30','11:37:45',1,'2016-04-12','09:33:13',1,1),(972,20,418,1,'2016-03-30','11:37:45',1,'2016-04-12','09:33:13',1,1),(973,20,419,1,'2016-03-30','11:37:45',1,'2016-04-12','09:33:13',1,1),(974,20,353,1,'2016-03-30','11:37:45',1,'2016-04-12','09:33:13',1,1),(975,20,343,1,'2016-03-30','11:37:45',1,'2016-04-12','09:33:13',1,1),(976,20,341,1,'2016-03-30','11:37:45',1,'2016-04-12','09:33:13',1,1),(977,20,342,1,'2016-03-30','11:37:45',1,'2016-04-12','09:33:13',1,1),(978,20,344,1,'2016-03-30','11:37:45',1,'2016-04-12','09:33:13',1,1),(979,18,430,1,'2016-03-30','11:37:54',1,'2016-07-08','14:32:46',1,1),(980,18,431,1,'2016-03-30','11:37:54',1,'2016-07-08','14:32:46',1,1),(981,18,424,1,'2016-03-30','11:37:54',1,'2016-07-08','14:32:46',1,1),(982,18,426,1,'2016-03-30','11:37:54',1,'2016-07-08','14:32:46',1,1),(983,18,403,1,'2016-03-30','11:37:54',1,'2016-07-08','14:32:46',1,1),(984,18,408,0,'2016-03-30','11:37:54',1,'2016-07-08','14:32:46',1,1),(985,18,405,1,'2016-03-30','11:37:54',1,'2016-07-08','14:32:46',1,1),(986,18,409,1,'2016-03-30','11:37:54',1,'2016-07-08','14:32:46',1,1),(987,18,406,0,'2016-03-30','11:37:54',1,'2016-07-08','14:32:46',1,1),(988,18,407,1,'2016-03-30','11:37:54',1,'2016-07-08','14:32:46',1,1),(989,18,402,1,'2016-03-30','11:37:55',1,'2016-07-08','14:32:46',1,1),(990,17,430,1,'2016-03-30','11:38:04',1,'2016-07-08','14:32:23',1,1),(991,17,431,1,'2016-03-30','11:38:04',1,'2016-07-08','14:32:23',1,1),(992,17,424,1,'2016-03-30','11:38:04',1,'2016-07-08','14:32:23',1,1),(993,17,426,1,'2016-03-30','11:38:04',1,'2016-07-08','14:32:23',1,1),(994,17,402,1,'2016-03-30','11:38:04',1,'2016-07-08','14:32:23',1,1),(1134,4,440,1,'2016-04-06','11:58:12',1,'2016-08-10','09:34:33',1,1),(1135,4,441,1,'2016-04-06','11:58:12',1,'2016-08-10','09:34:33',1,1),(1147,16,440,1,'2016-04-12','09:32:19',1,'2016-07-08','14:31:53',1,1),(1148,16,441,1,'2016-04-12','09:32:19',1,'2016-07-08','14:31:53',1,1),(1149,17,440,1,'2016-04-12','09:32:22',1,'2016-07-08','14:32:23',1,1),(1150,17,441,1,'2016-04-12','09:32:22',1,'2016-07-08','14:32:23',1,1),(1151,18,440,1,'2016-04-12','09:32:24',1,'2016-07-08','14:32:46',1,1),(1152,18,441,1,'2016-04-12','09:32:24',1,'2016-07-08','14:32:46',1,1),(1153,20,444,1,'2016-04-12','09:33:13',1,'2016-04-12','09:33:13',1,1),(1154,20,445,1,'2016-04-12','09:33:13',1,'2016-04-12','09:33:13',1,1),(1155,26,444,1,'2016-04-12','09:33:17',1,'2016-04-12','09:33:17',1,1),(1156,26,445,1,'2016-04-12','09:33:17',1,'2016-04-12','09:33:17',1,1),(1157,69,444,1,'2016-04-12','09:33:23',1,'2016-04-12','09:33:23',1,1),(1158,69,445,1,'2016-04-12','09:33:23',1,'2016-04-12','09:33:23',1,1),(1202,4,448,1,'2016-04-13','15:55:55',1,'2016-08-10','09:34:33',1,1),(1208,18,448,1,'2016-04-13','15:58:40',1,'2016-07-08','14:32:46',1,1),(1209,17,448,1,'2016-04-13','15:59:01',1,'2016-07-08','14:32:23',1,1),(1278,104,348,1,'2016-06-09','13:06:52',17,'2016-06-09','13:06:52',17,1),(1279,104,349,1,'2016-06-09','13:06:52',17,'2016-06-09','13:06:52',17,1),(1280,104,350,1,'2016-06-09','13:06:52',17,'2016-06-09','13:06:52',17,1),(1281,104,351,1,'2016-06-09','13:06:52',17,'2016-06-09','13:06:52',17,1),(1282,104,352,1,'2016-06-09','13:06:52',17,'2016-06-09','13:06:52',17,1),(1283,104,354,1,'2016-06-09','13:06:52',17,'2016-06-09','13:06:52',17,1),(1284,104,355,1,'2016-06-09','13:06:52',17,'2016-06-09','13:06:52',17,1),(1285,104,357,1,'2016-06-09','13:06:52',17,'2016-06-09','13:06:52',17,1),(1286,104,377,1,'2016-06-09','13:06:52',17,'2016-06-09','13:06:52',17,1),(1287,104,378,1,'2016-06-09','13:06:52',17,'2016-06-09','13:06:52',17,1),(1288,104,379,1,'2016-06-09','13:06:52',17,'2016-06-09','13:06:52',17,1),(1289,104,380,1,'2016-06-09','13:06:52',17,'2016-06-09','13:06:52',17,1),(1290,104,381,1,'2016-06-09','13:06:52',17,'2016-06-09','13:06:52',17,1),(1291,104,383,1,'2016-06-09','13:06:52',17,'2016-06-09','13:06:52',17,1),(1292,104,384,1,'2016-06-09','13:06:52',17,'2016-06-09','13:06:52',17,1),(1293,104,385,1,'2016-06-09','13:06:52',17,'2016-06-09','13:06:52',17,1),(1294,104,420,1,'2016-06-09','13:06:52',17,'2016-06-09','13:06:52',17,1),(1295,104,422,1,'2016-06-09','13:06:52',17,'2016-06-09','13:06:52',17,1),(1296,104,423,1,'2016-06-09','13:06:52',17,'2016-06-09','13:06:52',17,1),(1297,104,438,1,'2016-06-09','13:06:52',17,'2016-06-09','13:06:52',17,1),(1298,104,442,1,'2016-06-09','13:06:52',17,'2016-06-09','13:06:52',17,1),(1299,104,443,1,'2016-06-09','13:06:52',17,'2016-06-09','13:06:52',17,1),(1300,104,449,1,'2016-06-09','13:06:52',17,'2016-06-09','13:06:52',17,1),(1301,105,393,1,'2016-06-09','16:06:40',104,'2016-06-09','16:06:40',104,1),(1302,105,394,1,'2016-06-09','16:06:40',104,'2016-06-09','16:06:40',104,1),(1303,105,395,1,'2016-06-09','16:06:40',104,'2016-06-09','16:06:40',104,1),(1304,105,396,1,'2016-06-09','16:06:41',104,'2016-06-09','16:06:41',104,1),(1305,105,397,1,'2016-06-09','16:06:41',104,'2016-06-09','16:06:41',104,1),(1306,105,399,1,'2016-06-09','16:06:41',104,'2016-06-09','16:06:41',104,1),(1307,105,401,1,'2016-06-09','16:06:41',104,'2016-06-09','16:06:41',104,1),(1308,105,427,1,'2016-06-09','16:06:41',104,'2016-06-09','16:06:41',104,1),(1309,105,428,1,'2016-06-09','16:06:41',104,'2016-06-09','16:06:41',104,1),(1310,105,429,1,'2016-06-09','16:06:42',104,'2016-06-09','16:06:42',104,1),(1311,105,437,1,'2016-06-09','16:06:42',104,'2016-06-09','16:06:42',104,1),(1312,106,393,1,'2016-06-09','16:06:52',104,'2016-07-14','10:30:16',104,1),(1313,106,394,1,'2016-06-09','16:06:52',104,'2016-07-14','10:30:16',104,1),(1314,106,395,1,'2016-06-09','16:06:52',104,'2016-07-14','10:30:16',104,1),(1315,106,396,1,'2016-06-09','16:06:52',104,'2016-07-14','10:30:16',104,1),(1316,106,397,1,'2016-06-09','16:06:52',104,'2016-07-14','10:30:16',104,1),(1317,106,399,1,'2016-06-09','16:06:52',104,'2016-07-14','10:30:16',104,1),(1318,106,401,1,'2016-06-09','16:06:52',104,'2016-07-14','10:30:16',104,1),(1319,106,427,1,'2016-06-09','16:06:52',104,'2016-07-14','10:30:16',104,1),(1320,106,428,1,'2016-06-09','16:06:52',104,'2016-07-14','10:30:16',104,1),(1321,106,429,1,'2016-06-09','16:06:52',104,'2016-07-14','10:30:16',104,1),(1322,106,437,1,'2016-06-09','16:06:52',104,'2016-07-14','10:30:16',104,1),(1323,107,393,1,'2016-06-09','16:06:54',104,'2016-06-09','16:06:54',104,1),(1324,107,394,1,'2016-06-09','16:06:54',104,'2016-06-09','16:06:54',104,1),(1325,107,395,1,'2016-06-09','16:06:54',104,'2016-06-09','16:06:54',104,1),(1326,107,396,1,'2016-06-09','16:06:54',104,'2016-06-09','16:06:54',104,1),(1327,107,397,1,'2016-06-09','16:06:54',104,'2016-06-09','16:06:54',104,1),(1328,107,399,1,'2016-06-09','16:06:54',104,'2016-06-09','16:06:54',104,1),(1329,107,401,1,'2016-06-09','16:06:55',104,'2016-06-09','16:06:55',104,1),(1330,107,427,1,'2016-06-09','16:06:55',104,'2016-06-09','16:06:55',104,1),(1331,107,428,1,'2016-06-09','16:06:55',104,'2016-06-09','16:06:55',104,1),(1332,107,429,1,'2016-06-09','16:06:55',104,'2016-06-09','16:06:55',104,1),(1333,107,437,1,'2016-06-09','16:06:55',104,'2016-06-09','16:06:55',104,1),(1334,108,393,1,'2016-06-09','16:06:35',104,'2016-06-09','16:06:35',104,1),(1335,108,394,1,'2016-06-09','16:06:36',104,'2016-06-09','16:06:36',104,1),(1336,108,395,1,'2016-06-09','16:06:36',104,'2016-06-09','16:06:36',104,1),(1337,108,396,1,'2016-06-09','16:06:36',104,'2016-06-09','16:06:36',104,1),(1338,108,397,1,'2016-06-09','16:06:36',104,'2016-06-09','16:06:36',104,1),(1339,108,399,1,'2016-06-09','16:06:36',104,'2016-06-09','16:06:36',104,1),(1340,108,401,1,'2016-06-09','16:06:36',104,'2016-06-09','16:06:36',104,1),(1341,108,427,1,'2016-06-09','16:06:36',104,'2016-06-09','16:06:36',104,1),(1342,108,428,1,'2016-06-09','16:06:36',104,'2016-06-09','16:06:36',104,1),(1343,108,429,1,'2016-06-09','16:06:36',104,'2016-06-09','16:06:36',104,1),(1344,108,437,1,'2016-06-09','16:06:36',104,'2016-06-09','16:06:36',104,1),(1345,109,393,1,'2016-06-09','16:06:12',104,'2016-06-09','16:06:12',104,1),(1346,109,394,1,'2016-06-09','16:06:12',104,'2016-06-09','16:06:12',104,1),(1347,109,395,1,'2016-06-09','16:06:12',104,'2016-06-09','16:06:12',104,1),(1348,109,396,1,'2016-06-09','16:06:12',104,'2016-06-09','16:06:12',104,1),(1349,109,397,1,'2016-06-09','16:06:12',104,'2016-06-09','16:06:12',104,1),(1350,109,399,1,'2016-06-09','16:06:12',104,'2016-06-09','16:06:12',104,1),(1351,109,401,1,'2016-06-09','16:06:12',104,'2016-06-09','16:06:12',104,1),(1352,109,427,1,'2016-06-09','16:06:12',104,'2016-06-09','16:06:12',104,1),(1353,109,428,1,'2016-06-09','16:06:12',104,'2016-06-09','16:06:12',104,1),(1354,109,429,1,'2016-06-09','16:06:12',104,'2016-06-09','16:06:12',104,1),(1355,109,437,1,'2016-06-09','16:06:12',104,'2016-06-09','16:06:12',104,1),(1356,110,393,1,'2016-06-10','15:06:36',104,'2016-06-10','15:06:36',104,1),(1357,110,394,1,'2016-06-10','15:06:36',104,'2016-06-10','15:06:36',104,1),(1358,110,395,1,'2016-06-10','15:06:36',104,'2016-06-10','15:06:36',104,1),(1359,110,396,1,'2016-06-10','15:06:36',104,'2016-06-10','15:06:36',104,1),(1360,110,397,1,'2016-06-10','15:06:36',104,'2016-06-10','15:06:36',104,1),(1361,110,399,1,'2016-06-10','15:06:36',104,'2016-06-10','15:06:36',104,1),(1362,110,401,1,'2016-06-10','15:06:36',104,'2016-06-10','15:06:36',104,1),(1363,110,427,1,'2016-06-10','15:06:36',104,'2016-06-10','15:06:36',104,1),(1364,110,428,1,'2016-06-10','15:06:36',104,'2016-06-10','15:06:36',104,1),(1365,110,429,1,'2016-06-10','15:06:36',104,'2016-06-10','15:06:36',104,1),(1366,110,437,1,'2016-06-10','15:06:36',104,'2016-06-10','15:06:36',104,1),(1367,111,348,1,'2016-06-15','16:06:20',17,'2016-06-15','16:06:20',17,1),(1368,111,349,1,'2016-06-15','16:06:20',17,'2016-06-15','16:06:20',17,1),(1369,111,350,1,'2016-06-15','16:06:20',17,'2016-06-15','16:06:20',17,1),(1370,111,351,1,'2016-06-15','16:06:20',17,'2016-06-15','16:06:20',17,1),(1371,111,352,1,'2016-06-15','16:06:20',17,'2016-06-15','16:06:20',17,1),(1372,111,354,1,'2016-06-15','16:06:20',17,'2016-06-15','16:06:20',17,1),(1373,111,355,1,'2016-06-15','16:06:20',17,'2016-06-15','16:06:20',17,1),(1374,111,357,1,'2016-06-15','16:06:20',17,'2016-06-15','16:06:20',17,1),(1375,111,377,1,'2016-06-15','16:06:20',17,'2016-06-15','16:06:20',17,1),(1376,111,378,1,'2016-06-15','16:06:20',17,'2016-06-15','16:06:20',17,1),(1377,111,379,1,'2016-06-15','16:06:20',17,'2016-06-15','16:06:20',17,1),(1378,111,380,1,'2016-06-15','16:06:20',17,'2016-06-15','16:06:20',17,1),(1379,111,381,1,'2016-06-15','16:06:20',17,'2016-06-15','16:06:20',17,1),(1380,111,383,1,'2016-06-15','16:06:20',17,'2016-06-15','16:06:20',17,1),(1381,111,384,1,'2016-06-15','16:06:20',17,'2016-06-15','16:06:20',17,1),(1382,111,385,1,'2016-06-15','16:06:20',17,'2016-06-15','16:06:20',17,1),(1383,111,420,1,'2016-06-15','16:06:20',17,'2016-06-15','16:06:20',17,1),(1384,111,422,1,'2016-06-15','16:06:20',17,'2016-06-15','16:06:20',17,1),(1385,111,423,1,'2016-06-15','16:06:20',17,'2016-06-15','16:06:20',17,1),(1386,111,438,1,'2016-06-15','16:06:20',17,'2016-06-15','16:06:20',17,1),(1387,111,442,1,'2016-06-15','16:06:20',17,'2016-06-15','16:06:20',17,1),(1388,111,443,1,'2016-06-15','16:06:20',17,'2016-06-15','16:06:20',17,1),(1389,111,449,1,'2016-06-15','16:06:20',17,'2016-06-15','16:06:20',17,1),(1390,112,257,1,'2016-06-16','07:06:29',16,'2016-06-16','07:06:29',16,1),(1391,112,319,1,'2016-06-16','07:06:29',16,'2016-06-16','07:06:29',16,1),(1392,112,320,1,'2016-06-16','07:06:29',16,'2016-06-16','07:06:29',16,1),(1393,112,321,1,'2016-06-16','07:06:29',16,'2016-06-16','07:06:29',16,1),(1394,112,322,1,'2016-06-16','07:06:29',16,'2016-06-16','07:06:29',16,1),(1395,112,323,1,'2016-06-16','07:06:29',16,'2016-06-16','07:06:29',16,1),(1396,112,324,1,'2016-06-16','07:06:29',16,'2016-06-16','07:06:29',16,1),(1397,112,325,1,'2016-06-16','07:06:29',16,'2016-06-16','07:06:29',16,1),(1398,112,326,1,'2016-06-16','07:06:29',16,'2016-06-16','07:06:29',16,1),(1399,112,327,1,'2016-06-16','07:06:29',16,'2016-06-16','07:06:29',16,1),(1400,112,328,1,'2016-06-16','07:06:29',16,'2016-06-16','07:06:29',16,1),(1401,112,329,1,'2016-06-16','07:06:29',16,'2016-06-16','07:06:29',16,1),(1402,112,332,1,'2016-06-16','07:06:29',16,'2016-06-16','07:06:29',16,1),(1403,112,333,1,'2016-06-16','07:06:29',16,'2016-06-16','07:06:29',16,1),(1404,112,335,1,'2016-06-16','07:06:29',16,'2016-06-16','07:06:29',16,1),(1405,112,336,1,'2016-06-16','07:06:29',16,'2016-06-16','07:06:29',16,1),(1406,112,337,1,'2016-06-16','07:06:29',16,'2016-06-16','07:06:29',16,1),(1407,112,338,1,'2016-06-16','07:06:29',16,'2016-06-16','07:06:29',16,1),(1408,112,339,1,'2016-06-16','07:06:29',16,'2016-06-16','07:06:29',16,1),(1409,112,340,1,'2016-06-16','07:06:29',16,'2016-06-16','07:06:29',16,1),(1410,112,341,1,'2016-06-16','07:06:29',16,'2016-06-16','07:06:29',16,1),(1411,112,342,1,'2016-06-16','07:06:29',16,'2016-06-16','07:06:29',16,1),(1412,112,343,1,'2016-06-16','07:06:29',16,'2016-06-16','07:06:29',16,1),(1413,112,344,1,'2016-06-16','07:06:29',16,'2016-06-16','07:06:29',16,1),(1414,112,345,1,'2016-06-16','07:06:29',16,'2016-06-16','07:06:29',16,1),(1415,112,346,1,'2016-06-16','07:06:29',16,'2016-06-16','07:06:29',16,1),(1416,112,353,1,'2016-06-16','07:06:29',16,'2016-06-16','07:06:29',16,1),(1417,112,416,1,'2016-06-16','07:06:29',16,'2016-06-16','07:06:29',16,1),(1418,112,418,1,'2016-06-16','07:06:29',16,'2016-06-16','07:06:29',16,1),(1419,112,419,1,'2016-06-16','07:06:29',16,'2016-06-16','07:06:29',16,1),(1420,112,432,1,'2016-06-16','07:06:29',16,'2016-06-16','07:06:29',16,1),(1421,112,433,1,'2016-06-16','07:06:29',16,'2016-06-16','07:06:29',16,1),(1422,112,435,1,'2016-06-16','07:06:29',16,'2016-06-16','07:06:29',16,1),(1423,112,436,1,'2016-06-16','07:06:29',16,'2016-06-16','07:06:29',16,1),(1424,112,444,1,'2016-06-16','07:06:29',16,'2016-06-16','07:06:29',16,1),(1425,112,445,1,'2016-06-16','07:06:29',16,'2016-06-16','07:06:29',16,1),(1426,113,348,1,'2016-06-21','15:06:13',112,'2016-06-21','15:06:13',112,1),(1427,113,349,1,'2016-06-21','15:06:13',112,'2016-06-21','15:06:13',112,1),(1428,113,350,1,'2016-06-21','15:06:13',112,'2016-06-21','15:06:13',112,1),(1429,113,351,1,'2016-06-21','15:06:13',112,'2016-06-21','15:06:13',112,1),(1430,113,352,1,'2016-06-21','15:06:13',112,'2016-06-21','15:06:13',112,1),(1431,113,354,1,'2016-06-21','15:06:13',112,'2016-06-21','15:06:13',112,1),(1432,113,355,1,'2016-06-21','15:06:13',112,'2016-06-21','15:06:13',112,1),(1433,113,357,1,'2016-06-21','15:06:13',112,'2016-06-21','15:06:13',112,1),(1434,113,377,1,'2016-06-21','15:06:13',112,'2016-06-21','15:06:13',112,1),(1435,113,378,1,'2016-06-21','15:06:13',112,'2016-06-21','15:06:13',112,1),(1436,113,379,1,'2016-06-21','15:06:13',112,'2016-06-21','15:06:13',112,1),(1437,113,380,1,'2016-06-21','15:06:13',112,'2016-06-21','15:06:13',112,1),(1438,113,381,1,'2016-06-21','15:06:13',112,'2016-06-21','15:06:13',112,1),(1439,113,383,1,'2016-06-21','15:06:13',112,'2016-06-21','15:06:13',112,1),(1440,113,384,1,'2016-06-21','15:06:13',112,'2016-06-21','15:06:13',112,1),(1441,113,385,1,'2016-06-21','15:06:13',112,'2016-06-21','15:06:13',112,1),(1442,113,420,1,'2016-06-21','15:06:13',112,'2016-06-21','15:06:13',112,1),(1443,113,422,1,'2016-06-21','15:06:13',112,'2016-06-21','15:06:13',112,1),(1444,113,423,1,'2016-06-21','15:06:13',112,'2016-06-21','15:06:13',112,1),(1445,113,438,1,'2016-06-21','15:06:13',112,'2016-06-21','15:06:13',112,1),(1446,113,442,1,'2016-06-21','15:06:13',112,'2016-06-21','15:06:13',112,1),(1447,113,443,1,'2016-06-21','15:06:13',112,'2016-06-21','15:06:13',112,1),(1448,113,449,1,'2016-06-21','15:06:13',112,'2016-06-21','15:06:13',112,1),(1449,114,348,1,'2016-06-21','16:06:23',112,'2016-06-21','16:06:23',112,1),(1450,114,349,1,'2016-06-21','16:06:23',112,'2016-06-21','16:06:23',112,1),(1451,114,350,1,'2016-06-21','16:06:23',112,'2016-06-21','16:06:23',112,1),(1452,114,351,1,'2016-06-21','16:06:23',112,'2016-06-21','16:06:23',112,1),(1453,114,352,1,'2016-06-21','16:06:23',112,'2016-06-21','16:06:23',112,1),(1454,114,354,1,'2016-06-21','16:06:23',112,'2016-06-21','16:06:23',112,1),(1455,114,355,1,'2016-06-21','16:06:23',112,'2016-06-21','16:06:23',112,1),(1456,114,357,1,'2016-06-21','16:06:24',112,'2016-06-21','16:06:24',112,1),(1457,114,377,1,'2016-06-21','16:06:24',112,'2016-06-21','16:06:24',112,1),(1458,114,378,1,'2016-06-21','16:06:24',112,'2016-06-21','16:06:24',112,1),(1459,114,379,1,'2016-06-21','16:06:24',112,'2016-06-21','16:06:24',112,1),(1460,114,380,1,'2016-06-21','16:06:24',112,'2016-06-21','16:06:24',112,1),(1461,114,381,1,'2016-06-21','16:06:24',112,'2016-06-21','16:06:24',112,1),(1462,114,383,1,'2016-06-21','16:06:24',112,'2016-06-21','16:06:24',112,1),(1463,114,384,1,'2016-06-21','16:06:24',112,'2016-06-21','16:06:24',112,1),(1464,114,385,1,'2016-06-21','16:06:24',112,'2016-06-21','16:06:24',112,1),(1465,114,420,1,'2016-06-21','16:06:24',112,'2016-06-21','16:06:24',112,1),(1466,114,422,1,'2016-06-21','16:06:24',112,'2016-06-21','16:06:24',112,1),(1467,114,423,1,'2016-06-21','16:06:24',112,'2016-06-21','16:06:24',112,1),(1468,114,438,1,'2016-06-21','16:06:24',112,'2016-06-21','16:06:24',112,1),(1469,114,442,1,'2016-06-21','16:06:24',112,'2016-06-21','16:06:24',112,1),(1470,114,443,1,'2016-06-21','16:06:24',112,'2016-06-21','16:06:24',112,1),(1471,114,449,1,'2016-06-21','16:06:24',112,'2016-06-21','16:06:24',112,1),(1472,115,348,1,'2016-06-23','09:06:07',112,'2016-06-23','09:06:07',112,1),(1473,115,349,1,'2016-06-23','09:06:07',112,'2016-06-23','09:06:07',112,1),(1474,115,350,1,'2016-06-23','09:06:07',112,'2016-06-23','09:06:07',112,1),(1475,115,351,1,'2016-06-23','09:06:07',112,'2016-06-23','09:06:07',112,1),(1476,115,352,1,'2016-06-23','09:06:07',112,'2016-06-23','09:06:07',112,1),(1477,115,354,1,'2016-06-23','09:06:08',112,'2016-06-23','09:06:08',112,1),(1478,115,355,1,'2016-06-23','09:06:08',112,'2016-06-23','09:06:08',112,1),(1479,115,357,1,'2016-06-23','09:06:08',112,'2016-06-23','09:06:08',112,1),(1480,115,377,1,'2016-06-23','09:06:08',112,'2016-06-23','09:06:08',112,1),(1481,115,378,1,'2016-06-23','09:06:08',112,'2016-06-23','09:06:08',112,1),(1482,115,379,1,'2016-06-23','09:06:09',112,'2016-06-23','09:06:09',112,1),(1483,115,380,1,'2016-06-23','09:06:09',112,'2016-06-23','09:06:09',112,1),(1484,115,381,1,'2016-06-23','09:06:09',112,'2016-06-23','09:06:09',112,1),(1485,115,383,1,'2016-06-23','09:06:09',112,'2016-06-23','09:06:09',112,1),(1486,115,384,1,'2016-06-23','09:06:09',112,'2016-06-23','09:06:09',112,1),(1487,115,385,1,'2016-06-23','09:06:09',112,'2016-06-23','09:06:09',112,1),(1488,115,420,1,'2016-06-23','09:06:09',112,'2016-06-23','09:06:09',112,1),(1489,115,422,1,'2016-06-23','09:06:09',112,'2016-06-23','09:06:09',112,1),(1490,115,423,1,'2016-06-23','09:06:09',112,'2016-06-23','09:06:09',112,1),(1491,115,438,1,'2016-06-23','09:06:09',112,'2016-06-23','09:06:09',112,1),(1492,115,442,1,'2016-06-23','09:06:09',112,'2016-06-23','09:06:09',112,1),(1493,115,443,1,'2016-06-23','09:06:09',112,'2016-06-23','09:06:09',112,1),(1494,115,449,1,'2016-06-23','09:06:09',112,'2016-06-23','09:06:09',112,1),(1541,118,393,1,'2016-06-23','15:06:30',115,'2016-06-23','15:06:30',115,1),(1542,118,394,1,'2016-06-23','15:06:30',115,'2016-06-23','15:06:30',115,1),(1543,118,395,1,'2016-06-23','15:06:30',115,'2016-06-23','15:06:30',115,1),(1544,118,396,1,'2016-06-23','15:06:30',115,'2016-06-23','15:06:30',115,1),(1545,118,397,1,'2016-06-23','15:06:30',115,'2016-06-23','15:06:30',115,1),(1546,118,399,1,'2016-06-23','15:06:30',115,'2016-06-23','15:06:30',115,1),(1547,118,401,1,'2016-06-23','15:06:30',115,'2016-06-23','15:06:30',115,1),(1548,118,427,1,'2016-06-23','15:06:30',115,'2016-06-23','15:06:30',115,1),(1549,118,428,1,'2016-06-23','15:06:30',115,'2016-06-23','15:06:30',115,1),(1550,118,429,1,'2016-06-23','15:06:30',115,'2016-06-23','15:06:30',115,1),(1551,118,437,1,'2016-06-23','15:06:30',115,'2016-06-23','15:06:30',115,1),(1552,119,348,1,'2016-07-04','16:07:17',112,'2016-07-04','16:07:17',112,1),(1553,119,349,1,'2016-07-04','16:07:17',112,'2016-07-04','16:07:17',112,1),(1554,119,350,1,'2016-07-04','16:07:17',112,'2016-07-04','16:07:17',112,1),(1555,119,351,1,'2016-07-04','16:07:17',112,'2016-07-04','16:07:17',112,1),(1556,119,352,1,'2016-07-04','16:07:17',112,'2016-07-04','16:07:17',112,1),(1557,119,354,1,'2016-07-04','16:07:17',112,'2016-07-04','16:07:17',112,1),(1558,119,355,1,'2016-07-04','16:07:17',112,'2016-07-04','16:07:17',112,1),(1559,119,357,1,'2016-07-04','16:07:17',112,'2016-07-04','16:07:17',112,1),(1560,119,377,1,'2016-07-04','16:07:17',112,'2016-07-04','16:07:17',112,1),(1561,119,378,1,'2016-07-04','16:07:17',112,'2016-07-04','16:07:17',112,1),(1562,119,379,1,'2016-07-04','16:07:17',112,'2016-07-04','16:07:17',112,1),(1563,119,380,1,'2016-07-04','16:07:17',112,'2016-07-04','16:07:17',112,1),(1564,119,381,1,'2016-07-04','16:07:17',112,'2016-07-04','16:07:17',112,1),(1565,119,383,1,'2016-07-04','16:07:17',112,'2016-07-04','16:07:17',112,1),(1566,119,384,1,'2016-07-04','16:07:17',112,'2016-07-04','16:07:17',112,1),(1567,119,385,1,'2016-07-04','16:07:17',112,'2016-07-04','16:07:17',112,1),(1568,119,420,1,'2016-07-04','16:07:17',112,'2016-07-04','16:07:17',112,1),(1569,119,422,1,'2016-07-04','16:07:17',112,'2016-07-04','16:07:17',112,1),(1570,119,423,1,'2016-07-04','16:07:17',112,'2016-07-04','16:07:17',112,1),(1571,119,438,1,'2016-07-04','16:07:17',112,'2016-07-04','16:07:17',112,1),(1572,119,442,1,'2016-07-04','16:07:17',112,'2016-07-04','16:07:17',112,1),(1573,119,443,1,'2016-07-04','16:07:17',112,'2016-07-04','16:07:17',112,1),(1574,119,449,1,'2016-07-04','16:07:17',112,'2016-07-04','16:07:17',112,1),(1575,120,393,1,'2016-07-05','17:07:59',119,'2016-07-05','17:07:59',119,1),(1576,120,394,1,'2016-07-05','17:07:59',119,'2016-07-05','17:07:59',119,1),(1577,120,395,1,'2016-07-05','17:07:59',119,'2016-07-05','17:07:59',119,1),(1578,120,396,1,'2016-07-05','17:07:59',119,'2016-07-05','17:07:59',119,1),(1579,120,397,1,'2016-07-05','17:07:59',119,'2016-07-05','17:07:59',119,1),(1580,120,399,1,'2016-07-05','17:07:59',119,'2016-07-05','17:07:59',119,1),(1581,120,401,1,'2016-07-05','17:07:59',119,'2016-07-05','17:07:59',119,1),(1582,120,427,1,'2016-07-05','17:07:59',119,'2016-07-05','17:07:59',119,1),(1583,120,428,1,'2016-07-05','17:07:59',119,'2016-07-05','17:07:59',119,1),(1584,120,429,1,'2016-07-05','17:07:59',119,'2016-07-05','17:07:59',119,1),(1585,120,437,1,'2016-07-05','17:07:59',119,'2016-07-05','17:07:59',119,1),(1586,121,393,1,'2016-07-05','17:07:27',119,'2016-07-05','17:07:27',119,1),(1587,121,394,1,'2016-07-05','17:07:27',119,'2016-07-05','17:07:27',119,1),(1588,121,395,1,'2016-07-05','17:07:27',119,'2016-07-05','17:07:27',119,1),(1589,121,396,1,'2016-07-05','17:07:27',119,'2016-07-05','17:07:27',119,1),(1590,121,397,1,'2016-07-05','17:07:27',119,'2016-07-05','17:07:27',119,1),(1591,121,399,1,'2016-07-05','17:07:27',119,'2016-07-05','17:07:27',119,1),(1592,121,401,1,'2016-07-05','17:07:27',119,'2016-07-05','17:07:27',119,1),(1593,121,427,1,'2016-07-05','17:07:27',119,'2016-07-05','17:07:27',119,1),(1594,121,428,1,'2016-07-05','17:07:27',119,'2016-07-05','17:07:27',119,1),(1595,121,429,1,'2016-07-05','17:07:27',119,'2016-07-05','17:07:27',119,1),(1596,121,437,1,'2016-07-05','17:07:27',119,'2016-07-05','17:07:27',119,1),(1597,122,393,1,'2016-07-05','17:07:49',119,'2016-07-05','17:07:49',119,1),(1598,122,394,1,'2016-07-05','17:07:49',119,'2016-07-05','17:07:49',119,1),(1599,122,395,1,'2016-07-05','17:07:49',119,'2016-07-05','17:07:49',119,1),(1600,122,396,1,'2016-07-05','17:07:49',119,'2016-07-05','17:07:49',119,1),(1601,122,397,1,'2016-07-05','17:07:49',119,'2016-07-05','17:07:49',119,1),(1602,122,399,1,'2016-07-05','17:07:49',119,'2016-07-05','17:07:49',119,1),(1603,122,401,1,'2016-07-05','17:07:49',119,'2016-07-05','17:07:49',119,1),(1604,122,427,1,'2016-07-05','17:07:49',119,'2016-07-05','17:07:49',119,1),(1605,122,428,1,'2016-07-05','17:07:49',119,'2016-07-05','17:07:49',119,1),(1606,122,429,1,'2016-07-05','17:07:49',119,'2016-07-05','17:07:49',119,1),(1607,122,437,1,'2016-07-05','17:07:49',119,'2016-07-05','17:07:49',119,1),(1608,123,393,1,'2016-07-05','18:07:33',119,'2016-07-05','18:07:33',119,1),(1609,123,394,1,'2016-07-05','18:07:33',119,'2016-07-05','18:07:33',119,1),(1610,123,395,1,'2016-07-05','18:07:33',119,'2016-07-05','18:07:33',119,1),(1611,123,396,1,'2016-07-05','18:07:33',119,'2016-07-05','18:07:33',119,1),(1612,123,397,1,'2016-07-05','18:07:33',119,'2016-07-05','18:07:33',119,1),(1613,123,399,1,'2016-07-05','18:07:33',119,'2016-07-05','18:07:33',119,1),(1614,123,401,1,'2016-07-05','18:07:33',119,'2016-07-05','18:07:33',119,1),(1615,123,427,1,'2016-07-05','18:07:33',119,'2016-07-05','18:07:33',119,1),(1616,123,428,1,'2016-07-05','18:07:33',119,'2016-07-05','18:07:33',119,1),(1617,123,429,1,'2016-07-05','18:07:33',119,'2016-07-05','18:07:33',119,1),(1618,123,437,1,'2016-07-05','18:07:33',119,'2016-07-05','18:07:33',119,1),(1619,4,450,1,'2016-07-08','14:27:27',1,'2016-08-10','09:34:33',1,1),(1620,4,451,1,'2016-07-08','14:27:27',1,'2016-08-10','09:34:33',1,1),(1621,4,452,1,'2016-07-08','14:27:27',1,'2016-08-10','09:34:33',1,1),(1622,4,456,1,'2016-07-08','14:27:27',1,'2016-08-10','09:34:33',1,1),(1623,4,453,1,'2016-07-08','14:27:27',1,'2016-08-10','09:34:33',1,1),(1624,4,454,1,'2016-07-08','14:27:27',1,'2016-08-10','09:34:33',1,1),(1625,4,455,1,'2016-07-08','14:27:27',1,'2016-08-10','09:34:33',1,1),(1626,4,457,1,'2016-07-08','14:27:27',1,'2016-08-10','09:34:33',1,1),(1627,4,459,1,'2016-07-08','14:27:27',1,'2016-08-10','09:34:33',1,1),(1628,4,460,1,'2016-07-08','14:27:27',1,'2016-08-10','09:34:33',1,1),(1629,4,461,1,'2016-07-08','14:27:27',1,'2016-08-10','09:34:33',1,1),(1630,4,458,1,'2016-07-08','14:27:27',1,'2016-08-10','09:34:33',1,1),(1631,4,462,1,'2016-07-08','14:27:27',1,'2016-08-10','09:34:33',1,1),(1632,16,448,1,'2016-07-08','14:31:53',1,'2016-07-08','14:31:53',1,1),(1633,16,450,1,'2016-07-08','14:31:53',1,'2016-07-08','14:31:53',1,1),(1634,16,451,1,'2016-07-08','14:31:53',1,'2016-07-08','14:31:53',1,1),(1635,16,452,1,'2016-07-08','14:31:53',1,'2016-07-08','14:31:53',1,1),(1636,16,456,1,'2016-07-08','14:31:53',1,'2016-07-08','14:31:53',1,1),(1637,16,453,1,'2016-07-08','14:31:53',1,'2016-07-08','14:31:53',1,1),(1638,16,454,1,'2016-07-08','14:31:53',1,'2016-07-08','14:31:53',1,1),(1639,16,455,1,'2016-07-08','14:31:53',1,'2016-07-08','14:31:53',1,1),(1640,16,457,1,'2016-07-08','14:31:53',1,'2016-07-08','14:31:53',1,1),(1641,16,460,1,'2016-07-08','14:31:53',1,'2016-07-08','14:31:53',1,1),(1642,16,461,1,'2016-07-08','14:31:53',1,'2016-07-08','14:31:53',1,1),(1643,16,458,1,'2016-07-08','14:31:53',1,'2016-07-08','14:31:53',1,1),(1644,16,462,1,'2016-07-08','14:31:53',1,'2016-07-08','14:31:53',1,1),(1645,16,459,1,'2016-07-08','14:31:53',1,'2016-07-08','14:31:53',1,1),(1646,17,450,1,'2016-07-08','14:32:23',1,'2016-07-08','14:32:23',1,1),(1647,17,451,1,'2016-07-08','14:32:23',1,'2016-07-08','14:32:23',1,1),(1648,17,452,1,'2016-07-08','14:32:23',1,'2016-07-08','14:32:23',1,1),(1649,17,456,1,'2016-07-08','14:32:23',1,'2016-07-08','14:32:23',1,1),(1650,17,453,1,'2016-07-08','14:32:23',1,'2016-07-08','14:32:23',1,1),(1651,17,454,1,'2016-07-08','14:32:23',1,'2016-07-08','14:32:23',1,1),(1652,17,455,1,'2016-07-08','14:32:23',1,'2016-07-08','14:32:23',1,1),(1653,17,457,1,'2016-07-08','14:32:23',1,'2016-07-08','14:32:23',1,1),(1654,17,459,1,'2016-07-08','14:32:23',1,'2016-07-08','14:32:23',1,1),(1655,17,460,1,'2016-07-08','14:32:23',1,'2016-07-08','14:32:23',1,1),(1656,17,461,1,'2016-07-08','14:32:23',1,'2016-07-08','14:32:23',1,1),(1657,17,458,1,'2016-07-08','14:32:23',1,'2016-07-08','14:32:23',1,1),(1658,17,462,1,'2016-07-08','14:32:23',1,'2016-07-08','14:32:23',1,1),(1659,18,450,1,'2016-07-08','14:32:47',1,'2016-07-08','14:32:47',1,1),(1660,18,451,1,'2016-07-08','14:32:47',1,'2016-07-08','14:32:47',1,1),(1661,18,452,1,'2016-07-08','14:32:47',1,'2016-07-08','14:32:47',1,1),(1662,18,456,1,'2016-07-08','14:32:47',1,'2016-07-08','14:32:47',1,1),(1663,18,453,1,'2016-07-08','14:32:47',1,'2016-07-08','14:32:47',1,1),(1664,18,454,1,'2016-07-08','14:32:47',1,'2016-07-08','14:32:47',1,1),(1665,18,455,1,'2016-07-08','14:32:47',1,'2016-07-08','14:32:47',1,1),(1666,18,457,1,'2016-07-08','14:32:47',1,'2016-07-08','14:32:47',1,1),(1667,18,459,1,'2016-07-08','14:32:47',1,'2016-07-08','14:32:47',1,1),(1668,18,460,1,'2016-07-08','14:32:47',1,'2016-07-08','14:32:47',1,1),(1669,18,461,1,'2016-07-08','14:32:47',1,'2016-07-08','14:32:47',1,1),(1670,18,458,1,'2016-07-08','14:32:47',1,'2016-07-08','14:32:47',1,1),(1671,18,462,1,'2016-07-08','14:32:47',1,'2016-07-08','14:32:47',1,1),(1672,124,348,1,'2016-07-12','11:07:10',112,'2016-07-12','11:07:10',112,1),(1673,124,349,1,'2016-07-12','11:07:10',112,'2016-07-12','11:07:10',112,1),(1674,124,350,1,'2016-07-12','11:07:10',112,'2016-07-12','11:07:10',112,1),(1675,124,351,1,'2016-07-12','11:07:10',112,'2016-07-12','11:07:10',112,1),(1676,124,352,1,'2016-07-12','11:07:10',112,'2016-07-12','11:07:10',112,1),(1677,124,354,1,'2016-07-12','11:07:10',112,'2016-07-12','11:07:10',112,1),(1678,124,355,1,'2016-07-12','11:07:10',112,'2016-07-12','11:07:10',112,1),(1679,124,357,1,'2016-07-12','11:07:10',112,'2016-07-12','11:07:10',112,1),(1680,124,377,1,'2016-07-12','11:07:11',112,'2016-07-12','11:07:11',112,1),(1681,124,378,1,'2016-07-12','11:07:11',112,'2016-07-12','11:07:11',112,1),(1682,124,379,1,'2016-07-12','11:07:11',112,'2016-07-12','11:07:11',112,1),(1683,124,380,1,'2016-07-12','11:07:11',112,'2016-07-12','11:07:11',112,1),(1684,124,381,1,'2016-07-12','11:07:11',112,'2016-07-12','11:07:11',112,1),(1685,124,383,1,'2016-07-12','11:07:11',112,'2016-07-12','11:07:11',112,1),(1686,124,384,1,'2016-07-12','11:07:11',112,'2016-07-12','11:07:11',112,1),(1687,124,385,1,'2016-07-12','11:07:11',112,'2016-07-12','11:07:11',112,1),(1688,124,420,1,'2016-07-12','11:07:11',112,'2016-07-12','11:07:11',112,1),(1689,124,422,1,'2016-07-12','11:07:11',112,'2016-07-12','11:07:11',112,1),(1690,124,423,1,'2016-07-12','11:07:11',112,'2016-07-12','11:07:11',112,1),(1691,124,438,1,'2016-07-12','11:07:11',112,'2016-07-12','11:07:11',112,1),(1692,124,442,1,'2016-07-12','11:07:11',112,'2016-07-12','11:07:11',112,1),(1693,124,443,1,'2016-07-12','11:07:11',112,'2016-07-12','11:07:11',112,1),(1694,124,449,1,'2016-07-12','11:07:11',112,'2016-07-12','11:07:11',112,1),(1695,125,348,1,'2016-07-12','11:07:57',112,'2016-07-12','11:07:57',112,1),(1696,125,349,1,'2016-07-12','11:07:57',112,'2016-07-12','11:07:57',112,1),(1697,125,350,1,'2016-07-12','11:07:57',112,'2016-07-12','11:07:57',112,1),(1698,125,351,1,'2016-07-12','11:07:57',112,'2016-07-12','11:07:57',112,1),(1699,125,352,1,'2016-07-12','11:07:57',112,'2016-07-12','11:07:57',112,1),(1700,125,354,1,'2016-07-12','11:07:57',112,'2016-07-12','11:07:57',112,1),(1701,125,355,1,'2016-07-12','11:07:57',112,'2016-07-12','11:07:57',112,1),(1702,125,357,1,'2016-07-12','11:07:57',112,'2016-07-12','11:07:57',112,1),(1703,125,377,1,'2016-07-12','11:07:57',112,'2016-07-12','11:07:57',112,1),(1704,125,378,1,'2016-07-12','11:07:57',112,'2016-07-12','11:07:57',112,1),(1705,125,379,1,'2016-07-12','11:07:57',112,'2016-07-12','11:07:57',112,1),(1706,125,380,1,'2016-07-12','11:07:57',112,'2016-07-12','11:07:57',112,1),(1707,125,381,1,'2016-07-12','11:07:57',112,'2016-07-12','11:07:57',112,1),(1708,125,383,1,'2016-07-12','11:07:57',112,'2016-07-12','11:07:57',112,1),(1709,125,384,1,'2016-07-12','11:07:57',112,'2016-07-12','11:07:57',112,1),(1710,125,385,1,'2016-07-12','11:07:57',112,'2016-07-12','11:07:57',112,1),(1711,125,420,1,'2016-07-12','11:07:57',112,'2016-07-12','11:07:57',112,1),(1712,125,422,1,'2016-07-12','11:07:57',112,'2016-07-12','11:07:57',112,1),(1713,125,423,1,'2016-07-12','11:07:57',112,'2016-07-12','11:07:57',112,1),(1714,125,438,1,'2016-07-12','11:07:57',112,'2016-07-12','11:07:57',112,1),(1715,125,442,1,'2016-07-12','11:07:57',112,'2016-07-12','11:07:57',112,1),(1716,125,443,1,'2016-07-12','11:07:57',112,'2016-07-12','11:07:57',112,1),(1717,125,449,1,'2016-07-12','11:07:57',112,'2016-07-12','11:07:57',112,1),(1718,126,393,1,'2016-07-12','12:07:47',125,'2016-07-12','12:07:47',125,1),(1719,126,394,1,'2016-07-12','12:07:47',125,'2016-07-12','12:07:47',125,1),(1720,126,395,1,'2016-07-12','12:07:48',125,'2016-07-12','12:07:48',125,1),(1721,126,396,1,'2016-07-12','12:07:48',125,'2016-07-12','12:07:48',125,1),(1722,126,397,1,'2016-07-12','12:07:48',125,'2016-07-12','12:07:48',125,1),(1723,126,399,1,'2016-07-12','12:07:48',125,'2016-07-12','12:07:48',125,1),(1724,126,401,1,'2016-07-12','12:07:48',125,'2016-07-12','12:07:48',125,1),(1725,126,427,1,'2016-07-12','12:07:48',125,'2016-07-12','12:07:48',125,1),(1726,126,428,1,'2016-07-12','12:07:48',125,'2016-07-12','12:07:48',125,1),(1727,126,429,1,'2016-07-12','12:07:48',125,'2016-07-12','12:07:48',125,1),(1728,126,437,1,'2016-07-12','12:07:48',125,'2016-07-12','12:07:48',125,1),(1729,127,393,1,'2016-07-12','12:07:14',125,'2016-07-12','12:07:14',125,1),(1730,127,394,1,'2016-07-12','12:07:14',125,'2016-07-12','12:07:14',125,1),(1731,127,395,1,'2016-07-12','12:07:14',125,'2016-07-12','12:07:14',125,1),(1732,127,396,1,'2016-07-12','12:07:14',125,'2016-07-12','12:07:14',125,1),(1733,127,397,1,'2016-07-12','12:07:14',125,'2016-07-12','12:07:14',125,1),(1734,127,399,1,'2016-07-12','12:07:14',125,'2016-07-12','12:07:14',125,1),(1735,127,401,1,'2016-07-12','12:07:14',125,'2016-07-12','12:07:14',125,1),(1736,127,427,1,'2016-07-12','12:07:14',125,'2016-07-12','12:07:14',125,1),(1737,127,428,1,'2016-07-12','12:07:14',125,'2016-07-12','12:07:14',125,1),(1738,127,429,1,'2016-07-12','12:07:14',125,'2016-07-12','12:07:14',125,1),(1739,127,437,1,'2016-07-12','12:07:14',125,'2016-07-12','12:07:14',125,1),(1740,128,348,1,'2016-07-12','14:07:33',112,'2016-07-12','14:07:33',112,1),(1741,128,349,1,'2016-07-12','14:07:33',112,'2016-07-12','14:07:33',112,1),(1742,128,350,1,'2016-07-12','14:07:33',112,'2016-07-12','14:07:33',112,1),(1743,128,351,1,'2016-07-12','14:07:33',112,'2016-07-12','14:07:33',112,1),(1744,128,352,1,'2016-07-12','14:07:33',112,'2016-07-12','14:07:33',112,1),(1745,128,354,1,'2016-07-12','14:07:33',112,'2016-07-12','14:07:33',112,1),(1746,128,355,1,'2016-07-12','14:07:33',112,'2016-07-12','14:07:33',112,1),(1747,128,357,1,'2016-07-12','14:07:33',112,'2016-07-12','14:07:33',112,1),(1748,128,377,1,'2016-07-12','14:07:33',112,'2016-07-12','14:07:33',112,1),(1749,128,378,1,'2016-07-12','14:07:33',112,'2016-07-12','14:07:33',112,1),(1750,128,379,1,'2016-07-12','14:07:33',112,'2016-07-12','14:07:33',112,1),(1751,128,380,1,'2016-07-12','14:07:33',112,'2016-07-12','14:07:33',112,1),(1752,128,381,1,'2016-07-12','14:07:33',112,'2016-07-12','14:07:33',112,1),(1753,128,383,1,'2016-07-12','14:07:33',112,'2016-07-12','14:07:33',112,1),(1754,128,384,1,'2016-07-12','14:07:33',112,'2016-07-12','14:07:33',112,1),(1755,128,385,1,'2016-07-12','14:07:33',112,'2016-07-12','14:07:33',112,1),(1756,128,420,1,'2016-07-12','14:07:33',112,'2016-07-12','14:07:33',112,1),(1757,128,422,1,'2016-07-12','14:07:33',112,'2016-07-12','14:07:33',112,1),(1758,128,423,1,'2016-07-12','14:07:33',112,'2016-07-12','14:07:33',112,1),(1759,128,438,1,'2016-07-12','14:07:33',112,'2016-07-12','14:07:33',112,1),(1760,128,442,1,'2016-07-12','14:07:33',112,'2016-07-12','14:07:33',112,1),(1761,128,443,1,'2016-07-12','14:07:33',112,'2016-07-12','14:07:33',112,1),(1762,128,449,1,'2016-07-12','14:07:33',112,'2016-07-12','14:07:33',112,1),(1763,106,464,1,'2016-07-14','10:30:17',1,'2016-07-14','10:30:17',1,1),(1764,106,463,1,'2016-07-14','10:30:17',1,'2016-07-14','10:30:17',1,1),(1765,4,465,1,'2016-08-09','16:53:04',1,'2016-08-10','09:34:33',1,1),(1766,4,466,1,'2016-08-09','16:53:04',1,'2016-08-10','09:34:33',1,1),(1767,4,467,1,'2016-08-09','16:53:04',1,'2016-08-10','09:34:33',1,1),(1768,4,468,1,'2016-08-09','16:53:04',1,'2016-08-10','09:34:33',1,1),(1769,4,469,1,'2016-08-10','09:34:34',1,'2016-08-10','09:34:34',1,1),(1770,4,471,1,'2016-08-10','09:34:34',1,'2016-08-10','09:34:34',1,1),(1771,4,470,1,'2016-08-10','09:34:34',1,'2016-08-10','09:34:34',1,1),(1772,4,472,1,'2016-08-10','09:34:34',1,'2016-08-10','09:34:34',1,1),(1773,4,473,1,'2016-08-10','09:34:34',1,'2016-08-10','09:34:34',1,1),(1774,4,474,1,'2016-08-10','09:34:34',1,'2016-08-10','09:34:34',1,1),(1775,4,478,1,'2016-08-10','09:34:34',1,'2016-08-10','09:34:34',1,1),(1776,4,475,1,'2016-08-10','09:34:34',1,'2016-08-10','09:34:34',1,1),(1777,4,476,1,'2016-08-10','09:34:34',1,'2016-08-10','09:34:34',1,1),(1778,4,477,1,'2016-08-10','09:34:34',1,'2016-08-10','09:34:34',1,1),(1779,4,480,1,'2016-08-10','09:34:34',1,'2016-08-10','09:34:34',1,1),(1780,4,481,1,'2016-08-10','09:34:34',1,'2016-08-10','09:34:34',1,1),(1781,4,482,1,'2016-08-10','09:34:34',1,'2016-08-10','09:34:34',1,1),(1782,4,479,1,'2016-08-10','09:34:34',1,'2016-08-10','09:34:34',1,1),(1783,4,483,1,'2016-08-10','09:34:34',1,'2016-08-10','09:34:34',1,1);
/*!40000 ALTER TABLE `rbac_roles_opciones_usuarios` ENABLE KEYS */;
UNLOCK TABLES;

--
-- Table structure for table `rbac_usuarios`
--

DROP TABLE IF EXISTS `rbac_usuarios`;
/*!40101 SET @saved_cs_client     = @@character_set_client */;
/*!40101 SET character_set_client = utf8 */;
CREATE TABLE `rbac_usuarios` (
  `id` int(11) NOT NULL AUTO_INCREMENT,
  `rol_id` int(11) NOT NULL,
  `nombreusuario` varchar(100) CHARACTER SET latin1 NOT NULL,
  `contrasena` text CHARACTER SET latin1 NOT NULL,
  `email` varchar(100) CHARACTER SET latin1 NOT NULL,
  `web` varchar(20) COLLATE utf8_spanish_ci DEFAULT NULL,
  `softwarehouse` varchar(45) COLLATE utf8_spanish_ci NOT NULL,
  `nombre` varchar(100) CHARACTER SET latin1 NOT NULL,
  `apellido` varchar(100) CHARACTER SET latin1 NOT NULL,
  `razon_social` varchar(100) COLLATE utf8_spanish_ci DEFAULT NULL,
  `address` varchar(255) COLLATE utf8_spanish_ci DEFAULT NULL,
  `estatus` smallint(6) NOT NULL DEFAULT '1',
  `dni_numero` varchar(20) CHARACTER SET latin1 NOT NULL,
  `ruc_dv` varchar(2) COLLATE utf8_spanish_ci DEFAULT NULL,
  `telf_local_tipo` int(11) DEFAULT NULL,
  `telf_local_numero` varchar(7) CHARACTER SET latin1 DEFAULT NULL,
  `principal` smallint(6) NOT NULL DEFAULT '0',
  `cambio_clave` smallint(6) DEFAULT '0',
  `registro_fecha` date NOT NULL,
  `registro_hora` time DEFAULT NULL,
  `registro_usuario_id` int(11) NOT NULL,
  `modificado_fecha` date NOT NULL,
  `modificado_hora` time DEFAULT NULL,
  `modificado_usuario_id` int(11) NOT NULL,
  `secuencia` smallint(6) NOT NULL DEFAULT '1',
  `file` varchar(40) COLLATE utf8_spanish_ci DEFAULT NULL,
  `distribuidor_id` int(11) DEFAULT NULL,
  PRIMARY KEY (`id`,`rol_id`),
  KEY `fk_rbac_usuarios_rbac_roles1_idx` (`rol_id`),
  CONSTRAINT `fk_rbac_usuarios_rbac_roles1` FOREIGN KEY (`rol_id`) REFERENCES `rbac_roles` (`id`) ON DELETE NO ACTION ON UPDATE NO ACTION
) ENGINE=InnoDB AUTO_INCREMENT=129 DEFAULT CHARSET=utf8 COLLATE=utf8_spanish_ci;
/*!40101 SET character_set_client = @saved_cs_client */;

--
-- Dumping data for table `rbac_usuarios`
--

LOCK TABLES `rbac_usuarios` WRITE;
/*!40000 ALTER TABLE `rbac_usuarios` DISABLE KEYS */;
INSERT INTO `rbac_usuarios` VALUES (4,2,'admin','8d969eef6ecad3c29a3a629280e686cf0c3f5d5a86aff3ca12020c923adc6c92','ggomez@thefactoryhka.com',NULL,'','admin','main','admin',NULL,1,'1234567890',NULL,NULL,'',0,0,'2015-09-04','09:46:17',1,'2015-09-04','09:46:17',1,1,NULL,4),(16,2,'jramirez','15e2b0d3c33891ebb0f1ef609ec419420c20e320ce94c65fbc8c3312448eb225','jramirez@thefactoryhka.com',NULL,'','Jenny','Ramirez','Jenny',NULL,1,'12455455',NULL,212,'1555151',0,0,'2015-10-29','16:31:24',15,'2015-10-29','16:31:24',15,1,NULL,16),(17,2,'eferreira','51503a7ba4e36eca6f91292d5e3b6de9a8cddb7abc5547bd4d987cbb4883ba73','eferreira@thefactoryhka.com',NULL,'','Efrain','Ferreira','Efrain',NULL,1,'15455488',NULL,212,'1554545',0,0,'2015-10-29','16:37:16',16,'2015-10-29','16:37:16',16,1,NULL,17),(18,2,'jfigueira','15e2b0d3c33891ebb0f1ef609ec419420c20e320ce94c65fbc8c3312448eb225','jfigueira2@thefactoryhka.com',NULL,'','Sergio','Figueira','Sergio Figueira',NULL,1,'864776332',NULL,212,'1541212',0,0,'2015-11-02','14:58:31',4,'2015-11-02','14:58:31',4,1,NULL,18),(20,4,'hreggio','af3acc570413754e6dd9e24e488b280ab2fb79366a9a9e9b508bbff1845b6680','hreggio@thefactoryhka.com',NULL,'','Hugo','Reggio','Hugo Reggio',NULL,1,'15455455',NULL,212,'1541212',0,0,'2015-11-03','14:58:59',4,'2015-11-03','14:58:59',4,1,NULL,20),(26,4,'oavendano','ef797c8118f02dfb649607dd5d3f8c7623048c9c063d532cc95c5ed7a898a64f','oavendano@thefactoryhka.com',NULL,'','Omar','Avendaño','OMa Avendano',NULL,1,'123654000',NULL,NULL,'',0,0,'2015-11-30','16:35:33',16,'2015-11-30','16:35:33',16,1,NULL,26),(69,4,'rmatos','a46629b1f1e6c5c6809931489d125e6d803ba1a3ad59841abdb139c6fa784fce','rmatos@thefactoryhka.com',NULL,'','Ricardo','Matos','RicardoMatos',NULL,1,'1245789865',NULL,NULL,'',0,0,'2016-02-18','10:08:26',4,'2016-02-18','10:08:26',4,1,NULL,69),(104,3,'fullgestion','8d969eef6ecad3c29a3a629280e686cf0c3f5d5a86aff3ca12020c923adc6c92','info@fullgestionpanama.com',NULL,'','Jose','Pachano','FULLGESTION S.A','',1,'17749531700722','74',NULL,'',0,0,'2016-06-09','13:23:52',17,'2016-06-09','13:23:52',17,1,NULL,104),(105,8,'jlpp','8d969eef6ecad3c29a3a629280e686cf0c3f5d5a86aff3ca12020c923adc6c92','jlpachano@yahoo.com',NULL,'','Jose','Pachano','Jose Pachano',NULL,1,'056666227',NULL,69419090,'3998013',0,0,'2016-06-09','16:24:37',104,'2016-06-09','16:24:37',104,1,NULL,104),(106,8,'marygabyr','8d969eef6ecad3c29a3a629280e686cf0c3f5d5a86aff3ca12020c923adc6c92','marygabyr@hotmail.com',NULL,'','Maria','Rodriguez','Maria Rodriguez',NULL,1,'106698136',NULL,65283509,'3998013',0,0,'2016-06-09','16:31:52',104,'2016-06-09','16:31:52',104,1,NULL,104),(107,8,'damars','8d969eef6ecad3c29a3a629280e686cf0c3f5d5a86aff3ca12020c923adc6c92','info@damars.net',NULL,'','Emizael','Perez','Emizael Perez',NULL,1,'075566762',NULL,61432778,'3998013',0,0,'2016-06-09','16:42:54',104,'2016-06-09','16:42:54',104,1,NULL,104),(108,8,'mpachano','22093744945cd435e1a73da78faa0b2a42a9f3dce1ed5799401b5bac5a6631b3','operaciones@fullgestionpanama.com',NULL,'','Melany','Pachano','Melany Pachano',NULL,1,'057035080',NULL,62498284,'3998013',0,0,'2016-06-09','16:53:35',104,'2016-06-09','16:53:35',104,1,NULL,104),(109,8,'wilfredo','2055b99f58ea05abf43392206a3880d257007669aab37806c86050a43176671a','wuribe@setpanama.net',NULL,'','Wilfredo','Uribe','Wilfredo Uribe',NULL,1,'972268',NULL,69825956,'3998013',0,0,'2016-06-09','16:56:11',104,'2016-06-09','16:56:11',104,1,NULL,104),(110,8,'gustavo','81879a1b5f5e9e99a3f4f207dfedf9a0a1296ea7df5bcfdbdb3a85005e0931d4','ventas@fullgestionpanama.com',NULL,'','Gustavo','Torres','Gustavo Torres',NULL,1,'87322305',NULL,62670647,'3998013',0,0,'2016-06-10','15:53:35',104,'2016-06-10','15:53:35',104,1,NULL,104),(111,3,'tecnologiafiscal','9594a29cde93a4ebc4fd83f597eddc19870143644a0044a13d4ab79e803200de','gerencia@tecnofiscal.com',NULL,'','Francisco','Pardo','TECNOLOGIA FISCAL S A',NULL,1,'15560998622015',NULL,67991774,'2791992',0,0,'2016-06-15','16:06:16',17,'2016-06-15','16:06:16',17,1,NULL,111),(112,4,'lcabrera','1f43010a698f2a72307b4afe5704bd899646d239cf2cfcb5b4fb1bfd4d7a6cbe','lcabrera@thefactoryhka.com',NULL,'','Luis','Cabrera','Luis Cabrera',NULL,1,'1231233214',NULL,2147483647,'',0,0,'2016-06-16','07:43:29',16,'2016-06-16','07:43:29',16,1,NULL,112),(113,3,'josedasilva','8d969eef6ecad3c29a3a629280e686cf0c3f5d5a86aff3ca12020c923adc6c92','j.dasilva@smartbillpty.com',NULL,'','Jose','Dasilva','SMART BILL',NULL,1,'24073441805887DV7',NULL,65671033,'3951602',0,0,'2016-06-21','15:56:13',112,'2016-06-21','15:56:13',112,1,NULL,113),(114,3,'dacom','723d4d25597d5e0b2b850a54e0ab02b505d46d07006192787cca0e630c4cc2a5','soporte@dacompanama.com',NULL,'','Virginia','Rodriguez','DACOM PANAMA',NULL,1,'19826081737281DV77',NULL,NULL,'3211466',0,0,'2016-06-21','16:23:23',112,'2016-06-21','16:23:23',112,1,NULL,114),(115,3,'scricca','4888845b074446432e36f13d01cdce462fafc13cf766350a63331c7ddd6bbb3f','saintpanama@scricca.com.ve',NULL,'','BRIGGITT','PACHECO','L.A. SCRICCA ASESORES S.A.',NULL,1,'20163361742663DV60',NULL,66232556,'3896567',0,0,'2016-06-23','09:45:06',112,'2016-06-23','09:45:06',112,1,NULL,115),(118,8,'bp','4888845b074446432e36f13d01cdce462fafc13cf766350a63331c7ddd6bbb3f','lasapty@gmail.com',NULL,'','Briggitt','Pacheco','Briggitt Pacheco',NULL,1,'8NT2107999DV81',NULL,66232556,'3896567',0,0,'2016-06-23','15:32:29',115,'2016-06-23','15:32:29',115,1,NULL,115),(119,3,'soportec','9ecc5c27e0fd2c68800d15f364e65e323d7ff39d6e2d0bff1e6d3b9740f5b685','info@soportecpanama.com',NULL,'','CARLOS','GONZALEZ','SOPORTEC PANAMA',NULL,1,'8315379',NULL,65469848,'8367634',0,0,'2016-07-04','16:00:13',112,'2016-07-04','16:00:13',112,1,NULL,119),(120,8,'olivia','de1a5ed3466a3f2c06da269126a8348cc2dce3be84cf555b5a49660a2e18651f','oliviasoportec@gmail.com',NULL,'','OLIVIA','RODRIGUEZ','OLIVIA RODRIGUEZ',NULL,1,'21311004',NULL,NULL,'',0,0,'2016-07-05','17:48:59',119,'2016-07-05','17:48:59',119,1,NULL,119),(121,8,'jramos','b5dc6c4fece0d28f2a26c627ccc8814e822a274e7f25c501be13306903788d37','jramos@soportecpanama.com',NULL,'','Jose','Ramos','Jose Ramos',NULL,1,'130598640',NULL,65662350,'',0,0,'2016-07-05','17:51:27',119,'2016-07-05','17:51:27',119,1,NULL,119),(122,8,'enriqueo','bb1db9cce19c06dd2967548449889de515405218fd117adec3859b8949c69d20','enrique@soportecpanama.com',NULL,'','ENRIQUE','OLIVARES','ENRIQUE OLIVARES',NULL,1,'055662167',NULL,62685753,'',0,0,'2016-07-05','17:54:49',119,'2016-07-05','17:54:49',119,1,NULL,119),(123,8,'avasquez','a5d622d014d75398427c5f06e6ea030ccd66909a80f8a4c9d0484ba8fb37b355','avasquez@soportecpanama.com',NULL,'','AURA','VASQUEZ','AURA VASQUEZ',NULL,1,'2101234',NULL,NULL,'',0,0,'2016-07-05','18:01:32',119,'2016-07-05','18:01:32',119,1,NULL,119),(124,3,'micromac','8d969eef6ecad3c29a3a629280e686cf0c3f5d5a86aff3ca12020c923adc6c92','cesar_suarez@micromac.com.pa',NULL,'','CESAR','SUAREZ','MICROMAC S.A.','BETHANIA, VIA BOLIVAR Y VIA G. PATTERSON',1,'18027571705580','46',69806246,'2369116',0,0,'2016-07-12','11:06:10',112,'2016-07-12','11:06:10',112,1,NULL,124),(125,3,'marchasystems','8d969eef6ecad3c29a3a629280e686cf0c3f5d5a86aff3ca12020c923adc6c92','administracion@marchasystems.com',NULL,'','ARLETTE','CABRERA','MARCHA SYSTEMS, S.A.','CALLE 54 ESTE CASA FRENTE AL EDIFICIO MARBELLA TOWER1',1,'23191441732661','0',NULL,'',0,0,'2016-07-12','11:49:56',112,'2016-07-12','11:49:56',112,1,NULL,125),(126,8,'jorgecabrera','f3dacb33b2ce3f76920b83c41b7245b4cba14067af0657331d17ae34e2b4799b','jcabrera@marchasystems.com',NULL,'','jorge','cabrera','jorge cabrera','',1,'2319144179266100','0',NULL,'',0,0,'2016-07-12','12:30:43',125,'2016-07-12','12:30:43',125,1,NULL,125),(127,8,'amarchorro','884533774c3534c66cf83b16aae0ce98c9cda0209735955c988f1292ec311670','amarchorro@hotmail.com',NULL,'','andres','marchorro','andres marchorro','',1,'2544627152205','0',NULL,'',0,0,'2016-07-12','12:33:14',125,'2016-07-12','12:33:14',125,1,NULL,125),(128,3,'orionmultiservices','8d969eef6ecad3c29a3a629280e686cf0c3f5d5a86aff3ca12020c923adc6c92','karlavmillan@icg-panama.com',NULL,'','Karla','Millan','ORION MULTISERVICES S.A.','CALLE ELVIRA MENDEZ EDIF EL DORADO #24 PISO 2 OFIC #2 AY B',1,'7454021478761','28',61127797,'2692212',0,0,'2016-07-12','14:34:33',112,'2016-07-12','14:34:33',112,1,NULL,128);
/*!40000 ALTER TABLE `rbac_usuarios` ENABLE KEYS */;
UNLOCK TABLES;

--
-- Table structure for table `roles_type_files`
--

DROP TABLE IF EXISTS `roles_type_files`;
/*!40101 SET @saved_cs_client     = @@character_set_client */;
/*!40101 SET character_set_client = utf8 */;
CREATE TABLE `roles_type_files` (
  `id` int(11) NOT NULL AUTO_INCREMENT,
  `id_rol` int(11) DEFAULT NULL,
  `id_filetype` int(11) NOT NULL,
  `active` tinyint(1) NOT NULL,
  PRIMARY KEY (`id`),
  KEY `id_rol` (`id_rol`),
  KEY `id_filetype` (`id_filetype`),
  CONSTRAINT `roles_type_files_ibfk_1` FOREIGN KEY (`id_rol`) REFERENCES `rbac_roles` (`id`),
  CONSTRAINT `roles_type_files_ibfk_2` FOREIGN KEY (`id_filetype`) REFERENCES `files_types` (`id`)
) ENGINE=InnoDB AUTO_INCREMENT=44 DEFAULT CHARSET=latin1;
/*!40101 SET character_set_client = @saved_cs_client */;

--
-- Dumping data for table `roles_type_files`
--

LOCK TABLES `roles_type_files` WRITE;
/*!40000 ALTER TABLE `roles_type_files` DISABLE KEYS */;
INSERT INTO `roles_type_files` VALUES (1,2,1,1),(2,2,4,1),(5,2,11,1),(6,4,1,1),(7,4,4,1),(10,4,11,1),(12,2,17,1),(14,2,23,1),(16,4,17,1),(18,4,23,1),(19,6,1,1),(20,6,4,1),(21,6,11,1),(22,6,17,1),(23,6,23,1),(24,3,1,1),(25,3,4,1),(26,3,11,1),(27,3,17,1),(28,3,23,1),(29,5,1,1),(30,5,4,1),(31,5,11,1),(32,5,17,1),(33,5,23,1),(34,7,1,1),(35,7,4,1),(36,7,11,1),(37,7,17,1),(38,7,23,1),(39,8,1,1),(40,8,4,1),(41,8,11,1),(42,8,17,1),(43,8,23,1);
/*!40000 ALTER TABLE `roles_type_files` ENABLE KEYS */;
UNLOCK TABLES;

--
-- Table structure for table `social_reasons`
--

DROP TABLE IF EXISTS `social_reasons`;
/*!40101 SET @saved_cs_client     = @@character_set_client */;
/*!40101 SET character_set_client = utf8 */;
CREATE TABLE `social_reasons` (
  `id` int(11) NOT NULL AUTO_INCREMENT,
  `user_id` int(11) DEFAULT NULL,
  `name` varchar(200) COLLATE utf8_spanish_ci NOT NULL,
  `social_reason` varchar(100) COLLATE utf8_spanish_ci NOT NULL,
  `rnc` varchar(10) COLLATE utf8_spanish_ci NOT NULL,
  `phone` varchar(13) COLLATE utf8_spanish_ci NOT NULL,
  `address` text COLLATE utf8_spanish_ci NOT NULL,
  `active` tinyint(1) DEFAULT NULL,
  `created` datetime DEFAULT NULL,
  `modified` datetime DEFAULT NULL,
  PRIMARY KEY (`id`),
  KEY `user_id` (`user_id`),
  CONSTRAINT `social_reasons_ibfk_1` FOREIGN KEY (`user_id`) REFERENCES `rbac_usuarios` (`id`)
) ENGINE=InnoDB AUTO_INCREMENT=4 DEFAULT CHARSET=utf8 COLLATE=utf8_spanish_ci;
/*!40101 SET character_set_client = @saved_cs_client */;

--
-- Dumping data for table `social_reasons`
--

LOCK TABLES `social_reasons` WRITE;
/*!40000 ALTER TABLE `social_reasons` DISABLE KEYS */;
INSERT INTO `social_reasons` VALUES (1,4,'Thefactoryhka','Thefactoryhka','12345678','651561651655','panama',1,'2015-12-09 00:00:00',NULL),(2,4,'Guillermo','The Factory HKA','16871752','04142677404','Venezuela',1,'2015-12-09 11:57:26','2015-12-09 11:57:26'),(3,4,'tecnico1','tecnico1','123654000','1234567890','Panama',1,'2015-12-09 15:29:55','2015-12-09 15:29:55');
/*!40000 ALTER TABLE `social_reasons` ENABLE KEYS */;
UNLOCK TABLES;

--
-- Table structure for table `st_accesorios`
--

DROP TABLE IF EXISTS `st_accesorios`;
/*!40101 SET @saved_cs_client     = @@character_set_client */;
/*!40101 SET character_set_client = utf8 */;
CREATE TABLE `st_accesorios` (
  `id` int(11) NOT NULL,
  `nombre` varchar(45) DEFAULT NULL,
  `fecha` date DEFAULT NULL,
  PRIMARY KEY (`id`)
) ENGINE=InnoDB DEFAULT CHARSET=latin1;
/*!40101 SET character_set_client = @saved_cs_client */;

--
-- Dumping data for table `st_accesorios`
--

LOCK TABLES `st_accesorios` WRITE;
/*!40000 ALTER TABLE `st_accesorios` DISABLE KEYS */;
/*!40000 ALTER TABLE `st_accesorios` ENABLE KEYS */;
UNLOCK TABLES;

--
-- Table structure for table `st_accesorios_orden`
--

DROP TABLE IF EXISTS `st_accesorios_orden`;
/*!40101 SET @saved_cs_client     = @@character_set_client */;
/*!40101 SET character_set_client = utf8 */;
CREATE TABLE `st_accesorios_orden` (
  `id` int(11) NOT NULL,
  `id_orden` int(11) DEFAULT NULL,
  `id_accesorio` int(11) DEFAULT NULL,
  `fecha` date DEFAULT NULL,
  PRIMARY KEY (`id`)
) ENGINE=InnoDB DEFAULT CHARSET=latin1;
/*!40101 SET character_set_client = @saved_cs_client */;

--
-- Dumping data for table `st_accesorios_orden`
--

LOCK TABLES `st_accesorios_orden` WRITE;
/*!40000 ALTER TABLE `st_accesorios_orden` DISABLE KEYS */;
/*!40000 ALTER TABLE `st_accesorios_orden` ENABLE KEYS */;
UNLOCK TABLES;

--
-- Table structure for table `st_historial_ordenes`
--

DROP TABLE IF EXISTS `st_historial_ordenes`;
/*!40101 SET @saved_cs_client     = @@character_set_client */;
/*!40101 SET character_set_client = utf8 */;
CREATE TABLE `st_historial_ordenes` (
  `id` int(11) NOT NULL,
  `id_orden` int(11) DEFAULT NULL,
  `id_usuariorevision` int(11) DEFAULT NULL,
  `id_estatus` int(11) DEFAULT NULL,
  `descripcion` varchar(45) DEFAULT NULL,
  `fecha` date DEFAULT NULL,
  PRIMARY KEY (`id`)
) ENGINE=InnoDB DEFAULT CHARSET=latin1;
/*!40101 SET character_set_client = @saved_cs_client */;

--
-- Dumping data for table `st_historial_ordenes`
--

LOCK TABLES `st_historial_ordenes` WRITE;
/*!40000 ALTER TABLE `st_historial_ordenes` DISABLE KEYS */;
/*!40000 ALTER TABLE `st_historial_ordenes` ENABLE KEYS */;
UNLOCK TABLES;

--
-- Table structure for table `st_orden_envio`
--

DROP TABLE IF EXISTS `st_orden_envio`;
/*!40101 SET @saved_cs_client     = @@character_set_client */;
/*!40101 SET character_set_client = utf8 */;
CREATE TABLE `st_orden_envio` (
  `id` int(11) NOT NULL,
  `id_orden` int(11) DEFAULT NULL,
  `modo_envio` varchar(45) DEFAULT NULL,
  `numero_guia` decimal(10,0) DEFAULT NULL,
  `fecha` date DEFAULT NULL,
  `direccion_envio` varchar(45) DEFAULT NULL,
  `id_usuario` int(11) DEFAULT NULL,
  PRIMARY KEY (`id`)
) ENGINE=InnoDB DEFAULT CHARSET=latin1;
/*!40101 SET character_set_client = @saved_cs_client */;

--
-- Dumping data for table `st_orden_envio`
--

LOCK TABLES `st_orden_envio` WRITE;
/*!40000 ALTER TABLE `st_orden_envio` DISABLE KEYS */;
/*!40000 ALTER TABLE `st_orden_envio` ENABLE KEYS */;
UNLOCK TABLES;

--
-- Table structure for table `st_orden_servicio`
--

DROP TABLE IF EXISTS `st_orden_servicio`;
/*!40101 SET @saved_cs_client     = @@character_set_client */;
/*!40101 SET character_set_client = utf8 */;
CREATE TABLE `st_orden_servicio` (
  `id` int(11) NOT NULL,
  `id_distribuidor` int(11) DEFAULT NULL,
  `id_tecnico` int(11) DEFAULT NULL,
  `id_producto` int(11) DEFAULT NULL,
  `serial` varchar(45) DEFAULT NULL,
  `descripcion_falla` varchar(45) DEFAULT NULL,
  `revision_previa` varchar(45) DEFAULT NULL,
  `contacto` varchar(45) DEFAULT NULL,
  `telefono` varchar(45) DEFAULT NULL,
  `medio_envio` varchar(45) DEFAULT NULL,
  `medio_recepcion` varchar(45) DEFAULT NULL,
  `direccion_recepcion` varchar(45) DEFAULT NULL,
  `email` varchar(45) DEFAULT NULL,
  `fecha_registro` date DEFAULT NULL,
  `fecha_enajenacion` date DEFAULT NULL,
  `garantia` int(11) DEFAULT NULL,
  PRIMARY KEY (`id`)
) ENGINE=InnoDB DEFAULT CHARSET=latin1;
/*!40101 SET character_set_client = @saved_cs_client */;

--
-- Dumping data for table `st_orden_servicio`
--

LOCK TABLES `st_orden_servicio` WRITE;
/*!40000 ALTER TABLE `st_orden_servicio` DISABLE KEYS */;
/*!40000 ALTER TABLE `st_orden_servicio` ENABLE KEYS */;
UNLOCK TABLES;

--
-- Table structure for table `st_registro_fotografico`
--

DROP TABLE IF EXISTS `st_registro_fotografico`;
/*!40101 SET @saved_cs_client     = @@character_set_client */;
/*!40101 SET character_set_client = utf8 */;
CREATE TABLE `st_registro_fotografico` (
  `id` int(11) NOT NULL,
  `path_imagen` varchar(45) DEFAULT NULL,
  `id_orden` int(11) DEFAULT NULL,
  `created_at` date DEFAULT NULL,
  PRIMARY KEY (`id`)
) ENGINE=InnoDB DEFAULT CHARSET=latin1;
/*!40101 SET character_set_client = @saved_cs_client */;

--
-- Dumping data for table `st_registro_fotografico`
--

LOCK TABLES `st_registro_fotografico` WRITE;
/*!40000 ALTER TABLE `st_registro_fotografico` DISABLE KEYS */;
/*!40000 ALTER TABLE `st_registro_fotografico` ENABLE KEYS */;
UNLOCK TABLES;

--
-- Temporary view structure for view `view_rbac_menus_usuarios`
--

DROP TABLE IF EXISTS `view_rbac_menus_usuarios`;
/*!50001 DROP VIEW IF EXISTS `view_rbac_menus_usuarios`*/;
SET @saved_cs_client     = @@character_set_client;
SET character_set_client = utf8;
/*!50001 CREATE VIEW `view_rbac_menus_usuarios` AS SELECT 
 1 AS `menu_id`,
 1 AS `menu_descripcion`,
 1 AS `menu_url`,
 1 AS `menu_url_tipo`,
 1 AS `menu_categoria`,
 1 AS `menu_orden`,
 1 AS `menu_icono`,
 1 AS `menu_modulo`,
 1 AS `menu_jerarquia`,
 1 AS `opcion_id`,
 1 AS `opcion_descripcion`,
 1 AS `opcion_opcion`,
 1 AS `opcion_url`,
 1 AS `opcion_url_tipo`,
 1 AS `opcion_categoria`,
 1 AS `opcion_orden`,
 1 AS `opcion_icono`,
 1 AS `opcion_jerarquia`,
 1 AS `rol_id`,
 1 AS `rol_descripcion`,
 1 AS `rol_principal`,
 1 AS `usuario_id`,
 1 AS `usuario_nombreusuario`,
 1 AS `usuario_email`,
 1 AS `rol_opcion_id`,
 1 AS `rol_opcion_usuario_id`*/;
SET character_set_client = @saved_cs_client;

--
-- Final view structure for view `view_rbac_menus_usuarios`
--

/*!50001 DROP VIEW IF EXISTS `view_rbac_menus_usuarios`*/;
/*!50001 SET @saved_cs_client          = @@character_set_client */;
/*!50001 SET @saved_cs_results         = @@character_set_results */;
/*!50001 SET @saved_col_connection     = @@collation_connection */;
/*!50001 SET character_set_client      = utf8 */;
/*!50001 SET character_set_results     = utf8 */;
/*!50001 SET collation_connection      = utf8_general_ci */;
/*!50001 CREATE ALGORITHM=UNDEFINED */
/*!50013 DEFINER=`root`@`localhost` SQL SECURITY DEFINER */
/*!50001 VIEW `view_rbac_menus_usuarios` AS select `rbac_menus`.`id` AS `menu_id`,`rbac_menus`.`descripcion` AS `menu_descripcion`,`rbac_menus`.`url` AS `menu_url`,`rbac_menus`.`url_tipo` AS `menu_url_tipo`,`rbac_menus`.`categoria` AS `menu_categoria`,`rbac_menus`.`orden` AS `menu_orden`,`rbac_menus`.`icono` AS `menu_icono`,`rbac_menus`.`modulo` AS `menu_modulo`,`rbac_menus`.`jerarquia` AS `menu_jerarquia`,`rbac_menu_opciones`.`id` AS `opcion_id`,`rbac_menu_opciones`.`descripcion` AS `opcion_descripcion`,`rbac_menu_opciones`.`opcion` AS `opcion_opcion`,`rbac_menu_opciones`.`url` AS `opcion_url`,`rbac_menu_opciones`.`url_tipo` AS `opcion_url_tipo`,`rbac_menu_opciones`.`categoria` AS `opcion_categoria`,`rbac_menu_opciones`.`orden` AS `opcion_orden`,`rbac_menu_opciones`.`icono` AS `opcion_icono`,`rbac_menu_opciones`.`jerarquia` AS `opcion_jerarquia`,`rbac_roles`.`id` AS `rol_id`,`rbac_roles`.`descripcion` AS `rol_descripcion`,`rbac_roles`.`principal` AS `rol_principal`,`rbac_usuarios`.`id` AS `usuario_id`,`rbac_usuarios`.`nombreusuario` AS `usuario_nombreusuario`,`rbac_usuarios`.`email` AS `usuario_email`,`rbac_roles_opciones`.`id` AS `rol_opcion_id`,`rbac_roles_opciones_usuarios`.`id` AS `rol_opcion_usuario_id` from (((((`rbac_menus` join `rbac_menu_opciones`) join `rbac_roles`) join `rbac_usuarios`) join `rbac_roles_opciones`) join `rbac_roles_opciones_usuarios`) where ((`rbac_menu_opciones`.`menu_id` = `rbac_menus`.`id`) and (`rbac_roles`.`id` = `rbac_roles_opciones`.`rol_id`) and (`rbac_usuarios`.`rol_id` = `rbac_roles`.`id`) and (`rbac_usuarios`.`id` = `rbac_roles_opciones_usuarios`.`usuario_id`) and (`rbac_roles_opciones`.`menu_opcion_id` = `rbac_menu_opciones`.`id`) and (`rbac_roles_opciones_usuarios`.`rol_opcion_id` = `rbac_roles_opciones`.`id`) and (`rbac_menus`.`estatus` = 1) and (`rbac_menu_opciones`.`estatus` = 1) and (`rbac_roles`.`estatus` = 1) and (`rbac_usuarios`.`estatus` = 1) and (`rbac_roles_opciones`.`estatus` = 1) and (`rbac_roles_opciones_usuarios`.`estatus` = 1)) order by `rbac_menus`.`orden`,`rbac_menu_opciones`.`orden` */;
/*!50001 SET character_set_client      = @saved_cs_client */;
/*!50001 SET character_set_results     = @saved_cs_results */;
/*!50001 SET collation_connection      = @saved_col_connection */;
/*!40103 SET TIME_ZONE=@OLD_TIME_ZONE */;

/*!40101 SET SQL_MODE=@OLD_SQL_MODE */;
/*!40014 SET FOREIGN_KEY_CHECKS=@OLD_FOREIGN_KEY_CHECKS */;
/*!40014 SET UNIQUE_CHECKS=@OLD_UNIQUE_CHECKS */;
/*!40101 SET CHARACTER_SET_CLIENT=@OLD_CHARACTER_SET_CLIENT */;
/*!40101 SET CHARACTER_SET_RESULTS=@OLD_CHARACTER_SET_RESULTS */;
/*!40101 SET COLLATION_CONNECTION=@OLD_COLLATION_CONNECTION */;
/*!40111 SET SQL_NOTES=@OLD_SQL_NOTES */;

-- Dump completed on 2016-08-12 14:08:53
